[2026-07-04T17:20:00.358Z] 🚀 Запуск локального сервера на http://localhost:3000
[2026-07-04T17:20:00.359Z]    БД: .wrangler/state/v3/d1/miniflare-D1DatabaseObject/77e38069f80f1e633c9f5aa7772a284a52b432b7fafc0a93a3719afdd1326ebf.sqlite
[2026-07-04T17:20:00.359Z]    Файлы: ./data/storage/
[2026-07-04T17:20:00.359Z]    Логи: ./data/logs/
[2026-07-04T17:20:00.361Z] ✅ Сервер слушает порт 3000
[2026-07-04T17:20:02.560Z] Таблица 'index_documents' успешно создана или уже существует
[2026-07-04T17:20:02.725Z] Нет записей до указанной даты.
[2026-07-04T17:22:14.622Z] 🚀 Запуск локального сервера на http://localhost:3000
[2026-07-04T17:22:14.623Z]    БД: .wrangler/state/v3/d1/miniflare-D1DatabaseObject/77e38069f80f1e633c9f5aa7772a284a52b432b7fafc0a93a3719afdd1326ebf.sqlite
[2026-07-04T17:22:14.623Z]    Файлы: ./data/storage/
[2026-07-04T17:22:14.623Z]    Логи: ./data/logs/
[2026-07-04T17:22:14.624Z] ✅ Сервер слушает порт 3000
[2026-07-04T17:22:24.110Z] Таблица 'index_documents' успешно создана или уже существует
[2026-07-04T17:22:24.381Z] Нет записей до указанной даты.
[2026-07-04T17:23:08.344Z] Нет записей до указанной даты.
[2026-07-04T17:25:41.404Z] 🚀 Запуск локального сервера на http://localhost:3000
[2026-07-04T17:25:41.405Z]    БД: .wrangler/state/v3/d1/miniflare-D1DatabaseObject/77e38069f80f1e633c9f5aa7772a284a52b432b7fafc0a93a3719afdd1326ebf.sqlite
[2026-07-04T17:25:41.405Z]    Файлы: ./data/storage/
[2026-07-04T17:25:41.405Z]    Логи: ./data/logs/
[2026-07-04T17:25:41.407Z] ✅ Сервер слушает порт 3000
[2026-07-04T17:25:43.818Z] Таблица 'index_documents' успешно создана или уже существует
[2026-07-04T17:25:43.841Z] Группы продуктов для магазина 20191117-BF71-40FE-8016-1E7E4A3A4780 не найдены.
[2026-07-04T17:26:23.045Z] Группы продуктов для магазина 20191117-BF71-40FE-8016-1E7E4A3A4780 не найдены.
[2026-07-04T17:26:23.192Z] Нет записей до указанной даты.
[2026-07-04T17:28:24.158Z] 🚀 Запуск локального сервера на http://localhost:3000
[2026-07-04T17:28:24.159Z]    БД: .wrangler/state/v3/d1/miniflare-D1DatabaseObject/77e38069f80f1e633c9f5aa7772a284a52b432b7fafc0a93a3719afdd1326ebf.sqlite
[2026-07-04T17:28:24.159Z]    Файлы: ./data/storage/
[2026-07-04T17:28:24.159Z]    Логи: ./data/logs/
[2026-07-04T17:28:24.160Z] ✅ Сервер слушает порт 3000
[2026-07-04T17:28:30.391Z] Таблица 'index_documents' успешно создана или уже существует
[2026-07-04T17:28:30.590Z] Группы продуктов для магазина 20191117-BF71-40FE-8016-1E7E4A3A4780 не найдены.
[2026-07-04T17:28:30.665Z] Нет записей до указанной даты.
[2026-07-04T17:28:37.958Z] [internal] Запуск задачи: синхронизация товаров
[2026-07-04T17:28:37.958Z] Таблица 'products' успешно создана или уже существует.
[2026-07-04T17:28:40.042Z] Fetching products for shop: 20191117-BF71-40FE-8016-1E7E4A3A4780
[2026-07-04T17:28:40.441Z] Обработано 1156 записей в таблице products
[2026-07-04T17:28:42.441Z] Fetching products for shop: 20190411-5A3A-40AC-80B3-8B405633C8BA
[2026-07-04T17:28:42.760Z] Обработано 884 записей в таблице products
[2026-07-04T17:28:44.761Z] Fetching products for shop: 20190327-A48C-407F-801F-DA33CB4FBBE9
[2026-07-04T17:28:45.116Z] Обработано 767 записей в таблице products
[2026-07-04T17:28:45.116Z] Product update task completed
[2026-07-04T17:28:45.126Z] Группы продуктов для магазина 20191117-BF71-40FE-8016-1E7E4A3A4780 не найдены.
[2026-07-04T17:29:48.302Z] Нет записей до указанной даты.
[2026-07-04T17:29:48.582Z] [internal] Запуск задачи: синхронизация товаров
[2026-07-04T17:29:48.582Z] Таблица 'products' успешно создана или уже существует.
[2026-07-04T17:29:50.625Z] Fetching products for shop: 20191117-BF71-40FE-8016-1E7E4A3A4780
[2026-07-04T17:29:50.976Z] Обработано 1156 записей в таблице products
[2026-07-04T17:29:52.977Z] Fetching products for shop: 20190411-5A3A-40AC-80B3-8B405633C8BA
[2026-07-04T17:29:53.301Z] Обработано 884 записей в таблице products
[2026-07-04T17:29:55.302Z] Fetching products for shop: 20190327-A48C-407F-801F-DA33CB4FBBE9
[2026-07-04T17:29:55.546Z] Обработано 767 записей в таблице products
[2026-07-04T17:29:55.546Z] Product update task completed
[2026-07-04T17:31:54.889Z] 🚀 Запуск локального сервера на http://localhost:3000
[2026-07-04T17:31:54.890Z]    БД: .wrangler/state/v3/d1/miniflare-D1DatabaseObject/77e38069f80f1e633c9f5aa7772a284a52b432b7fafc0a93a3719afdd1326ebf.sqlite
[2026-07-04T17:31:54.890Z]    Файлы: ./data/storage/
[2026-07-04T17:31:54.890Z]    Логи: ./data/logs/
[2026-07-04T17:31:54.892Z] ✅ Сервер слушает порт 3000
[2026-07-04T17:31:59.448Z] Таблица 'index_documents' успешно создана или уже существует
[2026-07-04T17:32:48.805Z] 🚀 Запуск локального сервера на http://localhost:3000
[2026-07-04T17:32:48.806Z]    БД: .wrangler/state/v3/d1/miniflare-D1DatabaseObject/77e38069f80f1e633c9f5aa7772a284a52b432b7fafc0a93a3719afdd1326ebf.sqlite
[2026-07-04T17:32:48.806Z]    Файлы: ./data/storage/
[2026-07-04T17:32:48.806Z]    Логи: ./data/logs/
[2026-07-04T17:32:48.808Z] ✅ Сервер слушает порт 3000
[2026-07-04T17:32:56.058Z] Таблица 'index_documents' успешно создана или уже существует
[2026-07-04T17:33:00.214Z] employeeRole: null
[2026-07-04T17:34:15.418Z] employeeRole: null
[2026-07-04T17:34:15.505Z] employeeRole: SUPERADMIN
[2026-07-04T17:34:15.529Z] Продукты для магазина 20191117-BF71-40FE-8016-1E7E4A3A4780 не найдены.
[2026-07-04T17:34:15.534Z] Продукты для магазина 20191117-BF71-40FE-8016-1E7E4A3A4780 не найдены.
[2026-07-04T17:34:15.778Z] Продукты для магазина 20190411-5A3A-40AC-80B3-8B405633C8BA не найдены.
[2026-07-04T17:34:15.794Z] Продукты для магазина 20190411-5A3A-40AC-80B3-8B405633C8BA не найдены.
[2026-07-04T17:34:15.862Z] Продукты для магазина 20190327-A48C-407F-801F-DA33CB4FBBE9 не найдены.
[2026-07-04T17:34:15.875Z] Продукты для магазина 20190327-A48C-407F-801F-DA33CB4FBBE9 не найдены.
[2026-07-04T17:34:15.961Z] Продукты для магазина 20191117-BF71-40FE-8016-1E7E4A3A4780 не найдены.
[2026-07-04T17:34:15.964Z] Продукты для магазина 20191117-BF71-40FE-8016-1E7E4A3A4780 не найдены.
[2026-07-04T17:34:16.038Z] Продукты для магазина 20190411-5A3A-40AC-80B3-8B405633C8BA не найдены.
[2026-07-04T17:34:16.043Z] Продукты для магазина 20190411-5A3A-40AC-80B3-8B405633C8BA не найдены.
[2026-07-04T17:34:16.107Z] Продукты для магазина 20190327-A48C-407F-801F-DA33CB4FBBE9 не найдены.
[2026-07-04T17:34:16.178Z] Продукты для магазина 20190327-A48C-407F-801F-DA33CB4FBBE9 не найдены.
[2026-07-04T17:35:08.923Z] Группы продуктов для магазина 20191117-BF71-40FE-8016-1E7E4A3A4780 не найдены.
[2026-07-04T17:35:09.930Z] Группы продуктов для магазина 20191117-BF71-40FE-8016-1E7E4A3A4780 не найдены.
[2026-07-04T17:36:52.243Z] 🚀 Запуск локального сервера на http://localhost:3000
[2026-07-04T17:36:52.244Z]    БД: .wrangler/state/v3/d1/miniflare-D1DatabaseObject/77e38069f80f1e633c9f5aa7772a284a52b432b7fafc0a93a3719afdd1326ebf.sqlite
[2026-07-04T17:36:52.244Z]    Файлы: ./data/storage/
[2026-07-04T17:36:52.245Z]    Логи: ./data/logs/
[2026-07-04T17:36:52.246Z] ✅ Сервер слушает порт 3000
[2026-07-04T17:36:56.008Z] Таблица 'index_documents' успешно создана или уже существует
[2026-07-04T17:36:56.010Z] Группы продуктов для магазина non-existent-shop не найдены.
[2026-07-04T17:36:59.650Z] employeeRole: SUPERADMIN
[2026-07-04T17:36:59.747Z] Продукты для магазина 20191117-BF71-40FE-8016-1E7E4A3A4780 не найдены.
[2026-07-04T17:36:59.766Z] Продукты для магазина 20191117-BF71-40FE-8016-1E7E4A3A4780 не найдены.
[2026-07-04T17:36:59.912Z] Продукты для магазина 20190411-5A3A-40AC-80B3-8B405633C8BA не найдены.
[2026-07-04T17:36:59.945Z] Продукты для магазина 20190411-5A3A-40AC-80B3-8B405633C8BA не найдены.
[2026-07-04T17:37:00.019Z] Продукты для магазина 20190327-A48C-407F-801F-DA33CB4FBBE9 не найдены.
[2026-07-04T17:37:00.020Z] Продукты для магазина 20190327-A48C-407F-801F-DA33CB4FBBE9 не найдены.
[2026-07-04T17:37:00.082Z] Продукты для магазина 20191117-BF71-40FE-8016-1E7E4A3A4780 не найдены.
[2026-07-04T17:37:00.089Z] Продукты для магазина 20191117-BF71-40FE-8016-1E7E4A3A4780 не найдены.
[2026-07-04T17:37:00.152Z] Продукты для магазина 20190411-5A3A-40AC-80B3-8B405633C8BA не найдены.
[2026-07-04T17:37:00.160Z] Продукты для магазина 20190411-5A3A-40AC-80B3-8B405633C8BA не найдены.
[2026-07-04T17:37:00.226Z] Продукты для магазина 20190327-A48C-407F-801F-DA33CB4FBBE9 не найдены.
[2026-07-04T17:37:00.383Z] Продукты для магазина 20190327-A48C-407F-801F-DA33CB4FBBE9 не найдены.
[2026-07-04T17:38:42.199Z] Группы продуктов для магазина 20191117-BF71-40FE-8016-1E7E4A3A4780 не найдены.
[2026-07-04T17:41:36.797Z] 🚀 Запуск локального сервера на http://localhost:3000
[2026-07-04T17:41:36.798Z]    БД: .wrangler/state/v3/d1/miniflare-D1DatabaseObject/77e38069f80f1e633c9f5aa7772a284a52b432b7fafc0a93a3719afdd1326ebf.sqlite
[2026-07-04T17:41:36.798Z]    Файлы: ./data/storage/
[2026-07-04T17:41:36.798Z]    Логи: ./data/logs/
[2026-07-04T17:41:36.800Z] ✅ Сервер слушает порт 3000
[2026-07-04T17:41:40.545Z] Таблица 'index_documents' успешно создана или уже существует
[2026-07-04T17:41:49.276Z] No documents provided to saveNewIndexDocuments
[2026-07-04T17:41:49.276Z] Query results: 
[2026-07-04T17:41:49.360Z] No documents provided to saveNewIndexDocuments
[2026-07-04T17:42:25.551Z] 🚀 Запуск локального сервера на http://localhost:3000
[2026-07-04T17:42:25.552Z]    БД: .wrangler/state/v3/d1/miniflare-D1DatabaseObject/77e38069f80f1e633c9f5aa7772a284a52b432b7fafc0a93a3719afdd1326ebf.sqlite
[2026-07-04T17:42:25.552Z]    Файлы: ./data/storage/
[2026-07-04T17:42:25.552Z]    Логи: ./data/logs/
[2026-07-04T17:42:25.553Z] ✅ Сервер слушает порт 3000
[2026-07-04T17:42:28.860Z] Таблица 'index_documents' успешно создана или уже существует
[2026-07-04T17:42:38.153Z] No documents provided to saveNewIndexDocuments
[2026-07-04T17:42:38.154Z] Query results: 
[2026-07-04T17:42:38.233Z] No documents provided to saveNewIndexDocuments
[2026-07-04T17:42:39.159Z] AI report request received
[2026-07-04T17:42:39.757Z] AI report request received
[2026-07-04T17:42:39.757Z] start: 2026-07-02T03:00:00.000+0000 end: 2026-07-04T21:00:00.000+0000
[2026-07-04T17:42:40.481Z] employeeRole: null
[2026-07-04T17:42:40.580Z] 📄 Получено 0 документов для магазина 20191117-BF71-40FE-8016-1E7E4A3A4780
[2026-07-04T17:42:40.580Z] 📄 Получено 0 документов для магазина 20190411-5A3A-40AC-80B3-8B405633C8BA
[2026-07-04T17:42:40.580Z] 📄 Получено 0 документов для магазина 20190327-A48C-407F-801F-DA33CB4FBBE9
[2026-07-04T17:42:40.581Z] 📄 Получено 0 документов для магазина 20191117-BF71-40FE-8016-1E7E4A3A4780
[2026-07-04T17:42:40.581Z] 📄 Получено 0 документов для магазина 20190411-5A3A-40AC-80B3-8B405633C8BA
[2026-07-04T17:42:40.581Z] 📄 Получено 0 документов для магазина 20190327-A48C-407F-801F-DA33CB4FBBE9
[2026-07-04T17:42:40.584Z] Продукты для магазина 20191117-BF71-40FE-8016-1E7E4A3A4780 не найдены.
[2026-07-04T17:42:40.616Z] Продукты для магазина 20190411-5A3A-40AC-80B3-8B405633C8BA не найдены.
[2026-07-04T17:42:40.646Z] Продукты для магазина 20190327-A48C-407F-801F-DA33CB4FBBE9 не найдены.
[2026-07-04T17:43:19.714Z] Нет записей до указанной даты.
[2026-07-04T17:43:57.950Z] discrepancy: 
[2026-07-04T17:43:57.950Z] ok: 
[2026-07-04T17:43:57.956Z]  
[2026-07-04T17:43:57.957Z] Таблица 'schedule' успешно создана или уже существует.
[2026-07-04T17:43:57.957Z] startDate Invalid Date
[2026-07-04T17:43:57.957Z] endDate Invalid Date
[2026-07-04T17:43:57.958Z] startDate Invalid Date
[2026-07-04T17:43:57.958Z] endDate Invalid Date
[2026-07-04T17:43:57.958Z] Параметры запроса: [object Object]
[2026-07-04T17:43:57.958Z] Данные не найдены для периода с NaN.NaN.NaN по NaN.NaN.NaN и магазина undefined
[2026-07-04T17:43:57.961Z] [internal] Запуск задачи: синхронизация документов
[2026-07-04T17:43:57.962Z] Таблица 'index_documents' успешно создана или уже существует
[2026-07-04T17:43:57.968Z] [ensure90Days] Найдено пробелов: 1. Заполняем...
[2026-07-04T17:43:58.001Z] [ensure90Days] Загружаем 2026-07-04 → 2026-07-04...
[2026-07-04T17:43:58.114Z] [ensure90Days]   Получено 0 документов
[2026-07-04T17:43:58.114Z] No documents provided to saveNewIndexDocuments
[2026-07-04T17:43:58.114Z] [ensure90Days] Все пробелы заполнены
[2026-07-04T17:43:58.177Z] [syncDocuments] Новых документов за 24ч: 0
[2026-07-04T17:43:58.177Z] No documents provided to saveNewIndexDocuments
[2026-07-04T17:43:58.177Z] [syncDocuments] Синхронизация завершена
[2026-07-04T17:45:33.155Z] 🚀 Запуск локального сервера на http://localhost:3000
[2026-07-04T17:45:33.156Z]    БД: .wrangler/state/v3/d1/miniflare-D1DatabaseObject/77e38069f80f1e633c9f5aa7772a284a52b432b7fafc0a93a3719afdd1326ebf.sqlite
[2026-07-04T17:45:33.156Z]    Файлы: ./data/storage/
[2026-07-04T17:45:33.156Z]    Логи: ./data/logs/
[2026-07-04T17:45:33.157Z] ✅ Сервер слушает порт 3000
[2026-07-04T17:45:38.220Z] Таблица 'index_documents' успешно создана или уже существует
[2026-07-04T17:45:48.164Z] No documents provided to saveNewIndexDocuments
[2026-07-04T17:45:48.164Z] Query results: 
[2026-07-04T17:45:48.321Z] No documents provided to saveNewIndexDocuments
[2026-07-04T17:45:49.246Z] AI report request received
[2026-07-04T17:45:49.916Z] AI report request received
[2026-07-04T17:45:49.916Z] start: 2026-07-02T03:00:00.000+0000 end: 2026-07-04T21:00:00.000+0000
[2026-07-04T17:45:50.533Z] employeeRole: null
[2026-07-04T17:45:50.632Z] 📄 Получено 0 документов для магазина 20191117-BF71-40FE-8016-1E7E4A3A4780
[2026-07-04T17:45:50.632Z] 📄 Получено 0 документов для магазина 20190411-5A3A-40AC-80B3-8B405633C8BA
[2026-07-04T17:45:50.632Z] 📄 Получено 0 документов для магазина 20190327-A48C-407F-801F-DA33CB4FBBE9
[2026-07-04T17:45:50.632Z] 📄 Получено 0 документов для магазина 20191117-BF71-40FE-8016-1E7E4A3A4780
[2026-07-04T17:45:50.632Z] 📄 Получено 0 документов для магазина 20190411-5A3A-40AC-80B3-8B405633C8BA
[2026-07-04T17:45:50.632Z] 📄 Получено 0 документов для магазина 20190327-A48C-407F-801F-DA33CB4FBBE9
[2026-07-04T17:45:50.633Z] Продукты для магазина 20191117-BF71-40FE-8016-1E7E4A3A4780 не найдены.
[2026-07-04T17:45:50.662Z] Продукты для магазина 20190411-5A3A-40AC-80B3-8B405633C8BA не найдены.
[2026-07-04T17:45:50.692Z] Продукты для магазина 20190327-A48C-407F-801F-DA33CB4FBBE9 не найдены.
[2026-07-04T17:46:27.955Z] Нет записей до указанной даты.
[2026-07-04T17:47:06.753Z] discrepancy: 
[2026-07-04T17:47:06.753Z] ok: 
[2026-07-04T17:47:06.759Z]  
[2026-07-04T17:47:06.760Z] Таблица 'schedule' успешно создана или уже существует.
[2026-07-04T17:47:06.760Z] startDate Invalid Date
[2026-07-04T17:47:06.760Z] endDate Invalid Date
[2026-07-04T17:47:06.760Z] startDate Invalid Date
[2026-07-04T17:47:06.760Z] endDate Invalid Date
[2026-07-04T17:47:06.760Z] Параметры запроса: [object Object]
[2026-07-04T17:47:06.760Z] Данные не найдены для периода с NaN.NaN.NaN по NaN.NaN.NaN и магазина undefined
[2026-07-04T17:47:06.765Z] [internal] Запуск задачи: синхронизация документов
[2026-07-04T17:47:06.765Z] Таблица 'index_documents' успешно создана или уже существует
[2026-07-04T17:47:06.771Z] [ensure90Days] Найдено пробелов: 1. Заполняем...
[2026-07-04T17:47:06.814Z] [ensure90Days] Загружаем 2026-07-04 → 2026-07-04...
[2026-07-04T17:47:06.882Z] [ensure90Days]   Получено 0 документов
[2026-07-04T17:47:06.883Z] No documents provided to saveNewIndexDocuments
[2026-07-04T17:47:06.883Z] [ensure90Days] Все пробелы заполнены
[2026-07-04T17:47:06.950Z] [syncDocuments] Новых документов за 24ч: 0
[2026-07-04T17:47:06.951Z] No documents provided to saveNewIndexDocuments
[2026-07-04T17:47:06.951Z] [syncDocuments] Синхронизация завершена
[2026-07-04T17:53:01.686Z] 🚀 Запуск локального сервера на http://localhost:3000
[2026-07-04T17:53:01.687Z]    БД: ./data/local.db
[2026-07-04T17:53:01.687Z]    Файлы: ./data/storage/
[2026-07-04T17:53:01.688Z]    Логи: ./data/logs/
[2026-07-04T17:53:01.689Z] ✅ Сервер слушает порт 3000
[2026-07-04T17:53:06.684Z] Таблица 'index_documents' успешно создана или уже существует
[2026-07-04T17:53:06.695Z] [internal] Запуск задачи: синхронизация товаров
[2026-07-04T17:53:06.696Z] Таблица 'products' успешно создана или уже существует.
[2026-07-04T17:53:08.845Z] Fetching products for shop: 20191117-BF71-40FE-8016-1E7E4A3A4780
[2026-07-04T17:53:09.272Z] Обработано 1156 записей в таблице products
[2026-07-04T17:53:11.274Z] Fetching products for shop: 20190411-5A3A-40AC-80B3-8B405633C8BA
[2026-07-04T17:53:11.636Z] Обработано 884 записей в таблице products
[2026-07-04T17:53:13.637Z] Fetching products for shop: 20190327-A48C-407F-801F-DA33CB4FBBE9
[2026-07-04T17:53:13.994Z] Обработано 767 записей в таблице products
[2026-07-04T17:53:13.995Z] Product update task completed
[2026-07-04T17:53:23.344Z] No documents provided to saveNewIndexDocuments
[2026-07-04T17:53:23.344Z] Query results: 
[2026-07-04T17:53:23.419Z] No documents provided to saveNewIndexDocuments
[2026-07-04T17:53:24.467Z] AI report request received
[2026-07-04T17:53:25.066Z] AI report request received
[2026-07-04T17:53:25.066Z] start: 2026-07-02T03:00:00.000+0000 end: 2026-07-04T21:00:00.000+0000
[2026-07-04T17:53:25.697Z] employeeRole: null
[2026-07-04T17:53:25.828Z] 📄 Получено 0 документов для магазина 20191117-BF71-40FE-8016-1E7E4A3A4780
[2026-07-04T17:53:25.828Z] 📄 Получено 0 документов для магазина 20190411-5A3A-40AC-80B3-8B405633C8BA
[2026-07-04T17:53:25.828Z] 📄 Получено 0 документов для магазина 20190327-A48C-407F-801F-DA33CB4FBBE9
[2026-07-04T17:53:25.828Z] 📄 Получено 0 документов для магазина 20191117-BF71-40FE-8016-1E7E4A3A4780
[2026-07-04T17:53:25.828Z] 📄 Получено 0 документов для магазина 20190411-5A3A-40AC-80B3-8B405633C8BA
[2026-07-04T17:53:25.828Z] 📄 Получено 0 документов для магазина 20190327-A48C-407F-801F-DA33CB4FBBE9
[2026-07-04T17:53:25.830Z] План не найден, генерируем новый...
[2026-07-04T17:54:03.887Z] Нет записей до указанной даты.
[2026-07-04T17:54:35.473Z] employeeRole: SUPERADMIN
[2026-07-04T17:54:39.414Z] discrepancy: 
[2026-07-04T17:54:39.414Z] ok: 
[2026-07-04T17:54:39.426Z]  
[2026-07-04T17:54:39.426Z] Таблица 'schedule' успешно создана или уже существует.
[2026-07-04T17:54:39.426Z] startDate Invalid Date
[2026-07-04T17:54:39.427Z] endDate Invalid Date
[2026-07-04T17:54:39.428Z] startDate Invalid Date
[2026-07-04T17:54:39.428Z] endDate Invalid Date
[2026-07-04T17:54:39.428Z] Параметры запроса: [object Object]
[2026-07-04T17:54:39.429Z] Данные не найдены для периода с NaN.NaN.NaN по NaN.NaN.NaN и магазина undefined
[2026-07-04T17:54:39.435Z] [internal] Запуск задачи: синхронизация документов
[2026-07-04T17:54:39.435Z] Таблица 'index_documents' успешно создана или уже существует
[2026-07-04T17:54:39.436Z] [ensure90Days] Найдено пробелов: 1. Заполняем...
[2026-07-04T17:54:39.475Z] [ensure90Days] Загружаем 2026-07-04 → 2026-07-04...
[2026-07-04T17:54:39.516Z] [ensure90Days]   Получено 0 документов
[2026-07-04T17:54:39.516Z] No documents provided to saveNewIndexDocuments
[2026-07-04T17:54:39.516Z] [ensure90Days] Все пробелы заполнены
[2026-07-04T17:54:39.547Z] [syncDocuments] Новых документов за 24ч: 0
[2026-07-04T17:54:39.547Z] No documents provided to saveNewIndexDocuments
[2026-07-04T17:54:39.547Z] [syncDocuments] Синхронизация завершена
[2026-07-04T17:55:29.861Z] employeeRole: SUPERADMIN
[2026-07-04T17:56:00.966Z] 🚀 Запуск локального сервера на http://localhost:3000
[2026-07-04T17:56:00.967Z]    БД: ./data/local.db
[2026-07-04T17:56:00.967Z]    Файлы: ./data/storage/
[2026-07-04T17:56:00.968Z]    Логи: ./data/logs/
[2026-07-04T17:56:00.969Z] ✅ Сервер слушает порт 3000
[2026-07-04T17:56:06.246Z] Таблица 'index_documents' успешно создана или уже существует
[2026-07-04T17:56:06.258Z] [internal] Запуск задачи: синхронизация товаров
[2026-07-04T17:56:06.258Z] Таблица 'products' успешно создана или уже существует.
[2026-07-04T17:56:08.354Z] Fetching products for shop: 20191117-BF71-40FE-8016-1E7E4A3A4780
[2026-07-04T17:56:08.648Z] Обработано 1156 записей в таблице products
[2026-07-04T17:56:10.649Z] Fetching products for shop: 20190411-5A3A-40AC-80B3-8B405633C8BA
[2026-07-04T17:56:11.156Z] Обработано 884 записей в таблице products
[2026-07-04T17:56:13.157Z] Fetching products for shop: 20190327-A48C-407F-801F-DA33CB4FBBE9
[2026-07-04T17:56:13.485Z] Обработано 767 записей в таблице products
[2026-07-04T17:56:13.485Z] Product update task completed
[2026-07-04T17:56:22.498Z] No documents provided to saveNewIndexDocuments
[2026-07-04T17:56:22.498Z] Query results: 
[2026-07-04T17:56:22.612Z] No documents provided to saveNewIndexDocuments
[2026-07-04T17:56:23.507Z] AI report request received
[2026-07-04T17:56:24.117Z] AI report request received
[2026-07-04T17:56:24.118Z] start: 2026-07-02T03:00:00.000+0000 end: 2026-07-04T21:00:00.000+0000
[2026-07-04T17:56:24.720Z] employeeRole: null
[2026-07-04T17:56:24.841Z] 📄 Получено 0 документов для магазина 20191117-BF71-40FE-8016-1E7E4A3A4780
[2026-07-04T17:56:24.841Z] 📄 Получено 0 документов для магазина 20190411-5A3A-40AC-80B3-8B405633C8BA
[2026-07-04T17:56:24.841Z] 📄 Получено 0 документов для магазина 20190327-A48C-407F-801F-DA33CB4FBBE9
[2026-07-04T17:56:24.841Z] 📄 Получено 0 документов для магазина 20191117-BF71-40FE-8016-1E7E4A3A4780
[2026-07-04T17:56:24.842Z] 📄 Получено 0 документов для магазина 20190411-5A3A-40AC-80B3-8B405633C8BA
[2026-07-04T17:56:24.842Z] 📄 Получено 0 документов для магазина 20190327-A48C-407F-801F-DA33CB4FBBE9
[2026-07-04T17:56:24.843Z] Продукты для магазина 20191117-BF71-40FE-8016-1E7E4A3A4780 не найдены.
[2026-07-04T17:56:24.883Z] Продукты для магазина 20190411-5A3A-40AC-80B3-8B405633C8BA не найдены.
[2026-07-04T17:56:24.946Z] Продукты для магазина 20190327-A48C-407F-801F-DA33CB4FBBE9 не найдены.
[2026-07-04T17:57:14.268Z] Группы продуктов для магазина 20251229-316B-40A1-80F7-C59E5B8E6831 не найдены.
[2026-07-04T17:57:14.270Z] Нет записей до указанной даты.
[2026-07-04T17:58:02.081Z] employeeRole: SUPERADMIN
[2026-07-04T17:58:02.108Z] Продукты для магазина 20191117-BF71-40FE-8016-1E7E4A3A4780 не найдены.
[2026-07-04T17:58:02.111Z] Продукты для магазина 20191117-BF71-40FE-8016-1E7E4A3A4780 не найдены.
[2026-07-04T17:58:02.186Z] Продукты для магазина 20190411-5A3A-40AC-80B3-8B405633C8BA не найдены.
[2026-07-04T17:58:02.208Z] Продукты для магазина 20190411-5A3A-40AC-80B3-8B405633C8BA не найдены.
[2026-07-04T17:58:02.224Z] Продукты для магазина 20190327-A48C-407F-801F-DA33CB4FBBE9 не найдены.
[2026-07-04T17:58:02.242Z] Продукты для магазина 20190327-A48C-407F-801F-DA33CB4FBBE9 не найдены.
[2026-07-04T17:58:02.258Z] Продукты для магазина 20191117-BF71-40FE-8016-1E7E4A3A4780 не найдены.
[2026-07-04T17:58:02.294Z] Продукты для магазина 20191117-BF71-40FE-8016-1E7E4A3A4780 не найдены.
[2026-07-04T17:58:02.326Z] Продукты для магазина 20190411-5A3A-40AC-80B3-8B405633C8BA не найдены.
[2026-07-04T17:58:02.357Z] Продукты для магазина 20190327-A48C-407F-801F-DA33CB4FBBE9 не найдены.
[2026-07-04T17:58:02.407Z] Продукты для магазина 20190411-5A3A-40AC-80B3-8B405633C8BA не найдены.
[2026-07-04T17:58:02.441Z] Продукты для магазина 20190327-A48C-407F-801F-DA33CB4FBBE9 не найдены.
[2026-07-04T17:58:04.773Z] discrepancy: 
[2026-07-04T17:58:04.773Z] ok: 
[2026-07-04T17:58:04.784Z]  
[2026-07-04T17:58:04.784Z] Таблица 'schedule' успешно создана или уже существует.
[2026-07-04T17:58:04.785Z] startDate Invalid Date
[2026-07-04T17:58:04.785Z] endDate Invalid Date
[2026-07-04T17:58:04.786Z] startDate Invalid Date
[2026-07-04T17:58:04.786Z] endDate Invalid Date
[2026-07-04T17:58:04.786Z] Параметры запроса: [object Object]
[2026-07-04T17:58:04.786Z] Данные не найдены для периода с NaN.NaN.NaN по NaN.NaN.NaN и магазина undefined
[2026-07-04T17:58:04.792Z] [internal] Запуск задачи: синхронизация документов
[2026-07-04T17:58:04.792Z] Таблица 'index_documents' успешно создана или уже существует
[2026-07-04T17:58:04.793Z] [ensure90Days] Найдено пробелов: 1. Заполняем...
[2026-07-04T17:58:04.834Z] [ensure90Days] Загружаем 2026-07-04 → 2026-07-04...
[2026-07-04T17:58:04.874Z] [ensure90Days]   Получено 0 документов
[2026-07-04T17:58:04.874Z] No documents provided to saveNewIndexDocuments
[2026-07-04T17:58:04.874Z] [ensure90Days] Все пробелы заполнены
[2026-07-04T17:58:04.921Z] [syncDocuments] Новых документов за 24ч: 0
[2026-07-04T17:58:04.921Z] No documents provided to saveNewIndexDocuments
[2026-07-04T17:58:04.921Z] [syncDocuments] Синхронизация завершена
[2026-07-04T17:58:14.397Z] Группы продуктов для магазина 20191117-BF71-40FE-8016-1E7E4A3A4780 не найдены.
[2026-07-04T17:59:28.141Z] Продукты для магазина 20191117-BF71-40FE-8016-1E7E4A3A4780 не найдены.
[2026-07-04T17:59:28.142Z] Продукты для магазина 20191117-BF71-40FE-8016-1E7E4A3A4780 не найдены.
[2026-07-04T17:59:28.224Z] Продукты для магазина 20190411-5A3A-40AC-80B3-8B405633C8BA не найдены.
[2026-07-04T17:59:28.232Z] Продукты для магазина 20190411-5A3A-40AC-80B3-8B405633C8BA не найдены.
[2026-07-04T17:59:28.254Z] Продукты для магазина 20190327-A48C-407F-801F-DA33CB4FBBE9 не найдены.
[2026-07-04T17:59:28.262Z] Продукты для магазина 20190327-A48C-407F-801F-DA33CB4FBBE9 не найдены.
[2026-07-04T18:00:08.285Z] employeeRole: SUPERADMIN
[2026-07-04T18:00:08.308Z] Группы продуктов для магазина 20191117-BF71-40FE-8016-1E7E4A3A4780 не найдены.
[2026-07-04T18:00:11.086Z] Продукты для магазина 20191117-BF71-40FE-8016-1E7E4A3A4780 не найдены.
[2026-07-04T18:00:11.089Z] Продукты для магазина 20191117-BF71-40FE-8016-1E7E4A3A4780 не найдены.
[2026-07-04T18:00:11.195Z] Продукты для магазина 20190411-5A3A-40AC-80B3-8B405633C8BA не найдены.
[2026-07-04T18:00:11.207Z] Продукты для магазина 20190411-5A3A-40AC-80B3-8B405633C8BA не найдены.
[2026-07-04T18:00:11.226Z] Продукты для магазина 20190327-A48C-407F-801F-DA33CB4FBBE9 не найдены.
[2026-07-04T18:00:11.244Z] Продукты для магазина 20190327-A48C-407F-801F-DA33CB4FBBE9 не найдены.
[2026-07-04T18:00:11.265Z] Продукты для магазина 20191117-BF71-40FE-8016-1E7E4A3A4780 не найдены.
[2026-07-04T18:00:11.307Z] Продукты для магазина 20191117-BF71-40FE-8016-1E7E4A3A4780 не найдены.
[2026-07-04T18:00:11.315Z] Продукты для магазина 20190411-5A3A-40AC-80B3-8B405633C8BA не найдены.
[2026-07-04T18:00:11.350Z] Продукты для магазина 20190411-5A3A-40AC-80B3-8B405633C8BA не найдены.
[2026-07-04T18:00:11.355Z] Продукты для магазина 20190327-A48C-407F-801F-DA33CB4FBBE9 не найдены.
[2026-07-04T18:00:11.440Z] Продукты для магазина 20190327-A48C-407F-801F-DA33CB4FBBE9 не найдены.
[2026-07-04T18:01:32.111Z] employeeRole: SUPERADMIN
[2026-07-04T18:01:32.131Z] Продукты для магазина 20191117-BF71-40FE-8016-1E7E4A3A4780 не найдены.
[2026-07-04T18:01:32.134Z] Продукты для магазина 20191117-BF71-40FE-8016-1E7E4A3A4780 не найдены.
[2026-07-04T18:01:32.208Z] Продукты для магазина 20190411-5A3A-40AC-80B3-8B405633C8BA не найдены.
[2026-07-04T18:01:32.236Z] Продукты для магазина 20190411-5A3A-40AC-80B3-8B405633C8BA не найдены.
[2026-07-04T18:01:32.241Z] Продукты для магазина 20190327-A48C-407F-801F-DA33CB4FBBE9 не найдены.
[2026-07-04T18:01:32.267Z] Продукты для магазина 20190327-A48C-407F-801F-DA33CB4FBBE9 не найдены.
[2026-07-04T18:01:32.294Z] Продукты для магазина 20191117-BF71-40FE-8016-1E7E4A3A4780 не найдены.
[2026-07-04T18:01:32.307Z] Продукты для магазина 20191117-BF71-40FE-8016-1E7E4A3A4780 не найдены.
[2026-07-04T18:01:32.329Z] Продукты для магазина 20190411-5A3A-40AC-80B3-8B405633C8BA не найдены.
[2026-07-04T18:01:32.337Z] Продукты для магазина 20190411-5A3A-40AC-80B3-8B405633C8BA не найдены.
[2026-07-04T18:01:32.360Z] Продукты для магазина 20190327-A48C-407F-801F-DA33CB4FBBE9 не найдены.
[2026-07-04T18:01:32.382Z] Продукты для магазина 20190327-A48C-407F-801F-DA33CB4FBBE9 не найдены.
[2026-07-04T18:04:56.538Z] Продукты для магазина 20191117-BF71-40FE-8016-1E7E4A3A4780 не найдены.
[2026-07-04T18:04:56.718Z] Продукты для магазина 20190411-5A3A-40AC-80B3-8B405633C8BA не найдены.
[2026-07-04T18:04:56.797Z] Продукты для магазина 20190327-A48C-407F-801F-DA33CB4FBBE9 не найдены.
[2026-07-04T18:05:42.481Z] Группы продуктов для магазина 20191117-BF71-40FE-8016-1E7E4A3A4780 не найдены.
[2026-07-04T18:06:53.190Z] 🚀 Запуск локального сервера на http://localhost:3000
[2026-07-04T18:06:53.191Z]    БД: ./data/local.db
[2026-07-04T18:06:53.191Z]    Файлы: ./data/storage/
[2026-07-04T18:06:53.191Z]    Логи: ./data/logs/
[2026-07-04T18:06:53.192Z] ✅ Сервер слушает порт 3000
[2026-07-04T18:06:58.320Z] Таблица 'index_documents' успешно создана или уже существует
[2026-07-04T18:06:58.332Z] [internal] Запуск задачи: синхронизация товаров
[2026-07-04T18:06:58.332Z] Таблица 'products' успешно создана или уже существует.
[2026-07-04T18:06:58.332Z] Таблица 'shopProduct' успешно создана или уже существует.
[2026-07-04T18:07:00.446Z] Fetching products for shop: 20191117-BF71-40FE-8016-1E7E4A3A4780
[2026-07-04T18:07:00.945Z] Обработано 1156 записей в таблице products
[2026-07-04T18:08:30.415Z] 🚀 Запуск локального сервера на http://localhost:3000
[2026-07-04T18:08:30.416Z]    БД: ./data/local.db
[2026-07-04T18:08:30.416Z]    Файлы: ./data/storage/
[2026-07-04T18:08:30.416Z]    Логи: ./data/logs/
[2026-07-04T18:08:30.418Z] ✅ Сервер слушает порт 3000
[2026-07-04T18:08:36.284Z] Таблица 'index_documents' успешно создана или уже существует
[2026-07-04T18:08:36.296Z] [internal] Запуск задачи: синхронизация товаров
[2026-07-04T18:08:36.296Z] Таблица 'products' успешно создана или уже существует.
[2026-07-04T18:08:36.296Z] Таблица 'shopProduct' успешно создана или уже существует.
[2026-07-04T18:08:38.404Z] Fetching products for shop: 20191117-BF71-40FE-8016-1E7E4A3A4780
[2026-07-04T18:08:38.657Z] Обработано 1156 записей в таблице products
[2026-07-04T18:08:38.870Z] Обработано 1156 записей в таблице shopProduct
[2026-07-04T18:08:40.871Z] Fetching products for shop: 20190411-5A3A-40AC-80B3-8B405633C8BA
[2026-07-04T18:08:41.173Z] Обработано 884 записей в таблице products
[2026-07-04T18:08:41.176Z] employeeRole: SUPERADMIN
[2026-07-04T18:08:41.409Z] Обработано 884 записей в таблице shopProduct
[2026-07-04T18:08:43.411Z] Fetching products for shop: 20190327-A48C-407F-801F-DA33CB4FBBE9
[2026-07-04T18:08:43.785Z] Обработано 767 записей в таблице products
[2026-07-04T18:08:44.077Z] Обработано 767 записей в таблице shopProduct
[2026-07-04T18:08:44.077Z] Product update task completed
[2026-07-04T18:08:44.087Z] Группы продуктов для магазина 20191117-BF71-40FE-8016-1E7E4A3A4780 не найдены.
[2026-07-04T18:10:40.771Z] 🚀 Запуск локального сервера на http://localhost:3000
[2026-07-04T18:10:40.773Z]    БД: .wrangler/state/v3/d1/miniflare-D1DatabaseObject/77e38069f80f1e633c9f5aa7772a284a52b432b7fafc0a93a3719afdd1326ebf.sqlite
[2026-07-04T18:10:40.774Z]    Файлы: ./data/storage/
[2026-07-04T18:10:40.774Z]    Логи: ./data/logs/
[2026-07-04T18:10:40.775Z] ✅ Сервер слушает порт 3000
[2026-07-04T18:10:46.218Z] Таблица 'index_documents' успешно создана или уже существует
[2026-07-04T18:10:46.230Z] [internal] Запуск задачи: синхронизация товаров
[2026-07-04T18:10:46.230Z] Таблица 'products' успешно создана или уже существует.
[2026-07-04T18:10:46.230Z] Таблица 'shopProduct' успешно создана или уже существует.
[2026-07-04T18:10:48.343Z] Fetching products for shop: 20191117-BF71-40FE-8016-1E7E4A3A4780
[2026-07-04T18:10:48.556Z] Обработано 1156 записей в таблице products
[2026-07-04T18:10:48.715Z] Обработано 1156 записей в таблице shopProduct
[2026-07-04T18:10:50.717Z] Fetching products for shop: 20190411-5A3A-40AC-80B3-8B405633C8BA
[2026-07-04T18:10:51.091Z] Обработано 884 записей в таблице products
[2026-07-04T18:10:51.227Z] Обработано 884 записей в таблице shopProduct
[2026-07-04T18:10:53.228Z] Fetching products for shop: 20190327-A48C-407F-801F-DA33CB4FBBE9
[2026-07-04T18:10:53.647Z] Обработано 767 записей в таблице products
[2026-07-04T18:10:53.792Z] Обработано 767 записей в таблице shopProduct
[2026-07-04T18:10:53.792Z] Product update task completed
[2026-07-04T18:10:58.570Z] employeeRole: SUPERADMIN
[2026-07-04T18:10:58.579Z] План не найден, генерируем новый...
[2026-07-04T18:10:58.585Z] План не найден, генерируем новый...
[2026-07-04T18:11:50.826Z] 🚀 Запуск локального сервера на http://localhost:3000
[2026-07-04T18:11:50.827Z]    БД: ./data/local.db
[2026-07-04T18:11:50.827Z]    Файлы: ./data/storage/
[2026-07-04T18:11:50.827Z]    Логи: ./data/logs/
[2026-07-04T18:11:50.829Z] ✅ Сервер слушает порт 3000
[2026-07-04T18:11:58.980Z] Таблица 'index_documents' успешно создана или уже существует
[2026-07-04T18:11:59.184Z] employeeRole: null
[2026-07-04T18:12:00.898Z] [internal] Запуск задачи: синхронизация товаров
[2026-07-04T18:12:00.898Z] Таблица 'products' успешно создана или уже существует.
[2026-07-04T18:12:00.899Z] Таблица 'shopProduct' успешно создана или уже существует.
[2026-07-04T18:12:02.953Z] Fetching products for shop: 20191117-BF71-40FE-8016-1E7E4A3A4780
[2026-07-04T18:12:03.389Z] Обработано 1156 записей в таблице products
[2026-07-04T18:12:03.631Z] Обработано 1156 записей в таблице shopProduct
[2026-07-04T18:12:05.632Z] Fetching products for shop: 20190411-5A3A-40AC-80B3-8B405633C8BA
[2026-07-04T18:12:05.952Z] Обработано 884 записей в таблице products
[2026-07-04T18:12:06.166Z] Обработано 884 записей в таблице shopProduct
[2026-07-04T18:12:08.168Z] Fetching products for shop: 20190327-A48C-407F-801F-DA33CB4FBBE9
[2026-07-04T18:12:08.383Z] Обработано 767 записей в таблице products
[2026-07-04T18:12:08.499Z] Обработано 767 записей в таблице shopProduct
[2026-07-04T18:12:08.499Z] Product update task completed
[2026-07-04T18:12:11.942Z] employeeRole: null
[2026-07-04T18:12:11.975Z] employeeRole: SUPERADMIN
[2026-07-04T18:12:11.997Z] План не найден, генерируем новый...
[2026-07-04T18:12:11.999Z] План не найден, генерируем новый...
[2026-07-04T18:12:14.459Z] employeeRole: SUPERADMIN
[2026-07-04T18:14:23.580Z] employeeRole: SUPERADMIN
[2026-07-04T18:16:50.760Z] employeeRole: SUPERADMIN
[2026-07-04T18:20:49.164Z] [internal] Запуск задачи: синхронизация документов
[2026-07-04T18:20:49.165Z] Таблица 'index_documents' успешно создана или уже существует
[2026-07-04T18:20:49.165Z] [ensure90Days] Найдено пробелов: 1. Заполняем...
[2026-07-04T18:20:49.249Z] [ensure90Days] Загружаем 2026-07-04 → 2026-07-04...
[2026-07-04T18:20:49.373Z] [ensure90Days]   Получено 0 документов
[2026-07-04T18:20:49.374Z] No documents provided to saveNewIndexDocuments
[2026-07-04T18:20:49.374Z] [ensure90Days] Все пробелы заполнены
[2026-07-04T18:20:49.465Z] [syncDocuments] Новых документов за 24ч: 0
[2026-07-04T18:20:49.465Z] No documents provided to saveNewIndexDocuments
[2026-07-04T18:20:49.465Z] [syncDocuments] Синхронизация завершена
[2026-07-04T18:31:14.709Z] 🚀 Запуск локального сервера на http://localhost:3000
[2026-07-04T18:31:14.710Z]    БД: .wrangler/state/v3/d1/miniflare-D1DatabaseObject/77e38069f80f1e633c9f5aa7772a284a52b432b7fafc0a93a3719afdd1326ebf.sqlite
[2026-07-04T18:31:14.710Z]    Файлы: ./data/storage/
[2026-07-04T18:31:14.710Z]    Логи: ./data/logs/
[2026-07-04T18:31:14.712Z] ✅ Сервер слушает порт 3000
[2026-07-04T18:31:20.555Z] Таблица 'index_documents' успешно создана или уже существует
[2026-07-04T18:31:26.561Z] [internal] Запуск задачи: синхронизация товаров
[2026-07-04T18:31:26.561Z] Таблица 'products' успешно создана или уже существует.
[2026-07-04T18:31:26.561Z] Таблица 'shopProduct' успешно создана или уже существует.
[2026-07-04T18:31:28.649Z] Fetching products for shop: 20191117-BF71-40FE-8016-1E7E4A3A4780
[2026-07-04T18:31:29.086Z] Обработано 1156 записей в таблице products
[2026-07-04T18:31:29.238Z] Обработано 1156 записей в таблице shopProduct
[2026-07-04T18:31:31.238Z] Fetching products for shop: 20190411-5A3A-40AC-80B3-8B405633C8BA
[2026-07-04T18:31:31.680Z] Обработано 884 записей в таблице products
[2026-07-04T18:31:31.974Z] Обработано 884 записей в таблице shopProduct
[2026-07-04T18:31:33.974Z] Fetching products for shop: 20190327-A48C-407F-801F-DA33CB4FBBE9
[2026-07-04T18:31:34.286Z] Обработано 767 записей в таблице products
[2026-07-04T18:31:34.494Z] Обработано 767 записей в таблице shopProduct
[2026-07-04T18:31:34.495Z] Product update task completed
[2026-07-04T18:31:40.328Z] [internal] Запуск задачи: синхронизация документов
[2026-07-04T18:31:40.328Z] Таблица 'index_documents' успешно создана или уже существует
[2026-07-04T18:31:40.332Z] [ensure90Days] Найдено пробелов: 1. Заполняем...
[2026-07-04T18:31:40.445Z] [ensure90Days] Загружаем 2026-07-04 → 2026-07-04...
[2026-07-04T18:31:40.724Z] [ensure90Days]   Получено 0 документов
[2026-07-04T18:31:40.725Z] No documents provided to saveNewIndexDocuments
[2026-07-04T18:31:40.725Z] [ensure90Days] Все пробелы заполнены
[2026-07-04T18:31:41.011Z] [syncDocuments] Новых документов за 24ч: 0
[2026-07-04T18:31:41.011Z] No documents provided to saveNewIndexDocuments
[2026-07-04T18:31:41.011Z] [syncDocuments] Синхронизация завершена
[2026-07-04T18:31:41.243Z] План не найден, генерируем новый...
[2026-07-04T18:31:41.247Z] План не найден, генерируем новый...
[2026-07-04T18:31:41.642Z] employeeRole: SUPERADMIN
[2026-07-04T18:37:28.668Z] 🚀 Запуск локального сервера на http://localhost:3000
[2026-07-04T18:37:28.669Z]    БД: .wrangler/state/v3/d1/miniflare-D1DatabaseObject/77e38069f80f1e633c9f5aa7772a284a52b432b7fafc0a93a3719afdd1326ebf.sqlite
[2026-07-04T18:37:28.669Z]    Файлы: ./data/storage/
[2026-07-04T18:37:28.669Z]    Логи: ./data/logs/
[2026-07-04T18:37:28.671Z] ✅ Сервер слушает порт 3000
[2026-07-04T18:37:34.910Z] Таблица 'index_documents' успешно создана или уже существует
[2026-07-04T18:37:34.929Z] [internal] Запуск задачи: синхронизация документов
[2026-07-04T18:37:34.930Z] Таблица 'index_documents' успешно создана или уже существует
[2026-07-04T18:37:34.930Z] [ensure90Days] Найдено пробелов: 1. Заполняем...
[2026-07-04T18:37:35.197Z] [ensure90Days] Загружаем 2026-07-04 → 2026-07-04...
[2026-07-04T18:37:35.873Z] [ensure90Days]   Получено 0 документов
[2026-07-04T18:37:35.874Z] No documents provided to saveNewIndexDocuments
[2026-07-04T18:37:35.874Z] [ensure90Days] Все пробелы заполнены
[2026-07-04T18:37:36.778Z] [syncDocuments] Новых документов за 24ч: 0
[2026-07-04T18:37:36.779Z] No documents provided to saveNewIndexDocuments
[2026-07-04T18:37:36.779Z] [syncDocuments] Синхронизация завершена
[2026-07-04T18:39:35.963Z] [internal] Запуск задачи: синхронизация документов
[2026-07-04T18:39:35.963Z] Таблица 'index_documents' успешно создана или уже существует
[2026-07-04T18:39:35.964Z] [ensure90Days] Найдено пробелов: 1. Заполняем...
[2026-07-04T18:39:36.067Z] [ensure90Days] Загружаем 2026-07-04 → 2026-07-04...
[2026-07-04T18:39:36.902Z] [ensure90Days]   Получено 0 документов
[2026-07-04T18:39:36.902Z] No documents provided to saveNewIndexDocuments
[2026-07-04T18:39:36.902Z] [ensure90Days] Все пробелы заполнены
[2026-07-04T18:39:37.805Z] [syncDocuments] Новых документов за 24ч: 0
[2026-07-04T18:39:37.805Z] No documents provided to saveNewIndexDocuments
[2026-07-04T18:39:37.805Z] [syncDocuments] Синхронизация завершена
[2026-07-04T18:44:16.666Z] 🚀 Запуск локального сервера на http://localhost:3000
[2026-07-04T18:44:16.667Z]    БД: .wrangler/state/v3/d1/miniflare-D1DatabaseObject/77e38069f80f1e633c9f5aa7772a284a52b432b7fafc0a93a3719afdd1326ebf.sqlite
[2026-07-04T18:44:16.667Z]    Файлы: ./data/storage/
[2026-07-04T18:44:16.667Z]    Логи: ./data/logs/
[2026-07-04T18:44:16.668Z] ✅ Сервер слушает порт 3000
[2026-07-04T18:44:20.736Z] Таблица 'index_documents' успешно создана или уже существует
[2026-07-04T18:44:21.686Z] employeeRole: SUPERADMIN
[2026-07-04T18:48:37.767Z] 🚀 Запуск локального сервера на http://localhost:3000
[2026-07-04T18:48:37.768Z]    БД: .wrangler/state/v3/d1/miniflare-D1DatabaseObject/77e38069f80f1e633c9f5aa7772a284a52b432b7fafc0a93a3719afdd1326ebf.sqlite
[2026-07-04T18:48:37.768Z]    Файлы: ./data/storage/
[2026-07-04T18:48:37.768Z]    Логи: ./data/logs/
[2026-07-04T18:48:37.770Z] ✅ Сервер слушает порт 3000
[2026-07-04T18:48:44.862Z] Таблица 'index_documents' успешно создана или уже существует
[2026-07-04T18:53:40.123Z] 🚀 Запуск локального сервера на http://localhost:3000
[2026-07-04T18:53:40.125Z]    БД: .wrangler/state/v3/d1/miniflare-D1DatabaseObject/77e38069f80f1e633c9f5aa7772a284a52b432b7fafc0a93a3719afdd1326ebf.sqlite
[2026-07-04T18:53:40.125Z]    Файлы: ./data/storage/
[2026-07-04T18:53:40.125Z]    Логи: ./data/logs/
[2026-07-04T18:53:40.127Z] ✅ Сервер слушает порт 3000
[2026-07-04T18:53:43.721Z] Таблица 'index_documents' успешно создана или уже существует
[2026-07-04T18:53:43.940Z] employeeRole: SUPERADMIN
[2026-07-04T18:54:39.567Z] 🚀 Запуск локального сервера на http://localhost:3000
[2026-07-04T18:54:39.568Z]    БД: .wrangler/state/v3/d1/miniflare-D1DatabaseObject/77e38069f80f1e633c9f5aa7772a284a52b432b7fafc0a93a3719afdd1326ebf.sqlite
[2026-07-04T18:54:39.568Z]    Файлы: ./data/storage/
[2026-07-04T18:54:39.568Z]    Логи: ./data/logs/
[2026-07-04T18:54:39.570Z] ✅ Сервер слушает порт 3000
[2026-07-04T18:54:44.127Z] Таблица 'index_documents' успешно создана или уже существует
[2026-07-04T19:06:48.982Z] 🚀 Запуск локального сервера на http://localhost:3000
[2026-07-04T19:06:48.984Z]    БД: .wrangler/state/v3/d1/miniflare-D1DatabaseObject/77e38069f80f1e633c9f5aa7772a284a52b432b7fafc0a93a3719afdd1326ebf.sqlite
[2026-07-04T19:06:48.984Z]    Файлы: ./data/storage/
[2026-07-04T19:06:48.984Z]    Логи: ./data/logs/
[2026-07-04T19:06:48.985Z] ✅ Сервер слушает порт 3000
[2026-07-04T19:06:53.030Z] Таблица 'index_documents' успешно создана или уже существует
[2026-07-04T19:07:07.955Z] employeeRole: SUPERADMIN
[2026-07-04T19:08:14.761Z] 🚀 Запуск локального сервера на http://localhost:3000
[2026-07-04T19:08:14.762Z]    БД: .wrangler/state/v3/d1/miniflare-D1DatabaseObject/77e38069f80f1e633c9f5aa7772a284a52b432b7fafc0a93a3719afdd1326ebf.sqlite
[2026-07-04T19:08:14.762Z]    Файлы: ./data/storage/
[2026-07-04T19:08:14.762Z]    Логи: ./data/logs/
[2026-07-04T19:08:14.763Z] ✅ Сервер слушает порт 3000
[2026-07-04T19:08:16.610Z] Таблица 'index_documents' успешно создана или уже существует
[2026-07-04T19:10:20.797Z] 🚀 Запуск локального сервера на http://localhost:3000
[2026-07-04T19:10:20.798Z]    БД: .wrangler/state/v3/d1/miniflare-D1DatabaseObject/77e38069f80f1e633c9f5aa7772a284a52b432b7fafc0a93a3719afdd1326ebf.sqlite
[2026-07-04T19:10:20.798Z]    Файлы: ./data/storage/
[2026-07-04T19:10:20.798Z]    Логи: ./data/logs/
[2026-07-04T19:10:20.799Z] ✅ Сервер слушает порт 3000
[2026-07-04T19:10:25.060Z] Таблица 'index_documents' успешно создана или уже существует
[2026-07-04T20:02:38.802Z] 🚀 Запуск локального сервера на http://localhost:3000
[2026-07-04T20:02:38.804Z]    БД: .wrangler/state/v3/d1/miniflare-D1DatabaseObject/77e38069f80f1e633c9f5aa7772a284a52b432b7fafc0a93a3719afdd1326ebf.sqlite
[2026-07-04T20:02:38.804Z]    Файлы: ./data/storage/
[2026-07-04T20:02:38.804Z]    Логи: ./data/logs/
[2026-07-04T20:02:38.805Z] ✅ Сервер слушает порт 3000
[2026-07-04T20:02:44.559Z] Таблица 'index_documents' успешно создана или уже существует
[2026-07-04T20:02:44.835Z] employeeRole: SUPERADMIN
[2026-07-04T20:02:50.921Z] employeeRole: SUPERADMIN
[2026-07-05T06:40:57.205Z] 🚀 Запуск локального сервера на http://localhost:3000
[2026-07-05T06:40:57.206Z]    БД: .wrangler/state/v3/d1/miniflare-D1DatabaseObject/77e38069f80f1e633c9f5aa7772a284a52b432b7fafc0a93a3719afdd1326ebf.sqlite
[2026-07-05T06:40:57.206Z]    Файлы: ./data/storage/
[2026-07-05T06:40:57.206Z]    Логи: ./data/logs/
[2026-07-05T06:40:57.208Z] ✅ Сервер слушает порт 3000
[2026-07-05T06:41:08.900Z] Таблица 'index_documents' успешно создана или уже существует
[2026-07-05T06:43:04.000Z] 🚀 Запуск локального сервера на http://localhost:3000
[2026-07-05T06:43:04.001Z]    БД: .wrangler/state/v3/d1/miniflare-D1DatabaseObject/77e38069f80f1e633c9f5aa7772a284a52b432b7fafc0a93a3719afdd1326ebf.sqlite
[2026-07-05T06:43:04.001Z]    Файлы: ./data/storage/
[2026-07-05T06:43:04.001Z]    Логи: ./data/logs/
[2026-07-05T06:43:04.003Z] ✅ Сервер слушает порт 3000
[2026-07-05T06:43:12.810Z] Таблица 'index_documents' успешно создана или уже существует
[2026-07-05T06:43:27.870Z] employeeRole: SUPERADMIN
[2026-07-05T06:43:27.895Z] План не найден, генерируем новый...
[2026-07-05T06:43:27.898Z] План не найден, генерируем новый...
[2026-07-05T06:43:36.231Z] employeeRole: SUPERADMIN
[2026-07-05T06:46:36.024Z] 🚀 Запуск локального сервера на http://localhost:3000
[2026-07-05T06:46:36.025Z]    БД: .wrangler/state/v3/d1/miniflare-D1DatabaseObject/77e38069f80f1e633c9f5aa7772a284a52b432b7fafc0a93a3719afdd1326ebf.sqlite
[2026-07-05T06:46:36.025Z]    Файлы: ./data/storage/
[2026-07-05T06:46:36.025Z]    Логи: ./data/logs/
[2026-07-05T06:46:36.027Z] ✅ Сервер слушает порт 3000
[2026-07-05T06:46:47.594Z] Таблица 'index_documents' успешно создана или уже существует
[2026-07-06T06:31:35.097Z] 🚀 Запуск локального сервера на http://localhost:3000
[2026-07-06T06:31:35.098Z]    БД: .wrangler/state/v3/d1/miniflare-D1DatabaseObject/77e38069f80f1e633c9f5aa7772a284a52b432b7fafc0a93a3719afdd1326ebf.sqlite
[2026-07-06T06:31:35.098Z]    Файлы: ./data/storage/
[2026-07-06T06:31:35.098Z]    Логи: ./data/logs/
[2026-07-06T06:31:35.100Z] ✅ Сервер слушает порт 3000
[2026-07-06T06:31:50.846Z] Таблица 'index_documents' успешно создана или уже существует
[2026-07-06T06:34:27.101Z] 🚀 Запуск локального сервера на http://localhost:3000
[2026-07-06T06:34:27.102Z]    БД: .wrangler/state/v3/d1/miniflare-D1DatabaseObject/77e38069f80f1e633c9f5aa7772a284a52b432b7fafc0a93a3719afdd1326ebf.sqlite
[2026-07-06T06:34:27.102Z]    Файлы: ./data/storage/
[2026-07-06T06:34:27.102Z]    Логи: ./data/logs/
[2026-07-06T06:34:27.103Z] ✅ Сервер слушает порт 3000
[2026-07-06T06:34:31.037Z] Таблица 'index_documents' успешно создана или уже существует
[2026-07-06T06:34:49.055Z] RESPONSE: {
  "insights": [
    "Магазин 'Победа' за 05.07.2026 осуществил 78 продаж, все без возвратов, что указывает на высокую удовлетворенность клиентов.",
    "Выручка за день составила около 27 000 руб., 
[2026-07-06T06:34:51.009Z] RESPONSE: {
  "anomalies": [
    {
      "docId": "doc_8",
      "reason": "Цена равна себестоимости (нулевая наценка)",
      "details": "В чеке товар 'Сигареты Camel SS Play Mix' имеет цену 195 и себестоимост
[2026-07-06T06:34:53.461Z] RESPONSE: {
  "patterns": [
    {
      "description": "Основная специализация магазина — продажа сигарет и табачных изделий, которые составляют большинство транзакций.",
      "evidence": "Из 80 транзакций око
[2026-07-06T06:43:49.901Z] 🚀 Запуск локального сервера на http://localhost:3000
[2026-07-06T06:43:49.902Z]    БД: .wrangler/state/v3/d1/miniflare-D1DatabaseObject/77e38069f80f1e633c9f5aa7772a284a52b432b7fafc0a93a3719afdd1326ebf.sqlite
[2026-07-06T06:43:49.902Z]    Файлы: ./data/storage/
[2026-07-06T06:43:49.902Z]    Логи: ./data/logs/
[2026-07-06T06:43:49.903Z] ✅ Сервер слушает порт 3000
[2026-07-06T06:43:49.925Z] [cron] Планировщик запущен:
[2026-07-06T06:43:49.925Z]   syncDocuments      — каждые 30 минут
[2026-07-06T06:43:49.925Z]   updateProductsShope — каждые 6 часов
[2026-07-06T06:44:12.076Z] 🚀 Запуск локального сервера на http://localhost:3000
[2026-07-06T06:44:12.077Z]    БД: .wrangler/state/v3/d1/miniflare-D1DatabaseObject/77e38069f80f1e633c9f5aa7772a284a52b432b7fafc0a93a3719afdd1326ebf.sqlite
[2026-07-06T06:44:12.077Z]    Файлы: ./data/storage/
[2026-07-06T06:44:12.077Z]    Логи: ./data/logs/
[2026-07-06T06:44:12.078Z] ✅ Сервер слушает порт 3000
[2026-07-06T06:44:12.089Z] [cron] Планировщик запущен:
[2026-07-06T06:44:12.089Z]   syncDocuments      — каждые 30 минут
[2026-07-06T06:44:12.089Z]   updateProductsShope — каждые 6 часов
[2026-07-06T06:44:14.081Z] [cron] первичная синхронизация — запуск...
[2026-07-06T06:44:14.082Z] Таблица 'index_documents' успешно создана или уже существует
[2026-07-06T06:44:14.087Z] [ensureDays] Найдено пробелов: 1. Заполняем...
[2026-07-06T06:44:16.336Z] [ensureDays] Загружаем 2026-07-06 → 2026-07-06...
[2026-07-06T06:44:17.440Z] [ensureDays]   Получено 50 документов
[2026-07-06T06:44:17.443Z] Successfully inserted 50 documents (duplicates skipped)
[2026-07-06T06:44:17.443Z] [ensureDays] Все пробелы заполнены
[2026-07-06T06:44:18.361Z] Таблица 'index_documents' успешно создана или уже существует
[2026-07-06T06:44:18.990Z] [syncDocuments] Новых документов за 24ч: 221
[2026-07-06T06:44:18.993Z] Successfully inserted 221 documents (duplicates skipped)
[2026-07-06T06:44:18.993Z] [syncDocuments] Синхронизация завершена
[2026-07-06T06:44:18.993Z] [cron] первичная синхронизация — завершено (4912ms)
[2026-07-06T06:46:46.611Z] employeeRole: SUPERADMIN
[2026-07-06T06:47:43.671Z] Нет записей до указанной даты.
[2026-07-06T06:47:44.595Z] Список групп пуст, возвращаем пустой массив.
[2026-07-06T06:47:44.822Z] Список групп пуст, возвращаем пустой массив.
[2026-07-06T06:47:45.867Z] Список групп пуст, возвращаем пустой массив.
[2026-07-06T06:47:46.510Z] Список групп пуст, возвращаем пустой массив.
[2026-07-06T07:26:29.492Z] 🚀 Запуск локального сервера на http://localhost:3000
[2026-07-06T07:26:29.493Z]    БД: .wrangler/state/v3/d1/miniflare-D1DatabaseObject/77e38069f80f1e633c9f5aa7772a284a52b432b7fafc0a93a3719afdd1326ebf.sqlite
[2026-07-06T07:26:29.493Z]    Файлы: ./data/storage/
[2026-07-06T07:26:29.493Z]    Логи: ./data/logs/
[2026-07-06T07:26:29.494Z] ✅ Сервер слушает порт 3000
[2026-07-06T07:26:29.504Z] [cron] Планировщик запущен:
[2026-07-06T07:26:29.505Z]   syncDocuments      — каждые 30 минут
[2026-07-06T07:26:29.505Z]   updateProductsShope — каждые 6 часов
[2026-07-06T07:26:31.495Z] [cron] первичная синхронизация — запуск...
[2026-07-06T07:26:31.497Z] Таблица 'index_documents' успешно создана или уже существует
[2026-07-06T07:26:31.503Z] [ensureDays] Найдено пробелов: 1. Заполняем...
[2026-07-06T07:26:33.721Z] [ensureDays] Загружаем 2026-07-06 → 2026-07-06...
[2026-07-06T07:26:34.864Z] [ensureDays]   Получено 62 документов
[2026-07-06T07:26:34.866Z] Successfully inserted 62 documents (duplicates skipped)
[2026-07-06T07:26:34.866Z] [ensureDays] Все пробелы заполнены
[2026-07-06T07:26:36.381Z] [syncDocuments] Новых документов за 24ч: 233
[2026-07-06T07:26:36.383Z] Successfully inserted 233 documents (duplicates skipped)
[2026-07-06T07:26:36.384Z] [syncDocuments] Синхронизация завершена
[2026-07-06T07:26:36.384Z] [cron] первичная синхронизация — завершено (4889ms)
[2026-07-06T07:27:31.567Z] Таблица 'index_documents' успешно создана или уже существует
[2026-07-06T07:27:36.700Z] employeeRole: SUPERADMIN
[2026-07-06T07:27:39.363Z] employeeRole: SUPERADMIN
[2026-07-06T07:29:47.343Z] 🚀 Запуск локального сервера на http://localhost:3000
[2026-07-06T07:29:47.344Z]    БД: .wrangler/state/v3/d1/miniflare-D1DatabaseObject/77e38069f80f1e633c9f5aa7772a284a52b432b7fafc0a93a3719afdd1326ebf.sqlite
[2026-07-06T07:29:47.344Z]    Файлы: ./data/storage/
[2026-07-06T07:29:47.344Z]    Логи: ./data/logs/
[2026-07-06T07:30:10.103Z] 🚀 Запуск локального сервера на http://localhost:3000
[2026-07-06T07:30:10.104Z]    БД: .wrangler/state/v3/d1/miniflare-D1DatabaseObject/77e38069f80f1e633c9f5aa7772a284a52b432b7fafc0a93a3719afdd1326ebf.sqlite
[2026-07-06T07:30:10.104Z]    Файлы: ./data/storage/
[2026-07-06T07:30:10.104Z]    Логи: ./data/logs/
[2026-07-06T07:30:10.105Z] ✅ Сервер слушает порт 3000
[2026-07-06T07:30:10.115Z] [cron] Планировщик запущен:
[2026-07-06T07:30:10.116Z]   syncDocuments      — каждые 30 минут
[2026-07-06T07:30:10.116Z]   updateProductsShope — каждые 6 часов
[2026-07-06T07:30:12.107Z] [cron] первичная синхронизация — запуск...
[2026-07-06T07:30:12.108Z] Таблица 'index_documents' успешно создана или уже существует
[2026-07-06T07:30:12.111Z] [ensureDays] Найдено пробелов: 1. Заполняем...
[2026-07-06T07:30:17.297Z] [ensureDays] Загружаем 2026-07-06 → 2026-07-06...
[2026-07-06T07:30:18.499Z] [ensureDays]   Получено 63 документов
[2026-07-06T07:30:18.500Z] Successfully inserted 63 documents (duplicates skipped)
[2026-07-06T07:30:18.500Z] [ensureDays] Все пробелы заполнены
[2026-07-06T07:30:19.385Z] Таблица 'index_documents' успешно создана или уже существует
[2026-07-06T07:30:19.989Z] [syncDocuments] Новых документов за 24ч: 234
[2026-07-06T07:30:19.991Z] Successfully inserted 234 documents (duplicates skipped)
[2026-07-06T07:30:19.992Z] [syncDocuments] Синхронизация завершена
[2026-07-06T07:30:19.992Z] [cron] первичная синхронизация — завершено (7885ms)
[2026-07-06T07:32:10.813Z] employeeRole: SUPERADMIN
[2026-07-06T07:32:15.317Z] employeeRole: SUPERADMIN
[2026-07-06T07:32:17.420Z] employeeRole: SUPERADMIN
[2026-07-06T07:35:56.648Z] 🚀 Запуск локального сервера на http://localhost:3000
[2026-07-06T07:35:56.650Z]    БД: .wrangler/state/v3/d1/miniflare-D1DatabaseObject/77e38069f80f1e633c9f5aa7772a284a52b432b7fafc0a93a3719afdd1326ebf.sqlite
[2026-07-06T07:35:56.650Z]    Файлы: ./data/storage/
[2026-07-06T07:35:56.650Z]    Логи: ./data/logs/
[2026-07-06T07:35:56.651Z] ✅ Сервер слушает порт 3000
[2026-07-06T07:35:56.661Z] [cron] Планировщик запущен:
[2026-07-06T07:35:56.661Z]   syncDocuments      — каждые 30 минут
[2026-07-06T07:35:56.661Z]   updateProductsShope — каждые 6 часов
[2026-07-06T07:35:58.653Z] [cron] первичная синхронизация — запуск...
[2026-07-06T07:35:58.654Z] Таблица 'index_documents' успешно создана или уже существует
[2026-07-06T07:35:58.655Z] [ensureDays] Найдено пробелов: 1. Заполняем...
[2026-07-06T07:36:00.504Z] Таблица 'index_documents' успешно создана или уже существует
[2026-07-06T07:36:03.855Z] [ensureDays] Загружаем 2026-07-06 → 2026-07-06...
[2026-07-06T07:36:05.011Z] [ensureDays]   Получено 64 документов
[2026-07-06T07:36:05.012Z] Successfully inserted 64 documents (duplicates skipped)
[2026-07-06T07:36:05.012Z] [ensureDays] Все пробелы заполнены
[2026-07-06T07:36:06.603Z] [syncDocuments] Новых документов за 24ч: 235
[2026-07-06T07:36:06.606Z] Successfully inserted 235 documents (duplicates skipped)
[2026-07-06T07:36:06.606Z] [syncDocuments] Синхронизация завершена
[2026-07-06T07:36:06.606Z] [cron] первичная синхронизация — завершено (7953ms)
[2026-07-06T07:36:53.471Z] employeeRole: SUPERADMIN
[2026-07-06T07:40:08.901Z] 🚀 Запуск локального сервера на http://localhost:3000
[2026-07-06T07:40:08.903Z]    БД: .wrangler/state/v3/d1/miniflare-D1DatabaseObject/77e38069f80f1e633c9f5aa7772a284a52b432b7fafc0a93a3719afdd1326ebf.sqlite
[2026-07-06T07:40:08.903Z]    Файлы: ./data/storage/
[2026-07-06T07:40:08.903Z]    Логи: ./data/logs/
[2026-07-06T07:40:08.904Z] ✅ Сервер слушает порт 3000
[2026-07-06T07:40:08.915Z] [cron] Планировщик запущен:
[2026-07-06T07:40:08.915Z]   syncDocuments      — каждые 30 минут
[2026-07-06T07:40:08.915Z]   updateProductsShope — каждые 6 часов
[2026-07-06T07:40:10.905Z] [cron] первичная синхронизация — запуск...
[2026-07-06T07:40:10.906Z] Таблица 'index_documents' успешно создана или уже существует
[2026-07-06T07:40:10.913Z] [ensureDays] Найдено пробелов: 1. Заполняем...
[2026-07-06T07:40:16.120Z] [ensureDays] Загружаем 2026-07-06 → 2026-07-06...
[2026-07-06T07:40:17.383Z] [ensureDays]   Получено 64 документов
[2026-07-06T07:40:17.384Z] Successfully inserted 64 documents (duplicates skipped)
[2026-07-06T07:40:17.384Z] [ensureDays] Все пробелы заполнены
[2026-07-06T07:40:18.916Z] [syncDocuments] Новых документов за 24ч: 235
[2026-07-06T07:40:18.919Z] Successfully inserted 235 documents (duplicates skipped)
[2026-07-06T07:40:18.919Z] [syncDocuments] Синхронизация завершена
[2026-07-06T07:40:18.919Z] [cron] первичная синхронизация — завершено (8014ms)
[2026-07-06T07:40:20.099Z] Таблица 'index_documents' успешно создана или уже существует
[2026-07-06T07:41:58.860Z] employeeRole: SUPERADMIN
[2026-07-06T07:42:37.714Z] 🚀 Запуск локального сервера на http://localhost:3000
[2026-07-06T07:42:37.716Z]    БД: .wrangler/state/v3/d1/miniflare-D1DatabaseObject/77e38069f80f1e633c9f5aa7772a284a52b432b7fafc0a93a3719afdd1326ebf.sqlite
[2026-07-06T07:42:37.716Z]    Файлы: ./data/storage/
[2026-07-06T07:42:37.716Z]    Логи: ./data/logs/
[2026-07-06T07:42:37.717Z] ✅ Сервер слушает порт 3000
[2026-07-06T07:42:37.726Z] [cron] Планировщик запущен:
[2026-07-06T07:42:37.727Z]   syncDocuments      — каждые 30 минут
[2026-07-06T07:42:37.727Z]   updateProductsShope — каждые 6 часов
[2026-07-06T07:42:39.718Z] [cron] первичная синхронизация — запуск...
[2026-07-06T07:42:39.720Z] Таблица 'index_documents' успешно создана или уже существует
[2026-07-06T07:42:39.729Z] [ensureDays] Найдено пробелов: 1. Заполняем...
[2026-07-06T07:42:39.881Z] [ensureDays] Загружаем 2026-07-02 → 2026-07-06...
[2026-07-06T07:42:41.667Z] [ensureDays]   Получено 928 документов
[2026-07-06T07:42:41.687Z] Successfully inserted 928 documents (duplicates skipped)
[2026-07-06T07:42:41.687Z] [ensureDays] Все пробелы заполнены
[2026-07-06T07:42:42.906Z] [syncDocuments] Новых документов за 24ч: 235
[2026-07-06T07:42:42.911Z] Successfully inserted 235 documents (duplicates skipped)
[2026-07-06T07:42:42.912Z] [syncDocuments] Синхронизация завершена
[2026-07-06T07:42:42.912Z] [cron] первичная синхронизация — завершено (3194ms)
[2026-07-06T07:42:50.266Z] Таблица 'index_documents' успешно создана или уже существует
[2026-07-06T07:43:23.381Z] employeeRole: SUPERADMIN
[2026-07-06T07:43:38.980Z] employeeRole: SUPERADMIN
[2026-07-06T07:43:56.825Z] 🚀 Запуск локального сервера на http://localhost:3000
[2026-07-06T07:43:56.826Z]    БД: .wrangler/state/v3/d1/miniflare-D1DatabaseObject/77e38069f80f1e633c9f5aa7772a284a52b432b7fafc0a93a3719afdd1326ebf.sqlite
[2026-07-06T07:43:56.826Z]    Файлы: ./data/storage/
[2026-07-06T07:43:56.826Z]    Логи: ./data/logs/
[2026-07-06T07:43:56.828Z] ✅ Сервер слушает порт 3000
[2026-07-06T07:43:56.837Z] [cron] Планировщик запущен:
[2026-07-06T07:43:56.837Z]   syncDocuments      — каждые 30 минут
[2026-07-06T07:43:56.837Z]   updateProductsShope — каждые 6 часов
[2026-07-06T07:43:58.829Z] [cron] первичная синхронизация — запуск...
[2026-07-06T07:43:58.830Z] Таблица 'index_documents' успешно создана или уже существует
[2026-07-06T07:43:58.833Z] [ensureDays] Найдено пробелов: 1. Заполняем...
[2026-07-06T07:43:59.015Z] [ensureDays] Загружаем 2026-04-07 → 2026-07-06...
[2026-07-06T07:44:06.758Z] Таблица 'index_documents' успешно создана или уже существует
[2026-07-06T07:44:06.942Z] employeeRole: SUPERADMIN
[2026-07-06T07:44:08.611Z] [ensureDays]   Получено 20121 документов
[2026-07-06T07:44:08.987Z] Successfully inserted 20121 documents (duplicates skipped)
[2026-07-06T07:44:08.990Z] [ensureDays] Все пробелы заполнены
[2026-07-06T07:44:10.369Z] [syncDocuments] Новых документов за 24ч: 235
[2026-07-06T07:44:10.373Z] Successfully inserted 235 documents (duplicates skipped)
[2026-07-06T07:44:10.373Z] [syncDocuments] Синхронизация завершена
[2026-07-06T07:44:10.373Z] [cron] первичная синхронизация — завершено (11544ms)
[2026-07-06T07:54:11.390Z] 🚀 Запуск локального сервера на http://localhost:3000
[2026-07-06T07:54:11.391Z]    БД: .wrangler/state/v3/d1/miniflare-D1DatabaseObject/77e38069f80f1e633c9f5aa7772a284a52b432b7fafc0a93a3719afdd1326ebf.sqlite
[2026-07-06T07:54:11.391Z]    Файлы: ./data/storage/
[2026-07-06T07:54:11.391Z]    Логи: ./data/logs/
[2026-07-06T07:54:11.392Z] ✅ Сервер слушает порт 3000
[2026-07-06T07:54:11.402Z] [cron] Планировщик запущен:
[2026-07-06T07:54:11.402Z]   syncDocuments      — каждые 30 минут
[2026-07-06T07:54:11.402Z]   updatePlans        — каждые 6 часов
[2026-07-06T07:54:11.402Z]   updateSalesByPlan  — каждые 6 часов
[2026-07-06T07:54:11.402Z]   calcSalary         — каждые 6 часов
[2026-07-06T07:54:11.402Z]   updateProductsShope — каждые 6 часов
[2026-07-06T07:54:13.394Z] [cron] первичная синхронизация — запуск...
[2026-07-06T07:54:13.396Z] Таблица 'index_documents' успешно создана или уже существует
[2026-07-06T07:54:13.455Z] [ensureDays] Пробелов нет, все 90 дней на месте
[2026-07-06T07:54:15.132Z] [syncDocuments] Новых документов за 24ч: 236
[2026-07-06T07:54:15.138Z] Successfully inserted 236 documents (duplicates skipped)
[2026-07-06T07:54:15.138Z] [syncDocuments] Синхронизация завершена
[2026-07-06T07:54:15.138Z] [cron] первичная синхронизация — завершено (1744ms)
[2026-07-06T07:54:26.394Z] [startup] Расчет планов и зарплат...
[2026-07-06T07:54:26.394Z] [cron] План продаж — запуск...
[2026-07-06T07:54:26.395Z] Старт функции updatePlan
[2026-07-06T07:54:26.395Z] Дата для плана: 06-07-2026
[2026-07-06T07:54:26.397Z] Получены UUID товаров: 175 шт.
[2026-07-06T07:54:28.003Z] Таблица 'index_documents' успешно создана или уже существует
[2026-07-06T07:54:29.248Z] Получено записей плана: 3
[2026-07-06T07:54:29.249Z] План обновлён: 3 магазинов за 06-07-2026
[2026-07-06T07:54:29.249Z] Обновление базы данных плана завершено успешно
[2026-07-06T07:54:29.249Z] [cron] План продаж — завершено (2855ms)
[2026-07-06T07:54:29.249Z] [cron] Продажи по плану — запуск...
[2026-07-06T07:54:29.250Z] Таблица 'SaleByPlan' успешно создана или уже существует.
[2026-07-06T07:54:29.250Z] Initialized dates: [object Object]
[2026-07-06T07:54:31.006Z] Данные SaleByPlan обновлены.
[2026-07-06T07:54:32.930Z] Данные SaleByPlan обновлены.
[2026-07-06T07:54:34.074Z] Данные SaleByPlan обновлены.
[2026-07-06T07:54:34.074Z] Final sales data: [object Object]
[2026-07-06T07:54:34.075Z] [cron] Продажи по плану — завершено (4826ms)
[2026-07-06T07:54:34.076Z] [cron] Зарплата — запуск...
[2026-07-06T07:54:34.076Z] Accessories UUIDs: 
[2026-07-06T07:54:35.892Z] Salary and bonus: 
[2026-07-06T07:54:43.588Z] Accessories sales: 0
[2026-07-06T07:54:44.622Z] Salary report: [object Object]
[2026-07-06T07:54:44.622Z] Таблица 'salaryData' успешно создана или уже существует.
[2026-07-06T07:54:44.623Z] Данные сохранены в таблицу salaryData.
[2026-07-06T07:54:52.385Z] Accessories sales: 0
[2026-07-06T07:54:53.476Z] Salary report: [object Object]
[2026-07-06T07:54:53.476Z] Таблица 'salaryData' успешно создана или уже существует.
[2026-07-06T07:54:53.477Z] Данные сохранены в таблицу salaryData.
[2026-07-06T07:55:01.219Z] Accessories sales: 0
[2026-07-06T07:55:02.232Z] Salary report: [object Object]
[2026-07-06T07:55:02.232Z] Таблица 'salaryData' успешно создана или уже существует.
[2026-07-06T07:55:02.232Z] Данные сохранены в таблицу salaryData.
[2026-07-06T07:55:02.233Z] [cron] Зарплата — завершено (28157ms)
[2026-07-06T07:55:02.233Z] [startup] Планы и зарплаты — готово
[2026-07-06T08:00:00.019Z] [cron] syncDocuments — запуск...
[2026-07-06T08:00:00.022Z] Таблица 'index_documents' успешно создана или уже существует
[2026-07-06T08:00:00.078Z] [ensureDays] Пробелов нет, все 90 дней на месте
[2026-07-06T08:00:03.921Z] [syncDocuments] Новых документов за 24ч: 236
[2026-07-06T08:00:03.930Z] Successfully inserted 236 documents (duplicates skipped)
[2026-07-06T08:00:03.930Z] [syncDocuments] Синхронизация завершена
[2026-07-06T08:00:03.930Z] [cron] syncDocuments — завершено (3911ms)
[2026-07-06T08:30:00.002Z] [cron] syncDocuments — запуск...
[2026-07-06T08:30:00.007Z] Таблица 'index_documents' успешно создана или уже существует
[2026-07-06T08:30:00.074Z] [ensureDays] Пробелов нет, все 90 дней на месте
[2026-07-06T08:30:06.372Z] [syncDocuments] Новых документов за 24ч: 239
[2026-07-06T08:30:06.381Z] Successfully inserted 239 documents (duplicates skipped)
[2026-07-06T08:30:06.382Z] [syncDocuments] Синхронизация завершена
[2026-07-06T08:30:06.382Z] [cron] syncDocuments — завершено (6380ms)
[2026-07-06T09:00:00.002Z] [cron] syncDocuments — запуск...
[2026-07-06T09:00:00.009Z] Таблица 'index_documents' успешно создана или уже существует
[2026-07-06T09:00:00.065Z] [ensureDays] Пробелов нет, все 90 дней на месте
[2026-07-06T09:00:00.067Z] [cron] updatePlans — запуск...
[2026-07-06T09:00:00.067Z] Старт функции updatePlan
[2026-07-06T09:00:00.067Z] Дата для плана: 06-07-2026
[2026-07-06T09:00:00.067Z] [cron] updateSalesByPlan — запуск...
[2026-07-06T09:00:00.067Z] [cron] calcSalary — запуск...
[2026-07-06T09:00:00.067Z] Таблица 'SaleByPlan' успешно создана или уже существует.
[2026-07-06T09:00:00.067Z] Получены UUID товаров: 175 шт.
[2026-07-06T09:00:00.068Z] Initialized dates: [object Object]
[2026-07-06T09:00:00.068Z] Accessories UUIDs: 
[2026-07-06T09:00:00.069Z] [cron] updateProductsShope — запуск...
[2026-07-06T09:00:00.069Z] Таблица 'shopProduct' успешно создана или уже существует.
[2026-07-06T09:00:06.346Z] [syncDocuments] Новых документов за 24ч: 245
[2026-07-06T09:00:06.353Z] Successfully inserted 245 documents (duplicates skipped)
[2026-07-06T09:00:06.354Z] [syncDocuments] Синхронизация завершена
[2026-07-06T09:00:06.354Z] [cron] syncDocuments — завершено (6352ms)
[2026-07-06T09:00:10.901Z] Данные SaleByPlan обновлены.
[2026-07-06T09:00:11.400Z] Salary and bonus: 
[2026-07-06T09:00:11.987Z] Данные SaleByPlan обновлены.
[2026-07-06T09:00:12.876Z] Данные SaleByPlan обновлены.
[2026-07-06T09:00:12.877Z] Final sales data: [object Object]
[2026-07-06T09:00:12.877Z] [cron] updateSalesByPlan — завершено (12810ms)
[2026-07-06T09:00:13.331Z] Получено записей плана: 3
[2026-07-06T09:00:13.331Z] План обновлён: 3 магазинов за 06-07-2026
[2026-07-06T09:00:13.332Z] Обновление базы данных плана завершено успешно
[2026-07-06T09:00:13.332Z] [cron] updatePlans — завершено (13265ms)
[2026-07-06T09:00:19.516Z] Accessories sales: 0
[2026-07-06T09:00:20.279Z] Salary report: [object Object]
[2026-07-06T09:00:20.280Z] Таблица 'salaryData' успешно создана или уже существует.
[2026-07-06T09:00:20.281Z] Запись за 05-07-2026 / 20251229-316B-40A1-80F7-C59E5B8E6831 уже существует. Пропуск.
[2026-07-06T09:00:27.962Z] Accessories sales: 0
[2026-07-06T09:00:28.984Z] Salary report: [object Object]
[2026-07-06T09:00:28.985Z] Таблица 'salaryData' успешно создана или уже существует.
[2026-07-06T09:00:28.985Z] Запись за 05-07-2026 / 20260103-425F-4044-8093-F2008B89A33B уже существует. Пропуск.
[2026-07-06T09:00:37.996Z] Accessories sales: 0
[2026-07-06T09:00:38.713Z] Salary report: [object Object]
[2026-07-06T09:00:38.714Z] Таблица 'salaryData' успешно создана или уже существует.
[2026-07-06T09:00:38.714Z] Запись за 05-07-2026 / 20260103-7090-403D-8015-DE08E5B1138E уже существует. Пропуск.
[2026-07-06T09:00:38.714Z] [cron] calcSalary — завершено (38647ms)
[2026-07-06T09:30:00.005Z] [cron] syncDocuments — запуск...
[2026-07-06T09:30:00.008Z] Таблица 'index_documents' успешно создана или уже существует
[2026-07-06T09:30:00.066Z] [ensureDays] Пробелов нет, все 90 дней на месте
[2026-07-06T09:30:03.581Z] [syncDocuments] Новых документов за 24ч: 249
[2026-07-06T09:30:03.590Z] Successfully inserted 249 documents (duplicates skipped)
[2026-07-06T09:30:03.591Z] [syncDocuments] Синхронизация завершена
[2026-07-06T09:30:03.591Z] [cron] syncDocuments — завершено (3586ms)
[2026-07-06T10:00:00.152Z] [cron] syncDocuments — запуск...
[2026-07-06T10:00:00.159Z] Таблица 'index_documents' успешно создана или уже существует
[2026-07-06T10:00:00.220Z] [ensureDays] Пробелов нет, все 90 дней на месте
[2026-07-06T10:00:06.696Z] [syncDocuments] Новых документов за 24ч: 257
[2026-07-06T10:00:06.706Z] Successfully inserted 257 documents (duplicates skipped)
[2026-07-06T10:00:06.706Z] [syncDocuments] Синхронизация завершена
[2026-07-06T10:00:06.706Z] [cron] syncDocuments — завершено (6554ms)
[2026-07-06T12:30:00.008Z] [cron] syncDocuments — запуск...
[2026-07-06T12:30:00.012Z] Таблица 'index_documents' успешно создана или уже существует
[2026-07-06T12:30:00.096Z] [ensureDays] Пробелов нет, все 90 дней на месте
[2026-07-06T12:30:06.362Z] [syncDocuments] Новых документов за 24ч: 298
[2026-07-06T12:30:06.373Z] Successfully inserted 298 documents (duplicates skipped)
[2026-07-06T12:30:06.374Z] [syncDocuments] Синхронизация завершена
[2026-07-06T12:30:06.374Z] [cron] syncDocuments — завершено (6366ms)
[2026-07-06T13:30:00.007Z] [cron] syncDocuments — запуск...
[2026-07-06T13:30:00.009Z] Таблица 'index_documents' успешно создана или уже существует
[2026-07-06T13:30:00.068Z] [ensureDays] Пробелов нет, все 90 дней на месте
[2026-07-06T13:30:03.509Z] [syncDocuments] Новых документов за 24ч: 314
[2026-07-06T13:30:03.515Z] Successfully inserted 314 documents (duplicates skipped)
[2026-07-06T13:30:03.515Z] [syncDocuments] Синхронизация завершена
[2026-07-06T13:30:03.515Z] [cron] syncDocuments — завершено (3508ms)
[2026-07-06T13:51:44.975Z] 🚀 Запуск локального сервера на http://localhost:3000
[2026-07-06T13:51:44.976Z]    БД: .wrangler/state/v3/d1/miniflare-D1DatabaseObject/77e38069f80f1e633c9f5aa7772a284a52b432b7fafc0a93a3719afdd1326ebf.sqlite
[2026-07-06T13:51:44.976Z]    Файлы: ./data/storage/
[2026-07-06T13:51:44.976Z]    Логи: ./data/logs/
[2026-07-06T13:51:44.978Z] ✅ Сервер слушает порт 3000
[2026-07-06T13:51:44.990Z] [cron] Планировщик запущен:
[2026-07-06T13:51:44.990Z]   syncDocuments      — каждые 30 минут
[2026-07-06T13:51:44.990Z]   updatePlans        — каждые 6 часов
[2026-07-06T13:51:44.990Z]   updateSalesByPlan  — каждые 6 часов
[2026-07-06T13:51:44.990Z]   calcSalary         — каждые 6 часов
[2026-07-06T13:51:44.990Z]   updateProductsShope — каждые 6 часов
[2026-07-06T13:51:46.979Z] [cron] первичная синхронизация — запуск...
[2026-07-06T13:51:46.980Z] Таблица 'index_documents' успешно создана или уже существует
[2026-07-06T13:51:47.027Z] [ensureDays] Пробелов нет, все 90 дней на месте
[2026-07-06T13:51:53.653Z] [syncDocuments] Новых документов за 24ч: 321
[2026-07-06T13:51:53.656Z] Successfully inserted 321 documents (duplicates skipped)
[2026-07-06T13:51:53.656Z] [syncDocuments] Синхронизация завершена
[2026-07-06T13:51:53.656Z] [cron] первичная синхронизация — завершено (6677ms)
[2026-07-06T13:51:59.978Z] [startup] Расчет планов и зарплат...
[2026-07-06T13:51:59.979Z] [cron] План продаж — запуск...
[2026-07-06T13:51:59.979Z] Старт функции updatePlan
[2026-07-06T13:51:59.979Z] Дата для плана: 06-07-2026
[2026-07-06T13:51:59.982Z] Получены UUID товаров: 175 шт.
[2026-07-06T13:52:05.688Z] Таблица 'index_documents' успешно создана или уже существует
[2026-07-06T13:52:12.498Z] Получено записей плана: 3
[2026-07-06T13:52:12.498Z] План обновлён: 3 магазинов за 06-07-2026
[2026-07-06T13:52:12.498Z] Обновление базы данных плана завершено успешно
[2026-07-06T13:52:12.498Z] [cron] План продаж — завершено (12519ms)
[2026-07-06T13:52:12.498Z] [cron] Продажи по плану — запуск...
[2026-07-06T13:52:12.499Z] Таблица 'SaleByPlan' успешно создана или уже существует.
[2026-07-06T13:52:12.499Z] Initialized dates: [object Object]
[2026-07-06T13:52:13.659Z] Данные SaleByPlan обновлены.
[2026-07-06T13:52:14.630Z] Данные SaleByPlan обновлены.
[2026-07-06T13:52:15.760Z] Данные SaleByPlan обновлены.
[2026-07-06T13:52:15.760Z] Final sales data: [object Object]
[2026-07-06T13:52:15.761Z] [cron] Продажи по плану — завершено (3263ms)
[2026-07-06T13:52:15.761Z] [cron] Зарплата — запуск...
[2026-07-06T13:52:15.761Z] Accessories UUIDs: 
[2026-07-06T13:52:17.809Z] Salary and bonus: 
[2026-07-06T13:52:25.491Z] Accessories sales: 0
[2026-07-06T13:52:26.615Z] Salary report: [object Object]
[2026-07-06T13:52:26.615Z] Таблица 'salaryData' успешно создана или уже существует.
[2026-07-06T13:52:26.615Z] Запись за 05-07-2026 / 20251229-316B-40A1-80F7-C59E5B8E6831 уже существует. Пропуск.
[2026-07-06T13:52:34.797Z] Accessories sales: 0
[2026-07-06T13:52:36.036Z] Salary report: [object Object]
[2026-07-06T13:52:36.036Z] Таблица 'salaryData' успешно создана или уже существует.
[2026-07-06T13:52:36.036Z] Запись за 05-07-2026 / 20260103-425F-4044-8093-F2008B89A33B уже существует. Пропуск.
[2026-07-06T13:52:43.650Z] Accessories sales: 0
[2026-07-06T13:52:44.686Z] Salary report: [object Object]
[2026-07-06T13:52:44.686Z] Таблица 'salaryData' успешно создана или уже существует.
[2026-07-06T13:52:44.687Z] Запись за 05-07-2026 / 20260103-7090-403D-8015-DE08E5B1138E уже существует. Пропуск.
[2026-07-06T13:52:44.687Z] [cron] Зарплата — завершено (28926ms)
[2026-07-06T13:52:44.687Z] [startup] Планы и зарплаты — готово
[2026-07-06T14:00:00.003Z] [cron] syncDocuments — запуск...
[2026-07-06T14:00:00.006Z] Таблица 'index_documents' успешно создана или уже существует
[2026-07-06T14:00:00.066Z] [ensureDays] Пробелов нет, все 90 дней на месте
[2026-07-06T14:00:06.507Z] [syncDocuments] Новых документов за 24ч: 323
[2026-07-06T14:00:06.513Z] Successfully inserted 323 documents (duplicates skipped)
[2026-07-06T14:00:06.513Z] [syncDocuments] Синхронизация завершена
[2026-07-06T14:00:06.513Z] [cron] syncDocuments — завершено (6510ms)
[2026-07-06T14:15:25.562Z] employeeRole: SUPERADMIN
[2026-07-06T14:16:31.538Z] employeeRole: SUPERADMIN
[2026-07-06T14:22:42.986Z] employeeRole: SUPERADMIN
[2026-07-06T14:22:56.368Z] employeeRole: SUPERADMIN
[2026-07-06T14:30:00.036Z] [cron] syncDocuments — запуск...
[2026-07-06T14:30:00.044Z] Таблица 'index_documents' успешно создана или уже существует
[2026-07-06T14:30:00.166Z] [ensureDays] Пробелов нет, все 90 дней на месте
[2026-07-06T14:30:06.558Z] [syncDocuments] Новых документов за 24ч: 334
[2026-07-06T14:30:06.570Z] Successfully inserted 334 documents (duplicates skipped)
[2026-07-06T14:30:06.570Z] [syncDocuments] Синхронизация завершена
[2026-07-06T14:30:06.571Z] [cron] syncDocuments — завершено (6535ms)
[2026-07-06T14:40:10.584Z] 🚀 Запуск локального сервера на http://localhost:3000
[2026-07-06T14:40:10.585Z]    БД: .wrangler/state/v3/d1/miniflare-D1DatabaseObject/77e38069f80f1e633c9f5aa7772a284a52b432b7fafc0a93a3719afdd1326ebf.sqlite
[2026-07-06T14:40:10.585Z]    Файлы: ./data/storage/
[2026-07-06T14:40:10.585Z]    Логи: ./data/logs/
[2026-07-06T14:40:10.586Z] ✅ Сервер слушает порт 3000
[2026-07-06T14:40:10.597Z] [cron] Планировщик запущен:
[2026-07-06T14:40:10.597Z]   syncDocuments      — каждые 30 минут
[2026-07-06T14:40:10.597Z]   updatePlans        — каждые 6 часов
[2026-07-06T14:40:10.597Z]   updateSalesByPlan  — каждые 6 часов
[2026-07-06T14:40:10.597Z]   calcSalary         — каждые 6 часов
[2026-07-06T14:40:10.597Z]   updateProductsShope — каждые 6 часов
[2026-07-06T14:40:12.588Z] [cron] первичная синхронизация — запуск...
[2026-07-06T14:40:12.588Z] Таблица 'index_documents' успешно создана или уже существует
[2026-07-06T14:40:12.627Z] [ensureDays] Пробелов нет, все 90 дней на месте
[2026-07-06T14:40:18.903Z] [syncDocuments] Новых документов за 24ч: 339
[2026-07-06T14:40:18.907Z] Successfully inserted 339 documents (duplicates skipped)
[2026-07-06T14:40:18.907Z] [syncDocuments] Синхронизация завершена
[2026-07-06T14:40:18.907Z] [cron] первичная синхронизация — завершено (6319ms)
[2026-07-06T14:40:25.588Z] [startup] Расчет планов и зарплат...
[2026-07-06T14:40:25.588Z] [cron] План продаж — запуск...
[2026-07-06T14:40:25.588Z] Старт функции updatePlan
[2026-07-06T14:40:25.588Z] Дата для плана: 06-07-2026
[2026-07-06T14:40:25.589Z] Получены UUID товаров: 175 шт.
[2026-07-06T14:40:38.058Z] Получено записей плана: 3
[2026-07-06T14:40:38.058Z] План обновлён: 3 магазинов за 06-07-2026
[2026-07-06T14:40:38.058Z] Обновление базы данных плана завершено успешно
[2026-07-06T14:40:38.058Z] [cron] План продаж — завершено (12470ms)
[2026-07-06T14:40:38.058Z] [cron] Продажи по плану — запуск...
[2026-07-06T14:40:38.059Z] Таблица 'SaleByPlan' успешно создана или уже существует.
[2026-07-06T14:40:38.059Z] Initialized dates: [object Object]
[2026-07-06T14:40:39.296Z] Данные SaleByPlan обновлены.
[2026-07-06T14:40:40.272Z] Данные SaleByPlan обновлены.
[2026-07-06T14:40:41.042Z] Таблица 'index_documents' успешно создана или уже существует
[2026-07-06T14:40:41.229Z] Данные SaleByPlan обновлены.
[2026-07-06T14:40:41.229Z] Final sales data: [object Object]
[2026-07-06T14:40:41.230Z] [cron] Продажи по плану — завершено (3172ms)
[2026-07-06T14:40:41.230Z] [cron] Зарплата — запуск...
[2026-07-06T14:40:41.230Z] Accessories UUIDs: 
[2026-07-06T14:40:42.910Z] Salary and bonus: 
[2026-07-06T14:40:50.637Z] Accessories sales: 0
[2026-07-06T14:40:51.656Z] Salary report: [object Object]
[2026-07-06T14:40:51.656Z] Таблица 'salaryData' успешно создана или уже существует.
[2026-07-06T14:40:51.657Z] Запись за 05-07-2026 / 20251229-316B-40A1-80F7-C59E5B8E6831 уже существует. Пропуск.
[2026-07-06T14:40:59.324Z] Accessories sales: 0
[2026-07-06T14:41:00.352Z] Salary report: [object Object]
[2026-07-06T14:41:00.352Z] Таблица 'salaryData' успешно создана или уже существует.
[2026-07-06T14:41:00.353Z] Запись за 05-07-2026 / 20260103-425F-4044-8093-F2008B89A33B уже существует. Пропуск.
[2026-07-06T14:41:07.985Z] Accessories sales: 0
[2026-07-06T14:41:08.979Z] Salary report: [object Object]
[2026-07-06T14:41:08.979Z] Таблица 'salaryData' успешно создана или уже существует.
[2026-07-06T14:41:08.980Z] Запись за 05-07-2026 / 20260103-7090-403D-8015-DE08E5B1138E уже существует. Пропуск.
[2026-07-06T14:41:08.980Z] [cron] Зарплата — завершено (27750ms)
[2026-07-06T14:41:08.980Z] [startup] Планы и зарплаты — готово
[2026-07-06T14:42:16.596Z] employeeRole: SUPERADMIN
[2026-07-06T15:00:00.002Z] [cron] updatePlans — запуск...
[2026-07-06T15:00:00.005Z] Старт функции updatePlan
[2026-07-06T15:00:00.005Z] Дата для плана: 06-07-2026
[2026-07-06T15:00:00.006Z] [cron] updateSalesByPlan — запуск...
[2026-07-06T15:00:00.006Z] [cron] calcSalary — запуск...
[2026-07-06T15:00:00.006Z] Таблица 'SaleByPlan' успешно создана или уже существует.
[2026-07-06T15:00:00.006Z] Получены UUID товаров: 175 шт.
[2026-07-06T15:00:00.008Z] Initialized dates: [object Object]
[2026-07-06T15:00:00.008Z] Accessories UUIDs: 
[2026-07-06T15:00:00.009Z] [cron] updateProductsShope — запуск...
[2026-07-06T15:00:00.009Z] Таблица 'shopProduct' успешно создана или уже существует.
[2026-07-06T15:00:00.009Z] [cron] syncDocuments — запуск...
[2026-07-06T15:00:00.010Z] Таблица 'index_documents' успешно создана или уже существует
[2026-07-06T15:00:00.053Z] [ensureDays] Пробелов нет, все 90 дней на месте
[2026-07-06T15:00:06.709Z] Salary and bonus: 
[2026-07-06T15:00:10.440Z] Обработано 1314 записей в таблице shopProduct
[2026-07-06T15:00:10.441Z] Ensuring products table exists for shop: 20251229-316B-40A1-80F7-C59E5B8E6831
[2026-07-06T15:00:11.022Z] Обработано 1169 записей в таблице shopProduct
[2026-07-06T15:00:11.022Z] Ensuring products table exists for shop: 20260103-425F-4044-8093-F2008B89A33B
[2026-07-06T15:00:11.364Z] Данные SaleByPlan обновлены.
[2026-07-06T15:00:11.498Z] Обработано 1171 записей в таблице shopProduct
[2026-07-06T15:00:11.498Z] Ensuring products table exists for shop: 20260103-7090-403D-8015-DE08E5B1138E
[2026-07-06T15:00:11.498Z] [cron] updateProductsShope — завершено (11489ms)
[2026-07-06T15:00:12.172Z] Данные SaleByPlan обновлены.
[2026-07-06T15:00:13.202Z] Данные SaleByPlan обновлены.
[2026-07-06T15:00:13.202Z] Final sales data: [object Object]
[2026-07-06T15:00:13.202Z] [cron] updateSalesByPlan — завершено (13196ms)
[2026-07-06T15:00:14.421Z] Accessories sales: 0
[2026-07-06T15:00:15.405Z] Salary report: [object Object]
[2026-07-06T15:00:15.405Z] Таблица 'salaryData' успешно создана или уже существует.
[2026-07-06T15:00:15.405Z] Запись за 05-07-2026 / 20251229-316B-40A1-80F7-C59E5B8E6831 уже существует. Пропуск.
[2026-07-06T15:00:16.957Z] Получено записей плана: 3
[2026-07-06T15:00:16.957Z] План обновлён: 3 магазинов за 06-07-2026
[2026-07-06T15:00:16.957Z] Обновление базы данных плана завершено успешно
[2026-07-06T15:00:16.957Z] [cron] updatePlans — завершено (16955ms)
[2026-07-06T15:00:23.055Z] Accessories sales: 0
[2026-07-06T15:00:24.113Z] Salary report: [object Object]
[2026-07-06T15:00:24.113Z] Таблица 'salaryData' успешно создана или уже существует.
[2026-07-06T15:00:24.113Z] Запись за 05-07-2026 / 20260103-425F-4044-8093-F2008B89A33B уже существует. Пропуск.
[2026-07-06T15:00:31.748Z] Accessories sales: 0
[2026-07-06T15:00:32.853Z] Salary report: [object Object]
[2026-07-06T15:00:32.853Z] Таблица 'salaryData' успешно создана или уже существует.
[2026-07-06T15:00:32.854Z] Запись за 05-07-2026 / 20260103-7090-403D-8015-DE08E5B1138E уже существует. Пропуск.
[2026-07-06T15:00:32.854Z] [cron] calcSalary — завершено (32848ms)
[2026-07-06T15:07:32.981Z] 🚀 Запуск локального сервера на http://localhost:3000
[2026-07-06T15:07:32.982Z]    БД: .wrangler/state/v3/d1/miniflare-D1DatabaseObject/77e38069f80f1e633c9f5aa7772a284a52b432b7fafc0a93a3719afdd1326ebf.sqlite
[2026-07-06T15:07:32.982Z]    Файлы: ./data/storage/
[2026-07-06T15:07:32.982Z]    Логи: ./data/logs/
[2026-07-06T15:07:32.984Z] ✅ Сервер слушает порт 3000
[2026-07-06T15:07:32.994Z] [cron] Планировщик запущен:
[2026-07-06T15:07:32.994Z]   syncDocuments      — каждые 30 минут
[2026-07-06T15:07:32.994Z]   updatePlans        — каждые 6 часов
[2026-07-06T15:07:32.994Z]   updateSalesByPlan  — каждые 6 часов
[2026-07-06T15:07:32.994Z]   calcSalary         — каждые 6 часов
[2026-07-06T15:07:32.994Z]   updateProductsShope — каждые 6 часов
[2026-07-06T15:07:34.986Z] [cron] первичная синхронизация — запуск...
[2026-07-06T15:07:34.987Z] Таблица 'index_documents' успешно создана или уже существует
[2026-07-06T15:07:35.022Z] [ensureDays] Пробелов нет, все 90 дней на месте
[2026-07-06T15:07:36.985Z] [cron] syncShops — запуск...
[2026-07-06T15:07:36.989Z] Таблица 'shops' успешно создана или уже существует.
[2026-07-06T15:07:38.985Z] [cron] syncEmployees — запуск...
[2026-07-06T15:07:38.986Z] Таблица 'employees' успешно создана или уже существует.
[2026-07-06T15:07:41.635Z] [syncDocuments] Новых документов за 24ч: 355
[2026-07-06T15:07:41.640Z] Successfully inserted 355 documents (duplicates skipped)
[2026-07-06T15:07:41.640Z] [syncDocuments] Синхронизация завершена
[2026-07-06T15:07:41.640Z] [cron] первичная синхронизация — завершено (6654ms)
[2026-07-06T15:07:42.085Z] Синхронизировано магазинов: 3
[2026-07-06T15:07:42.085Z] [syncShops] 3 магазинов синхронизировано
[2026-07-06T15:07:42.085Z] [cron] syncShops — завершено (5100ms)
[2026-07-06T15:07:45.188Z] Синхронизировано сотрудников: 10
[2026-07-06T15:07:45.188Z] [syncEmployees] 10 сотрудников синхронизировано
[2026-07-06T15:07:45.188Z] [cron] syncEmployees — завершено (6203ms)
[2026-07-06T15:07:47.985Z] [startup] Расчет планов и зарплат...
[2026-07-06T15:07:47.985Z] [cron] План продаж — запуск...
[2026-07-06T15:07:47.986Z] Старт функции updatePlan
[2026-07-06T15:07:47.986Z] Дата для плана: 06-07-2026
[2026-07-06T15:07:47.986Z] Получены UUID товаров: 175 шт.
[2026-07-06T15:07:50.188Z] Получено записей плана: 3
[2026-07-06T15:07:50.189Z] План обновлён: 3 магазинов за 06-07-2026
[2026-07-06T15:07:50.189Z] Обновление базы данных плана завершено успешно
[2026-07-06T15:07:50.189Z] [cron] План продаж — завершено (2204ms)
[2026-07-06T15:07:50.189Z] [cron] Продажи по плану — запуск...
[2026-07-06T15:07:50.189Z] Таблица 'SaleByPlan' успешно создана или уже существует.
[2026-07-06T15:07:50.189Z] Initialized dates: [object Object]
[2026-07-06T15:07:51.363Z] Данные SaleByPlan обновлены.
[2026-07-06T15:07:52.611Z] Данные SaleByPlan обновлены.
[2026-07-06T15:07:53.356Z] Данные SaleByPlan обновлены.
[2026-07-06T15:07:53.356Z] Final sales data: [object Object]
[2026-07-06T15:07:53.357Z] [cron] Продажи по плану — завершено (3168ms)
[2026-07-06T15:07:53.357Z] [cron] Зарплата — запуск...
[2026-07-06T15:07:53.357Z] Accessories UUIDs: 
[2026-07-06T15:07:55.071Z] Salary and bonus: 
[2026-07-06T15:08:02.747Z] Accessories sales: 0
[2026-07-06T15:08:03.774Z] Salary report: [object Object]
[2026-07-06T15:08:03.775Z] Таблица 'salaryData' успешно создана или уже существует.
[2026-07-06T15:08:03.775Z] Запись за 05-07-2026 / 20251229-316B-40A1-80F7-C59E5B8E6831 уже существует. Пропуск.
[2026-07-06T15:08:08.857Z] Таблица 'index_documents' успешно создана или уже существует
[2026-07-06T15:08:08.858Z] Таблица 'shops' успешно создана или уже существует.
[2026-07-06T15:08:08.858Z] Таблица 'employees' успешно создана или уже существует.
[2026-07-06T15:08:11.414Z] Accessories sales: 0
[2026-07-06T15:08:12.389Z] Salary report: [object Object]
[2026-07-06T15:08:12.390Z] Таблица 'salaryData' успешно создана или уже существует.
[2026-07-06T15:08:12.390Z] Запись за 05-07-2026 / 20260103-425F-4044-8093-F2008B89A33B уже существует. Пропуск.
[2026-07-06T15:08:20.045Z] Accessories sales: 0
[2026-07-06T15:08:21.073Z] Salary report: [object Object]
[2026-07-06T15:08:21.073Z] Таблица 'salaryData' успешно создана или уже существует.
[2026-07-06T15:08:21.073Z] Запись за 05-07-2026 / 20260103-7090-403D-8015-DE08E5B1138E уже существует. Пропуск.
[2026-07-06T15:08:21.073Z] [cron] Зарплата — завершено (27716ms)
[2026-07-06T15:08:21.073Z] [startup] Планы и зарплаты — готово
[2026-07-06T15:10:32.545Z] 🚀 Запуск локального сервера на http://localhost:3000
[2026-07-06T15:10:32.546Z]    БД: .wrangler/state/v3/d1/miniflare-D1DatabaseObject/77e38069f80f1e633c9f5aa7772a284a52b432b7fafc0a93a3719afdd1326ebf.sqlite
[2026-07-06T15:10:32.546Z]    Файлы: ./data/storage/
[2026-07-06T15:10:32.546Z]    Логи: ./data/logs/
[2026-07-06T15:10:32.547Z] ✅ Сервер слушает порт 3000
[2026-07-06T15:10:32.557Z] [cron] Планировщик запущен:
[2026-07-06T15:10:32.558Z]   syncDocuments      — каждые 30 минут
[2026-07-06T15:10:32.558Z]   updatePlans        — каждые 6 часов
[2026-07-06T15:10:32.558Z]   updateSalesByPlan  — каждые 6 часов
[2026-07-06T15:10:32.558Z]   calcSalary         — каждые 6 часов
[2026-07-06T15:10:32.558Z]   updateProductsShope — каждые 6 часов
[2026-07-06T15:10:34.549Z] [cron] первичная синхронизация — запуск...
[2026-07-06T15:10:34.549Z] Таблица 'index_documents' успешно создана или уже существует
[2026-07-06T15:10:34.585Z] [ensureDays] Пробелов нет, все 90 дней на месте
[2026-07-06T15:10:36.549Z] [cron] syncShops — запуск...
[2026-07-06T15:10:36.551Z] Таблица 'shops' успешно создана или уже существует.
[2026-07-06T15:10:38.548Z] [cron] syncEmployees — запуск...
[2026-07-06T15:10:38.549Z] Таблица 'employees' успешно создана или уже существует.
[2026-07-06T15:10:40.916Z] [syncDocuments] Новых документов за 24ч: 358
[2026-07-06T15:10:40.921Z] Successfully inserted 358 documents (duplicates skipped)
[2026-07-06T15:10:40.921Z] [syncDocuments] Синхронизация завершена
[2026-07-06T15:10:40.921Z] [cron] первичная синхронизация — завершено (6372ms)
[2026-07-06T15:10:41.649Z] Синхронизировано магазинов: 3
[2026-07-06T15:10:41.649Z] [syncShops] 3 магазинов синхронизировано
[2026-07-06T15:10:41.649Z] [cron] syncShops — завершено (5100ms)
[2026-07-06T15:10:44.864Z] Синхронизировано сотрудников: 10
[2026-07-06T15:10:44.865Z] [syncEmployees] 10 сотрудников синхронизировано
[2026-07-06T15:10:44.865Z] [cron] syncEmployees — завершено (6317ms)
[2026-07-06T15:10:47.549Z] [startup] Расчет планов и зарплат...
[2026-07-06T15:10:47.549Z] [cron] План продаж — запуск...
[2026-07-06T15:10:47.549Z] Старт функции updatePlan
[2026-07-06T15:10:47.549Z] Дата для плана: 06-07-2026
[2026-07-06T15:10:47.550Z] Получены UUID товаров: 175 шт.
[2026-07-06T15:10:49.703Z] Получено записей плана: 3
[2026-07-06T15:10:49.703Z] План обновлён: 3 магазинов за 06-07-2026
[2026-07-06T15:10:49.703Z] Обновление базы данных плана завершено успешно
[2026-07-06T15:10:49.703Z] [cron] План продаж — завершено (2154ms)
[2026-07-06T15:10:49.703Z] [cron] Продажи по плану — запуск...
[2026-07-06T15:10:49.704Z] Таблица 'SaleByPlan' успешно создана или уже существует.
[2026-07-06T15:10:49.704Z] Initialized dates: [object Object]
[2026-07-06T15:10:49.738Z] Данные SaleByPlan обновлены.
[2026-07-06T15:10:49.757Z] Данные SaleByPlan обновлены.
[2026-07-06T15:10:49.770Z] Данные SaleByPlan обновлены.
[2026-07-06T15:10:49.770Z] Final sales data: [object Object]
[2026-07-06T15:10:49.771Z] [cron] Продажи по плану — завершено (68ms)
[2026-07-06T15:10:49.771Z] [cron] Зарплата — запуск...
[2026-07-06T15:10:49.771Z] Accessories UUIDs: 
[2026-07-06T15:10:49.784Z] Salary and bonus: 
[2026-07-06T15:10:56.793Z] Salary report: [object Object]
[2026-07-06T15:10:56.793Z] Таблица 'salaryData' успешно создана или уже существует.
[2026-07-06T15:10:56.793Z] Запись за 05-07-2026 / 20251229-316B-40A1-80F7-C59E5B8E6831 уже существует. Пропуск.
[2026-07-06T15:11:03.802Z] Salary report: [object Object]
[2026-07-06T15:11:03.804Z] Таблица 'salaryData' успешно создана или уже существует.
[2026-07-06T15:11:03.804Z] Запись за 05-07-2026 / 20260103-425F-4044-8093-F2008B89A33B уже существует. Пропуск.
[2026-07-06T15:11:10.819Z] Salary report: [object Object]
[2026-07-06T15:11:10.819Z] Таблица 'salaryData' успешно создана или уже существует.
[2026-07-06T15:11:10.819Z] Запись за 05-07-2026 / 20260103-7090-403D-8015-DE08E5B1138E уже существует. Пропуск.
[2026-07-06T15:11:10.819Z] [cron] Зарплата — завершено (21048ms)
[2026-07-06T15:11:10.819Z] [startup] Планы и зарплаты — готово
[2026-07-06T15:11:13.311Z] Таблица 'index_documents' успешно создана или уже существует
[2026-07-06T15:11:13.311Z] Таблица 'shops' успешно создана или уже существует.
[2026-07-06T15:11:13.311Z] Таблица 'employees' успешно создана или уже существует.
[2026-07-06T15:28:26.347Z] employeeRole: SUPERADMIN
[2026-07-06T15:30:00.004Z] [cron] syncDocuments — запуск...
[2026-07-06T15:30:00.007Z] [cron] syncShops — запуск...
[2026-07-06T15:30:00.009Z] [cron] syncEmployees — запуск...
[2026-07-06T15:30:00.009Z] Таблица 'index_documents' успешно создана или уже существует
[2026-07-06T15:30:00.056Z] [ensureDays] Пробелов нет, все 90 дней на месте
[2026-07-06T15:30:00.057Z] Таблица 'shops' успешно создана или уже существует.
[2026-07-06T15:30:00.058Z] Таблица 'employees' успешно создана или уже существует.
[2026-07-06T15:30:05.169Z] Синхронизировано магазинов: 3
[2026-07-06T15:30:05.169Z] [syncShops] 3 магазинов синхронизировано
[2026-07-06T15:30:05.169Z] [cron] syncShops — завершено (5162ms)
[2026-07-06T15:30:06.479Z] [syncDocuments] Новых документов за 24ч: 363
[2026-07-06T15:30:06.490Z] Successfully inserted 363 documents (duplicates skipped)
[2026-07-06T15:30:06.490Z] [syncDocuments] Синхронизация завершена
[2026-07-06T15:30:06.490Z] [cron] syncDocuments — завершено (6486ms)
[2026-07-06T15:30:10.159Z] Синхронизировано сотрудников: 10
[2026-07-06T15:30:10.159Z] [syncEmployees] 10 сотрудников синхронизировано
[2026-07-06T15:30:10.159Z] [cron] syncEmployees — завершено (10150ms)
[2026-07-06T15:33:30.264Z] 🚀 Запуск локального сервера на http://localhost:3000
[2026-07-06T15:33:30.265Z]    БД: .wrangler/state/v3/d1/miniflare-D1DatabaseObject/77e38069f80f1e633c9f5aa7772a284a52b432b7fafc0a93a3719afdd1326ebf.sqlite
[2026-07-06T15:33:30.265Z]    Файлы: ./data/storage/
[2026-07-06T15:33:30.266Z]    Логи: ./data/logs/
[2026-07-06T15:33:30.267Z] ✅ Сервер слушает порт 3000
[2026-07-06T15:33:30.277Z] [cron] Планировщик запущен:
[2026-07-06T15:33:30.277Z]   syncDocuments      — каждые 30 минут
[2026-07-06T15:33:30.277Z]   updatePlans        — каждые 6 часов
[2026-07-06T15:33:30.277Z]   updateSalesByPlan  — каждые 6 часов
[2026-07-06T15:33:30.277Z]   calcSalary         — каждые 6 часов
[2026-07-06T15:33:30.277Z]   updateProductsShope — каждые 6 часов
[2026-07-06T15:33:32.268Z] [cron] первичная синхронизация — запуск...
[2026-07-06T15:33:32.269Z] Таблица 'index_documents' успешно создана или уже существует
[2026-07-06T15:33:32.305Z] [ensureDays] Пробелов нет, все 90 дней на месте
[2026-07-06T15:33:34.268Z] [cron] syncShops — запуск...
[2026-07-06T15:33:34.273Z] Таблица 'shops' успешно создана или уже существует.
[2026-07-06T15:33:35.680Z] [syncDocuments] Новых документов за 24ч: 364
[2026-07-06T15:33:35.683Z] Successfully inserted 364 documents (duplicates skipped)
[2026-07-06T15:33:35.683Z] [syncDocuments] Синхронизация завершена
[2026-07-06T15:33:35.683Z] [cron] первичная синхронизация — завершено (3415ms)
[2026-07-06T15:33:36.268Z] [cron] syncEmployees — запуск...
[2026-07-06T15:33:36.269Z] Таблица 'employees' успешно создана или уже существует.
[2026-07-06T15:33:36.309Z] Синхронизировано сотрудников: 10
[2026-07-06T15:33:36.309Z] [syncEmployees] 10 сотрудников синхронизировано
[2026-07-06T15:33:36.309Z] [cron] syncEmployees — завершено (41ms)
[2026-07-06T15:33:39.372Z] Синхронизировано магазинов: 3
[2026-07-06T15:33:39.372Z] [syncShops] 3 магазинов синхронизировано
[2026-07-06T15:33:39.373Z] [cron] syncShops — завершено (5105ms)
[2026-07-06T15:33:45.268Z] [startup] Расчет планов и зарплат...
[2026-07-06T15:33:45.268Z] [cron] План продаж — запуск...
[2026-07-06T15:33:45.269Z] Старт функции updatePlan
[2026-07-06T15:33:45.269Z] Дата для плана: 06-07-2026
[2026-07-06T15:33:45.269Z] Получены UUID товаров: 175 шт.
[2026-07-06T15:33:47.416Z] Получено записей плана: 3
[2026-07-06T15:33:47.417Z] План обновлён: 3 магазинов за 06-07-2026
[2026-07-06T15:33:47.417Z] Обновление базы данных плана завершено успешно
[2026-07-06T15:33:47.417Z] [cron] План продаж — завершено (2149ms)
[2026-07-06T15:33:47.417Z] [cron] Продажи по плану — запуск...
[2026-07-06T15:33:47.417Z] Таблица 'SaleByPlan' успешно создана или уже существует.
[2026-07-06T15:33:47.417Z] Initialized dates: [object Object]
[2026-07-06T15:33:47.442Z] Данные SaleByPlan обновлены.
[2026-07-06T15:33:47.454Z] Данные SaleByPlan обновлены.
[2026-07-06T15:33:47.462Z] Данные SaleByPlan обновлены.
[2026-07-06T15:33:47.463Z] Final sales data: [object Object]
[2026-07-06T15:33:47.463Z] [cron] Продажи по плану — завершено (46ms)
[2026-07-06T15:33:47.463Z] [cron] Зарплата — запуск...
[2026-07-06T15:33:47.463Z] Accessories UUIDs: 
[2026-07-06T15:33:47.476Z] Salary and bonus: 
[2026-07-06T15:33:54.487Z] Salary report: [object Object]
[2026-07-06T15:33:54.488Z] Таблица 'salaryData' успешно создана или уже существует.
[2026-07-06T15:33:54.488Z] Запись за 05-07-2026 / 20251229-316B-40A1-80F7-C59E5B8E6831 уже существует. Пропуск.
[2026-07-06T15:34:01.497Z] Salary report: [object Object]
[2026-07-06T15:34:01.497Z] Таблица 'salaryData' успешно создана или уже существует.
[2026-07-06T15:34:01.497Z] Запись за 05-07-2026 / 20260103-425F-4044-8093-F2008B89A33B уже существует. Пропуск.
[2026-07-06T15:34:08.504Z] Salary report: [object Object]
[2026-07-06T15:34:08.505Z] Таблица 'salaryData' успешно создана или уже существует.
[2026-07-06T15:34:08.505Z] Запись за 05-07-2026 / 20260103-7090-403D-8015-DE08E5B1138E уже существует. Пропуск.
[2026-07-06T15:34:08.505Z] [cron] Зарплата — завершено (21042ms)
[2026-07-06T15:34:08.505Z] [startup] Планы и зарплаты — готово
[2026-07-06T15:34:11.115Z] Таблица 'index_documents' успешно создана или уже существует
[2026-07-06T15:34:11.116Z] Таблица 'shops' успешно создана или уже существует.
[2026-07-06T15:34:11.116Z] Таблица 'employees' успешно создана или уже существует.
[2026-07-06T15:37:15.008Z] employeeRole: SUPERADMIN
[2026-07-06T15:38:25.341Z] employeeRole: SUPERADMIN
[2026-07-06T15:38:28.205Z] employeeRole: SUPERADMIN
[2026-07-06T16:00:00.012Z] [cron] syncDocuments — запуск...
[2026-07-06T16:00:00.018Z] [cron] syncShops — запуск...
[2026-07-06T16:00:00.019Z] [cron] syncEmployees — запуск...
[2026-07-06T16:00:00.019Z] Таблица 'index_documents' успешно создана или уже существует
[2026-07-06T16:00:00.080Z] [ensureDays] Пробелов нет, все 90 дней на месте
[2026-07-06T16:00:00.083Z] Таблица 'shops' успешно создана или уже существует.
[2026-07-06T16:00:00.085Z] Таблица 'employees' успешно создана или уже существует.
[2026-07-06T16:00:00.199Z] Синхронизировано магазинов: 3
[2026-07-06T16:00:00.199Z] [syncShops] 3 магазинов синхронизировано
[2026-07-06T16:00:00.199Z] [cron] syncShops — завершено (181ms)
[2026-07-06T16:00:00.268Z] Синхронизировано сотрудников: 10
[2026-07-06T16:00:00.269Z] [syncEmployees] 10 сотрудников синхронизировано
[2026-07-06T16:00:00.269Z] [cron] syncEmployees — завершено (250ms)
[2026-07-06T16:00:01.766Z] [syncDocuments] Новых документов за 24ч: 372
[2026-07-06T16:00:01.779Z] Successfully inserted 372 documents (duplicates skipped)
[2026-07-06T16:00:01.779Z] [syncDocuments] Синхронизация завершена
[2026-07-06T16:00:01.780Z] [cron] syncDocuments — завершено (1768ms)
[2026-07-06T16:30:00.005Z] [cron] syncDocuments — запуск...
[2026-07-06T16:30:00.011Z] [cron] syncShops — запуск...
[2026-07-06T16:30:00.013Z] [cron] syncEmployees — запуск...
[2026-07-06T16:30:00.014Z] Таблица 'index_documents' успешно создана или уже существует
[2026-07-06T16:30:00.065Z] [ensureDays] Пробелов нет, все 90 дней на месте
[2026-07-06T16:30:00.067Z] Таблица 'shops' успешно создана или уже существует.
[2026-07-06T16:30:00.067Z] Таблица 'employees' успешно создана или уже существует.
[2026-07-06T16:30:05.203Z] Синхронизировано магазинов: 3
[2026-07-06T16:30:05.203Z] [syncShops] 3 магазинов синхронизировано
[2026-07-06T16:30:05.204Z] [cron] syncShops — завершено (5193ms)
[2026-07-06T16:30:06.430Z] [syncDocuments] Новых документов за 24ч: 383
[2026-07-06T16:30:06.440Z] Successfully inserted 383 documents (duplicates skipped)
[2026-07-06T16:30:06.440Z] [syncDocuments] Синхронизация завершена
[2026-07-06T16:30:06.440Z] [cron] syncDocuments — завершено (6435ms)
[2026-07-06T16:30:10.195Z] Синхронизировано сотрудников: 10
[2026-07-06T16:30:10.196Z] [syncEmployees] 10 сотрудников синхронизировано
[2026-07-06T16:30:10.196Z] [cron] syncEmployees — завершено (10183ms)
[2026-07-06T17:51:35.402Z] 🚀 Запуск локального сервера на http://localhost:3000
[2026-07-06T17:51:35.404Z]    БД: .wrangler/state/v3/d1/miniflare-D1DatabaseObject/77e38069f80f1e633c9f5aa7772a284a52b432b7fafc0a93a3719afdd1326ebf.sqlite
[2026-07-06T17:51:35.404Z]    Файлы: ./data/storage/
[2026-07-06T17:51:35.404Z]    Логи: ./data/logs/
[2026-07-06T17:51:35.405Z] ✅ Сервер слушает порт 3000
[2026-07-06T17:51:35.418Z] [cron] Планировщик запущен:
[2026-07-06T17:51:35.418Z]   syncDocuments      — каждые 30 минут
[2026-07-06T17:51:35.418Z]   updatePlans        — каждые 6 часов
[2026-07-06T17:51:35.418Z]   updateSalesByPlan  — каждые 6 часов
[2026-07-06T17:51:35.418Z]   calcSalary         — каждые 6 часов
[2026-07-06T17:51:35.418Z]   updateProductsShope — каждые 6 часов
[2026-07-06T17:51:37.407Z] [cron] первичная синхронизация — запуск...
[2026-07-06T17:51:37.408Z] Таблица 'index_documents' успешно создана или уже существует
[2026-07-06T17:51:37.450Z] [ensureDays] Пробелов нет, все 90 дней на месте
[2026-07-06T17:51:39.407Z] [cron] syncShops — запуск...
[2026-07-06T17:51:39.408Z] Таблица 'shops' успешно создана или уже существует.
[2026-07-06T17:51:41.307Z] Таблица 'index_documents' успешно создана или уже существует
[2026-07-06T17:51:41.307Z] Таблица 'shops' успешно создана или уже существует.
[2026-07-06T17:51:41.307Z] Таблица 'employees' успешно создана или уже существует.
[2026-07-06T17:51:41.406Z] [cron] syncEmployees — запуск...
[2026-07-06T17:51:41.407Z] Таблица 'employees' успешно создана или уже существует.
[2026-07-06T17:51:43.766Z] [syncDocuments] Новых документов за 24ч: 401
[2026-07-06T17:51:43.770Z] Successfully inserted 401 documents (duplicates skipped)
[2026-07-06T17:51:43.770Z] [syncDocuments] Синхронизация завершена
[2026-07-06T17:51:43.770Z] [cron] первичная синхронизация — завершено (6363ms)
[2026-07-06T17:51:44.513Z] Синхронизировано магазинов: 3
[2026-07-06T17:51:44.514Z] [syncShops] 3 магазинов синхронизировано
[2026-07-06T17:51:44.514Z] [cron] syncShops — завершено (5107ms)
[2026-07-06T17:51:48.289Z] Синхронизировано сотрудников: 10
[2026-07-06T17:51:48.290Z] [syncEmployees] 10 сотрудников синхронизировано
[2026-07-06T17:51:48.290Z] [cron] syncEmployees — завершено (6884ms)
[2026-07-06T17:51:50.406Z] [startup] Расчет планов и зарплат...
[2026-07-06T17:51:50.409Z] [cron] План продаж — запуск...
[2026-07-06T17:51:50.409Z] Старт функции updatePlan
[2026-07-06T17:51:50.409Z] Дата для плана: 06-07-2026
[2026-07-06T17:51:50.410Z] Получены UUID товаров: 175 шт.
[2026-07-06T17:51:52.579Z] Получено записей плана: 3
[2026-07-06T17:51:52.581Z] План обновлён: 3 магазинов за 06-07-2026
[2026-07-06T17:51:52.581Z] Обновление базы данных плана завершено успешно
[2026-07-06T17:51:52.581Z] [cron] План продаж — завершено (2172ms)
[2026-07-06T17:51:52.581Z] [cron] Продажи по плану — запуск...
[2026-07-06T17:51:52.581Z] Таблица 'SaleByPlan' успешно создана или уже существует.
[2026-07-06T17:51:52.581Z] Initialized dates: [object Object]
[2026-07-06T17:51:52.625Z] Данные SaleByPlan обновлены.
[2026-07-06T17:51:52.646Z] Данные SaleByPlan обновлены.
[2026-07-06T17:51:52.659Z] Данные SaleByPlan обновлены.
[2026-07-06T17:51:52.659Z] Final sales data: [object Object]
[2026-07-06T17:51:52.660Z] [cron] Продажи по плану — завершено (79ms)
[2026-07-06T17:51:52.660Z] [cron] Зарплата — запуск...
[2026-07-06T17:51:52.660Z] Accessories UUIDs: 3f51bb7f-f3a2-11e8-b973-ccb0da458b5a,729f41b4-0e69-11f1-91b6-be8fe126e7b9,78ddfd78-dc52-11e8-b970-ccb0da458b5a,a8fc0e51-eeb0-11ee-88ab-be8fe126e7b8,bc475e8b-b8f1-11e9-b988-ccb0da458b5a,ebdf9e2d-899e-11e8-b95f-c8d3ff286ecb,ebdf9e31-899e-11e8-b95f-c8d3ff286ecb,ebdf9e32-899e-11e8-b95f-c8d3ff286ecb,ebdf9e33-899e-11e8-b95f-c8d3ff286ecb,ebdf9e34-899e-11e8-b95f-c8d3ff286ecb,ebdf9e35-899e-11e8-b95f-c8d3ff286ecb,ebdf9e36-899e-11e8-b95f-c8d3ff286ecb,ebdf9e37-899e-11e8-b95f-c8d3ff286ecb,ebdf9e38-899e-11e8-b95f-c8d3ff286ecb,eea6020a-0993-11f1-842a-be8fe126e7b9,f9fff34b-8cc9-11e8-b960-c8d3ff286ecb
[2026-07-06T17:51:52.673Z] Salary and bonus: 
[2026-07-06T17:51:59.697Z] Accessories sales: 10071
[2026-07-06T17:51:59.705Z] Salary report: [object Object]
[2026-07-06T17:51:59.705Z] Таблица 'salaryData' успешно создана или уже существует.
[2026-07-06T17:51:59.706Z] Запись за 05-07-2026 / 20251229-316B-40A1-80F7-C59E5B8E6831 уже существует. Пропуск.
[2026-07-06T17:52:06.724Z] Accessories sales: 8246
[2026-07-06T17:52:06.733Z] Salary report: [object Object]
[2026-07-06T17:52:06.733Z] Таблица 'salaryData' успешно создана или уже существует.
[2026-07-06T17:52:06.733Z] Запись за 05-07-2026 / 20260103-425F-4044-8093-F2008B89A33B уже существует. Пропуск.
[2026-07-06T17:52:13.742Z] Accessories sales: 5594
[2026-07-06T17:52:13.747Z] Salary report: [object Object]
[2026-07-06T17:52:13.748Z] Таблица 'salaryData' успешно создана или уже существует.
[2026-07-06T17:52:13.748Z] Запись за 05-07-2026 / 20260103-7090-403D-8015-DE08E5B1138E уже существует. Пропуск.
[2026-07-06T17:52:13.748Z] [cron] Зарплата — завершено (21088ms)
[2026-07-06T17:52:13.748Z] [startup] Планы и зарплаты — готово
[2026-07-06T18:00:00.002Z] [cron] syncDocuments — запуск...
[2026-07-06T18:00:00.008Z] [cron] syncShops — запуск...
[2026-07-06T18:00:00.008Z] [cron] syncEmployees — запуск...
[2026-07-06T18:00:00.009Z] Таблица 'index_documents' успешно создана или уже существует
[2026-07-06T18:00:00.062Z] [ensureDays] Пробелов нет, все 90 дней на месте
[2026-07-06T18:00:00.064Z] Таблица 'shops' успешно создана или уже существует.
[2026-07-06T18:00:00.064Z] Таблица 'employees' успешно создана или уже существует.
[2026-07-06T18:00:05.171Z] Синхронизировано магазинов: 3
[2026-07-06T18:00:05.171Z] [syncShops] 3 магазинов синхронизировано
[2026-07-06T18:00:05.171Z] [cron] syncShops — завершено (5163ms)
[2026-07-06T18:00:07.492Z] [syncDocuments] Новых документов за 24ч: 402
[2026-07-06T18:00:07.497Z] Successfully inserted 402 documents (duplicates skipped)
[2026-07-06T18:00:07.498Z] [syncDocuments] Синхронизация завершена
[2026-07-06T18:00:07.498Z] [cron] syncDocuments — завершено (7496ms)
[2026-07-06T18:00:10.220Z] Синхронизировано сотрудников: 10
[2026-07-06T18:00:10.220Z] [syncEmployees] 10 сотрудников синхронизировано
[2026-07-06T18:00:10.221Z] [cron] syncEmployees — завершено (10213ms)
[2026-07-06T18:30:00.011Z] [cron] syncDocuments — запуск...
[2026-07-06T18:30:00.015Z] [cron] syncShops — запуск...
[2026-07-06T18:30:00.016Z] [cron] syncEmployees — запуск...
[2026-07-06T18:30:00.016Z] Таблица 'index_documents' успешно создана или уже существует
[2026-07-06T18:30:00.064Z] [ensureDays] Пробелов нет, все 90 дней на месте
[2026-07-06T18:30:00.068Z] Таблица 'shops' успешно создана или уже существует.
[2026-07-06T18:30:00.068Z] Таблица 'employees' успешно создана или уже существует.
[2026-07-06T18:30:05.212Z] Синхронизировано магазинов: 3
[2026-07-06T18:30:05.212Z] [syncShops] 3 магазинов синхронизировано
[2026-07-06T18:30:05.212Z] [cron] syncShops — завершено (5197ms)
[2026-07-06T18:30:06.449Z] [syncDocuments] Новых документов за 24ч: 408
[2026-07-06T18:30:06.458Z] Successfully inserted 408 documents (duplicates skipped)
[2026-07-06T18:30:06.459Z] [syncDocuments] Синхронизация завершена
[2026-07-06T18:30:06.459Z] [cron] syncDocuments — завершено (6448ms)
[2026-07-06T18:30:10.231Z] Синхронизировано сотрудников: 10
[2026-07-06T18:30:10.231Z] [syncEmployees] 10 сотрудников синхронизировано
[2026-07-06T18:30:10.231Z] [cron] syncEmployees — завершено (10215ms)
[2026-07-06T19:56:14.540Z] employeeRole: SUPERADMIN
[2026-07-06T19:56:17.353Z] employeeRole: SUPERADMIN
[2026-07-06T20:00:00.011Z] [cron] syncDocuments — запуск...
[2026-07-06T20:00:00.013Z] [cron] syncShops — запуск...
[2026-07-06T20:00:00.014Z] [cron] syncEmployees — запуск...
[2026-07-06T20:00:00.014Z] Таблица 'index_documents' успешно создана или уже существует
[2026-07-06T20:00:00.054Z] [ensureDays] Пробелов нет, все 90 дней на месте
[2026-07-06T20:00:00.056Z] Таблица 'shops' успешно создана или уже существует.
[2026-07-06T20:00:00.056Z] Таблица 'employees' успешно создана или уже существует.
[2026-07-06T20:00:00.174Z] Синхронизировано сотрудников: 10
[2026-07-06T20:00:00.174Z] [syncEmployees] 10 сотрудников синхронизировано
[2026-07-06T20:00:00.174Z] [cron] syncEmployees — завершено (160ms)
[2026-07-06T20:00:00.179Z] Синхронизировано магазинов: 3
[2026-07-06T20:00:00.179Z] [syncShops] 3 магазинов синхронизировано
[2026-07-06T20:00:00.179Z] [cron] syncShops — завершено (166ms)
[2026-07-06T20:00:01.717Z] [syncDocuments] Новых документов за 24ч: 408
[2026-07-06T20:00:01.727Z] Successfully inserted 408 documents (duplicates skipped)
[2026-07-06T20:00:01.727Z] [syncDocuments] Синхронизация завершена
[2026-07-06T20:00:01.727Z] [cron] syncDocuments — завершено (1716ms)
[2026-07-06T20:02:42.921Z] employeeRole: SUPERADMIN
[2026-07-06T20:05:13.175Z] 🚀 Запуск локального сервера на http://localhost:3000
[2026-07-06T20:05:13.177Z]    БД: .wrangler/state/v3/d1/miniflare-D1DatabaseObject/77e38069f80f1e633c9f5aa7772a284a52b432b7fafc0a93a3719afdd1326ebf.sqlite
[2026-07-06T20:05:13.177Z]    Файлы: ./data/storage/
[2026-07-06T20:05:13.177Z]    Логи: ./data/logs/
[2026-07-06T20:05:13.178Z] ✅ Сервер слушает порт 3000
[2026-07-06T20:05:13.200Z] [cron] Планировщик запущен:
[2026-07-06T20:05:13.200Z]   syncDocuments      — каждые 30 минут
[2026-07-06T20:05:13.200Z]   updatePlans        — каждые 6 часов
[2026-07-06T20:05:13.201Z]   updateSalesByPlan  — каждые 6 часов
[2026-07-06T20:05:13.201Z]   calcSalary         — каждые 6 часов
[2026-07-06T20:05:13.201Z]   updateProductsShope — каждые 6 часов
[2026-07-06T20:05:15.179Z] [cron] первичная синхронизация — запуск...
[2026-07-06T20:05:15.180Z] Таблица 'index_documents' успешно создана или уже существует
[2026-07-06T20:05:15.258Z] [ensureDays] Пробелов нет, все 90 дней на месте
[2026-07-06T20:05:17.179Z] [cron] syncShops — запуск...
[2026-07-06T20:05:17.181Z] Таблица 'shops' успешно создана или уже существует.
[2026-07-06T20:05:18.362Z] Таблица 'index_documents' успешно создана или уже существует
[2026-07-06T20:05:18.363Z] Таблица 'shops' успешно создана или уже существует.
[2026-07-06T20:05:18.363Z] Таблица 'employees' успешно создана или уже существует.
[2026-07-06T20:05:19.178Z] [cron] syncEmployees — запуск...
[2026-07-06T20:05:19.179Z] Таблица 'employees' успешно создана или уже существует.
[2026-07-06T20:05:21.541Z] [syncDocuments] Новых документов за 24ч: 408
[2026-07-06T20:05:21.545Z] Successfully inserted 408 documents (duplicates skipped)
[2026-07-06T20:05:21.545Z] [syncDocuments] Синхронизация завершена
[2026-07-06T20:05:21.545Z] [cron] первичная синхронизация — завершено (6366ms)
[2026-07-06T20:05:22.277Z] Синхронизировано магазинов: 3
[2026-07-06T20:05:22.277Z] [syncShops] 3 магазинов синхронизировано
[2026-07-06T20:05:22.278Z] [cron] syncShops — завершено (5099ms)
[2026-07-06T20:05:25.405Z] Синхронизировано сотрудников: 10
[2026-07-06T20:05:25.406Z] [syncEmployees] 10 сотрудников синхронизировано
[2026-07-06T20:05:25.406Z] [cron] syncEmployees — завершено (6228ms)
[2026-07-06T20:05:25.809Z] employeeRole: SUPERADMIN
[2026-07-06T20:05:28.179Z] [startup] Расчет планов и зарплат...
[2026-07-06T20:05:28.179Z] [cron] План продаж — запуск...
[2026-07-06T20:05:28.179Z] Старт функции updatePlan
[2026-07-06T20:05:28.180Z] Дата для плана: 06-07-2026
[2026-07-06T20:05:28.180Z] Получены UUID товаров: 175 шт.
[2026-07-06T20:05:30.522Z] Получено записей плана: 3
[2026-07-06T20:05:30.523Z] План обновлён: 3 магазинов за 06-07-2026
[2026-07-06T20:05:30.523Z] Обновление базы данных плана завершено успешно
[2026-07-06T20:05:30.523Z] [cron] План продаж — завершено (2344ms)
[2026-07-06T20:05:30.523Z] [cron] Продажи по плану — запуск...
[2026-07-06T20:05:30.523Z] Таблица 'SaleByPlan' успешно создана или уже существует.
[2026-07-06T20:05:30.523Z] Initialized dates: [object Object]
[2026-07-06T20:05:30.544Z] Данные SaleByPlan обновлены.
[2026-07-06T20:05:30.560Z] Данные SaleByPlan обновлены.
[2026-07-06T20:05:30.570Z] Данные SaleByPlan обновлены.
[2026-07-06T20:05:30.570Z] Final sales data: [object Object]
[2026-07-06T20:05:30.570Z] [cron] Продажи по плану — завершено (47ms)
[2026-07-06T20:05:30.570Z] [cron] Зарплата — запуск...
[2026-07-06T20:05:30.571Z] Accessories UUIDs: 3f51bb7f-f3a2-11e8-b973-ccb0da458b5a,729f41b4-0e69-11f1-91b6-be8fe126e7b9,78ddfd78-dc52-11e8-b970-ccb0da458b5a,a8fc0e51-eeb0-11ee-88ab-be8fe126e7b8,bc475e8b-b8f1-11e9-b988-ccb0da458b5a,ebdf9e2d-899e-11e8-b95f-c8d3ff286ecb,ebdf9e31-899e-11e8-b95f-c8d3ff286ecb,ebdf9e32-899e-11e8-b95f-c8d3ff286ecb,ebdf9e33-899e-11e8-b95f-c8d3ff286ecb,ebdf9e34-899e-11e8-b95f-c8d3ff286ecb,ebdf9e35-899e-11e8-b95f-c8d3ff286ecb,ebdf9e36-899e-11e8-b95f-c8d3ff286ecb,ebdf9e37-899e-11e8-b95f-c8d3ff286ecb,ebdf9e38-899e-11e8-b95f-c8d3ff286ecb,eea6020a-0993-11f1-842a-be8fe126e7b9,f9fff34b-8cc9-11e8-b960-c8d3ff286ecb
[2026-07-06T20:05:30.586Z] Salary and bonus: 
[2026-07-06T20:05:37.612Z] Accessories sales: 10071
[2026-07-06T20:05:37.624Z] Salary report: [object Object]
[2026-07-06T20:05:37.624Z] Таблица 'salaryData' успешно создана или уже существует.
[2026-07-06T20:05:37.624Z] Запись за 05-07-2026 / 20251229-316B-40A1-80F7-C59E5B8E6831 уже существует. Пропуск.
[2026-07-06T20:05:44.650Z] Accessories sales: 8246
[2026-07-06T20:05:44.662Z] Salary report: [object Object]
[2026-07-06T20:05:44.663Z] Таблица 'salaryData' успешно создана или уже существует.
[2026-07-06T20:05:44.663Z] Запись за 05-07-2026 / 20260103-425F-4044-8093-F2008B89A33B уже существует. Пропуск.
[2026-07-06T20:05:51.673Z] Accessories sales: 5594
[2026-07-06T20:05:51.680Z] Salary report: [object Object]
[2026-07-06T20:05:51.681Z] Таблица 'salaryData' успешно создана или уже существует.
[2026-07-06T20:05:51.681Z] Запись за 05-07-2026 / 20260103-7090-403D-8015-DE08E5B1138E уже существует. Пропуск.
[2026-07-06T20:05:51.681Z] [cron] Зарплата — завершено (21111ms)
[2026-07-06T20:05:51.681Z] [startup] Планы и зарплаты — готово
[2026-07-06T20:10:59.345Z] 🚀 Запуск локального сервера на http://localhost:3000
[2026-07-06T20:10:59.346Z]    БД: .wrangler/state/v3/d1/miniflare-D1DatabaseObject/77e38069f80f1e633c9f5aa7772a284a52b432b7fafc0a93a3719afdd1326ebf.sqlite
[2026-07-06T20:10:59.346Z]    Файлы: ./data/storage/
[2026-07-06T20:10:59.346Z]    Логи: ./data/logs/
[2026-07-06T20:10:59.348Z] ✅ Сервер слушает порт 3000
[2026-07-06T20:10:59.358Z] [cron] Планировщик запущен:
[2026-07-06T20:10:59.358Z]   syncDocuments      — каждые 30 минут
[2026-07-06T20:10:59.358Z]   updatePlans        — каждые 6 часов
[2026-07-06T20:10:59.359Z]   updateSalesByPlan  — каждые 6 часов
[2026-07-06T20:10:59.359Z]   calcSalary         — каждые 6 часов
[2026-07-06T20:10:59.359Z]   updateProductsShope — каждые 6 часов
[2026-07-06T20:11:01.348Z] [cron] первичная синхронизация — запуск...
[2026-07-06T20:11:01.349Z] Таблица 'index_documents' успешно создана или уже существует
[2026-07-06T20:11:01.375Z] [ensureDays] Пробелов нет, все 90 дней на месте
[2026-07-06T20:11:03.349Z] [cron] syncShops — запуск...
[2026-07-06T20:11:03.350Z] Таблица 'shops' успешно создана или уже существует.
[2026-07-06T20:11:05.349Z] [cron] syncEmployees — запуск...
[2026-07-06T20:11:05.349Z] Таблица 'employees' успешно создана или уже существует.
[2026-07-06T20:11:07.280Z] Таблица 'index_documents' успешно создана или уже существует
[2026-07-06T20:11:07.281Z] Таблица 'shops' успешно создана или уже существует.
[2026-07-06T20:11:07.281Z] Таблица 'employees' успешно создана или уже существует.
[2026-07-06T20:11:07.646Z] [syncDocuments] Новых документов за 24ч: 408
[2026-07-06T20:11:07.650Z] Successfully inserted 408 documents (duplicates skipped)
[2026-07-06T20:11:07.650Z] [syncDocuments] Синхронизация завершена
[2026-07-06T20:11:07.650Z] [cron] первичная синхронизация — завершено (6302ms)
[2026-07-06T20:11:08.484Z] Синхронизировано магазинов: 3
[2026-07-06T20:11:08.484Z] [syncShops] 3 магазинов синхронизировано
[2026-07-06T20:11:08.485Z] [cron] syncShops — завершено (5136ms)
[2026-07-06T20:11:11.489Z] Синхронизировано сотрудников: 10
[2026-07-06T20:11:11.489Z] [syncEmployees] 10 сотрудников синхронизировано
[2026-07-06T20:11:11.489Z] [cron] syncEmployees — завершено (6140ms)
[2026-07-06T20:11:14.348Z] [startup] Расчет планов и зарплат...
[2026-07-06T20:11:14.349Z] [cron] План продаж — запуск...
[2026-07-06T20:11:14.349Z] Старт функции updatePlan
[2026-07-06T20:11:14.349Z] Дата для плана: 06-07-2026
[2026-07-06T20:11:14.349Z] Получены UUID товаров: 175 шт.
[2026-07-06T20:11:16.506Z] Получено записей плана: 3
[2026-07-06T20:11:16.507Z] План обновлён: 3 магазинов за 06-07-2026
[2026-07-06T20:11:16.507Z] Обновление базы данных плана завершено успешно
[2026-07-06T20:11:16.507Z] [cron] План продаж — завершено (2158ms)
[2026-07-06T20:11:16.507Z] [cron] Продажи по плану — запуск...
[2026-07-06T20:11:16.507Z] Таблица 'SaleByPlan' успешно создана или уже существует.
[2026-07-06T20:11:16.507Z] Initialized dates: [object Object]
[2026-07-06T20:11:16.525Z] Данные SaleByPlan обновлены.
[2026-07-06T20:11:16.537Z] Данные SaleByPlan обновлены.
[2026-07-06T20:11:16.546Z] Данные SaleByPlan обновлены.
[2026-07-06T20:11:16.547Z] Final sales data: [object Object]
[2026-07-06T20:11:16.547Z] [cron] Продажи по плану — завершено (40ms)
[2026-07-06T20:11:16.547Z] [cron] Зарплата — запуск...
[2026-07-06T20:11:16.547Z] Accessories UUIDs: 3f51bb7f-f3a2-11e8-b973-ccb0da458b5a,729f41b4-0e69-11f1-91b6-be8fe126e7b9,78ddfd78-dc52-11e8-b970-ccb0da458b5a,a8fc0e51-eeb0-11ee-88ab-be8fe126e7b8,bc475e8b-b8f1-11e9-b988-ccb0da458b5a,ebdf9e2d-899e-11e8-b95f-c8d3ff286ecb,ebdf9e31-899e-11e8-b95f-c8d3ff286ecb,ebdf9e32-899e-11e8-b95f-c8d3ff286ecb,ebdf9e33-899e-11e8-b95f-c8d3ff286ecb,ebdf9e34-899e-11e8-b95f-c8d3ff286ecb,ebdf9e35-899e-11e8-b95f-c8d3ff286ecb,ebdf9e36-899e-11e8-b95f-c8d3ff286ecb,ebdf9e37-899e-11e8-b95f-c8d3ff286ecb,ebdf9e38-899e-11e8-b95f-c8d3ff286ecb,eea6020a-0993-11f1-842a-be8fe126e7b9,f9fff34b-8cc9-11e8-b960-c8d3ff286ecb
[2026-07-06T20:11:16.561Z] Salary and bonus: 
[2026-07-06T20:11:23.571Z] Accessories sales: 10071
[2026-07-06T20:11:23.579Z] Salary report: [object Object]
[2026-07-06T20:11:23.579Z] Таблица 'salaryData' успешно создана или уже существует.
[2026-07-06T20:11:23.579Z] Запись за 05-07-2026 / 20251229-316B-40A1-80F7-C59E5B8E6831 уже существует. Пропуск.
[2026-07-06T20:11:30.588Z] Accessories sales: 8246
[2026-07-06T20:11:30.595Z] Salary report: [object Object]
[2026-07-06T20:11:30.595Z] Таблица 'salaryData' успешно создана или уже существует.
[2026-07-06T20:11:30.595Z] Запись за 05-07-2026 / 20260103-425F-4044-8093-F2008B89A33B уже существует. Пропуск.
[2026-07-06T20:11:37.527Z] employeeRole: SUPERADMIN
[2026-07-06T20:11:37.695Z] Accessories sales: 5594
[2026-07-06T20:11:37.700Z] Salary report: [object Object]
[2026-07-06T20:11:37.700Z] Таблица 'salaryData' успешно создана или уже существует.
[2026-07-06T20:11:37.700Z] Запись за 05-07-2026 / 20260103-7090-403D-8015-DE08E5B1138E уже существует. Пропуск.
[2026-07-06T20:11:37.700Z] [cron] Зарплата — завершено (21153ms)
[2026-07-06T20:11:37.700Z] [startup] Планы и зарплаты — готово
[2026-07-06T20:11:43.265Z] employeeRole: SUPERADMIN
[2026-07-06T20:14:48.353Z] employeeRole: SUPERADMIN
[2026-07-06T20:19:16.789Z] employeeRole: SUPERADMIN
[2026-07-06T20:20:25.781Z] employeeRole: SUPERADMIN
[2026-07-06T20:29:26.187Z] 🚀 Запуск локального сервера на http://localhost:3000
[2026-07-06T20:29:26.188Z]    БД: .wrangler/state/v3/d1/miniflare-D1DatabaseObject/77e38069f80f1e633c9f5aa7772a284a52b432b7fafc0a93a3719afdd1326ebf.sqlite
[2026-07-06T20:29:26.188Z]    Файлы: ./data/storage/
[2026-07-06T20:29:26.188Z]    Логи: ./data/logs/
[2026-07-06T20:29:26.190Z] ✅ Сервер слушает порт 3000
[2026-07-06T20:29:26.200Z] [cron] Планировщик запущен:
[2026-07-06T20:29:26.200Z]   syncDocuments      — каждые 30 минут
[2026-07-06T20:29:26.200Z]   updatePlans        — каждые 6 часов
[2026-07-06T20:29:26.200Z]   updateSalesByPlan  — каждые 6 часов
[2026-07-06T20:29:26.200Z]   calcSalary         — каждые 6 часов
[2026-07-06T20:29:26.200Z]   updateProductsShope — каждые 6 часов
[2026-07-06T20:29:28.190Z] [cron] первичная синхронизация — запуск...
[2026-07-06T20:29:28.191Z] Таблица 'index_documents' успешно создана или уже существует
[2026-07-06T20:29:28.219Z] [ensureDays] Пробелов нет, все 90 дней на месте
[2026-07-06T20:29:29.848Z] [syncDocuments] Новых документов за 24ч: 408
[2026-07-06T20:29:29.852Z] Successfully inserted 408 documents (duplicates skipped)
[2026-07-06T20:29:29.853Z] [syncDocuments] Синхронизация завершена
[2026-07-06T20:29:29.853Z] [cron] первичная синхронизация — завершено (1663ms)
[2026-07-06T20:29:30.191Z] [cron] syncShops — запуск...
[2026-07-06T20:29:30.192Z] Таблица 'shops' успешно создана или уже существует.
[2026-07-06T20:29:30.232Z] Синхронизировано магазинов: 3
[2026-07-06T20:29:30.232Z] [syncShops] 3 магазинов синхронизировано
[2026-07-06T20:29:30.232Z] [cron] syncShops — завершено (41ms)
[2026-07-06T20:29:32.191Z] [cron] syncEmployees — запуск...
[2026-07-06T20:29:32.191Z] Таблица 'employees' успешно создана или уже существует.
[2026-07-06T20:29:32.239Z] Синхронизировано сотрудников: 10
[2026-07-06T20:29:32.239Z] [syncEmployees] 10 сотрудников синхронизировано
[2026-07-06T20:29:32.239Z] [cron] syncEmployees — завершено (48ms)
[2026-07-06T20:29:36.752Z] Таблица 'index_documents' успешно создана или уже существует
[2026-07-06T20:29:36.752Z] Таблица 'shops' успешно создана или уже существует.
[2026-07-06T20:29:36.752Z] Таблица 'employees' успешно создана или уже существует.
[2026-07-06T20:29:41.191Z] [startup] Расчет планов и зарплат...
[2026-07-06T20:29:41.191Z] [cron] План продаж — запуск...
[2026-07-06T20:29:41.192Z] Старт функции updatePlan
[2026-07-06T20:29:41.192Z] Дата для плана: 06-07-2026
[2026-07-06T20:29:41.192Z] Получены UUID товаров: 175 шт.
[2026-07-06T20:29:43.341Z] Получено записей плана: 3
[2026-07-06T20:29:43.341Z] План обновлён: 3 магазинов за 06-07-2026
[2026-07-06T20:29:43.341Z] Обновление базы данных плана завершено успешно
[2026-07-06T20:29:43.341Z] [cron] План продаж — завершено (2150ms)
[2026-07-06T20:29:43.341Z] [cron] Продажи по плану — запуск...
[2026-07-06T20:29:43.341Z] Таблица 'SaleByPlan' успешно создана или уже существует.
[2026-07-06T20:29:43.341Z] Initialized dates: [object Object]
[2026-07-06T20:29:43.363Z] Данные SaleByPlan обновлены.
[2026-07-06T20:29:43.379Z] Данные SaleByPlan обновлены.
[2026-07-06T20:29:43.391Z] Данные SaleByPlan обновлены.
[2026-07-06T20:29:43.391Z] Final sales data: [object Object]
[2026-07-06T20:29:43.391Z] [cron] Продажи по плану — завершено (50ms)
[2026-07-06T20:29:43.391Z] [cron] Зарплата — запуск...
[2026-07-06T20:29:43.392Z] Accessories UUIDs: 3f51bb7f-f3a2-11e8-b973-ccb0da458b5a,729f41b4-0e69-11f1-91b6-be8fe126e7b9,78ddfd78-dc52-11e8-b970-ccb0da458b5a,a8fc0e51-eeb0-11ee-88ab-be8fe126e7b8,bc475e8b-b8f1-11e9-b988-ccb0da458b5a,ebdf9e2d-899e-11e8-b95f-c8d3ff286ecb,ebdf9e31-899e-11e8-b95f-c8d3ff286ecb,ebdf9e32-899e-11e8-b95f-c8d3ff286ecb,ebdf9e33-899e-11e8-b95f-c8d3ff286ecb,ebdf9e34-899e-11e8-b95f-c8d3ff286ecb,ebdf9e35-899e-11e8-b95f-c8d3ff286ecb,ebdf9e36-899e-11e8-b95f-c8d3ff286ecb,ebdf9e37-899e-11e8-b95f-c8d3ff286ecb,ebdf9e38-899e-11e8-b95f-c8d3ff286ecb,eea6020a-0993-11f1-842a-be8fe126e7b9,f9fff34b-8cc9-11e8-b960-c8d3ff286ecb
[2026-07-06T20:29:43.405Z] Salary and bonus: 
[2026-07-06T20:29:50.421Z] Accessories sales: 10071
[2026-07-06T20:29:50.429Z] Salary report: [object Object]
[2026-07-06T20:29:50.429Z] Таблица 'salaryData' успешно создана или уже существует.
[2026-07-06T20:29:50.430Z] Запись за 05-07-2026 / 20251229-316B-40A1-80F7-C59E5B8E6831 уже существует. Пропуск.
[2026-07-06T20:29:57.445Z] Accessories sales: 8246
[2026-07-06T20:29:57.452Z] Salary report: [object Object]
[2026-07-06T20:29:57.452Z] Таблица 'salaryData' успешно создана или уже существует.
[2026-07-06T20:29:57.452Z] Запись за 05-07-2026 / 20260103-425F-4044-8093-F2008B89A33B уже существует. Пропуск.
[2026-07-06T20:30:00.002Z] [cron] syncDocuments — запуск...
[2026-07-06T20:30:00.003Z] [cron] syncShops — запуск...
[2026-07-06T20:30:00.003Z] [cron] syncEmployees — запуск...
[2026-07-06T20:30:00.004Z] Таблица 'index_documents' успешно создана или уже существует
[2026-07-06T20:30:00.026Z] [ensureDays] Пробелов нет, все 90 дней на месте
[2026-07-06T20:30:00.027Z] Таблица 'shops' успешно создана или уже существует.
[2026-07-06T20:30:00.027Z] Таблица 'employees' успешно создана или уже существует.
[2026-07-06T20:30:00.115Z] Синхронизировано магазинов: 3
[2026-07-06T20:30:00.115Z] [syncShops] 3 магазинов синхронизировано
[2026-07-06T20:30:00.116Z] [cron] syncShops — завершено (113ms)
[2026-07-06T20:30:00.127Z] Синхронизировано сотрудников: 10
[2026-07-06T20:30:00.127Z] [syncEmployees] 10 сотрудников синхронизировано
[2026-07-06T20:30:00.127Z] [cron] syncEmployees — завершено (124ms)
[2026-07-06T20:30:01.706Z] [syncDocuments] Новых документов за 24ч: 408
[2026-07-06T20:30:01.710Z] Successfully inserted 408 documents (duplicates skipped)
[2026-07-06T20:30:01.711Z] [syncDocuments] Синхронизация завершена
[2026-07-06T20:30:01.711Z] [cron] syncDocuments — завершено (1709ms)
[2026-07-06T20:30:04.463Z] Accessories sales: 5594
[2026-07-06T20:30:04.468Z] Salary report: [object Object]
[2026-07-06T20:30:04.468Z] Таблица 'salaryData' успешно создана или уже существует.
[2026-07-06T20:30:04.468Z] Запись за 05-07-2026 / 20260103-7090-403D-8015-DE08E5B1138E уже существует. Пропуск.
[2026-07-06T20:30:04.468Z] [cron] Зарплата — завершено (21077ms)
[2026-07-06T20:30:04.468Z] [startup] Планы и зарплаты — готово
[2026-07-06T20:31:39.668Z] employeeRole: SUPERADMIN
[2026-07-06T20:31:40.836Z] employeeRole: SUPERADMIN
[2026-07-06T20:31:44.320Z] employeeRole: SUPERADMIN
[2026-07-06T20:33:41.271Z] employeeRole: SUPERADMIN
[2026-07-06T20:35:46.123Z] 🚀 Запуск локального сервера на http://localhost:3000
[2026-07-06T20:35:46.124Z]    БД: .wrangler/state/v3/d1/miniflare-D1DatabaseObject/77e38069f80f1e633c9f5aa7772a284a52b432b7fafc0a93a3719afdd1326ebf.sqlite
[2026-07-06T20:35:46.124Z]    Файлы: ./data/storage/
[2026-07-06T20:35:46.124Z]    Логи: ./data/logs/
[2026-07-06T20:35:46.125Z] ✅ Сервер слушает порт 3000
[2026-07-06T20:35:46.135Z] [cron] Планировщик запущен:
[2026-07-06T20:35:46.135Z]   syncDocuments      — каждые 30 минут
[2026-07-06T20:35:46.135Z]   updatePlans        — каждые 6 часов
[2026-07-06T20:35:46.135Z]   updateSalesByPlan  — каждые 6 часов
[2026-07-06T20:35:46.135Z]   calcSalary         — каждые 6 часов
[2026-07-06T20:35:46.135Z]   updateProductsShope — каждые 6 часов
[2026-07-06T20:35:48.127Z] [cron] первичная синхронизация — запуск...
[2026-07-06T20:35:48.127Z] Таблица 'index_documents' успешно создана или уже существует
[2026-07-06T20:35:48.153Z] [ensureDays] Пробелов нет, все 90 дней на месте
[2026-07-06T20:35:50.126Z] [cron] syncShops — запуск...
[2026-07-06T20:35:50.128Z] Таблица 'shops' успешно создана или уже существует.
[2026-07-06T20:35:52.127Z] [cron] syncEmployees — запуск...
[2026-07-06T20:35:52.128Z] Таблица 'employees' успешно создана или уже существует.
[2026-07-06T20:35:54.488Z] [syncDocuments] Новых документов за 24ч: 408
[2026-07-06T20:35:54.493Z] Successfully inserted 408 documents (duplicates skipped)
[2026-07-06T20:35:54.493Z] [syncDocuments] Синхронизация завершена
[2026-07-06T20:35:54.493Z] [cron] первичная синхронизация — завершено (6366ms)
[2026-07-06T20:35:55.214Z] Синхронизировано магазинов: 3
[2026-07-06T20:35:55.215Z] [syncShops] 3 магазинов синхронизировано
[2026-07-06T20:35:55.215Z] [cron] syncShops — завершено (5089ms)
[2026-07-06T20:35:56.018Z] Таблица 'index_documents' успешно создана или уже существует
[2026-07-06T20:35:56.019Z] Таблица 'shops' успешно создана или уже существует.
[2026-07-06T20:35:56.019Z] Таблица 'employees' успешно создана или уже существует.
[2026-07-06T20:35:58.291Z] Синхронизировано сотрудников: 10
[2026-07-06T20:35:58.292Z] [syncEmployees] 10 сотрудников синхронизировано
[2026-07-06T20:35:58.292Z] [cron] syncEmployees — завершено (6165ms)
[2026-07-06T20:36:01.127Z] [startup] Расчет планов и зарплат...
[2026-07-06T20:36:01.127Z] [cron] План продаж — запуск...
[2026-07-06T20:36:01.127Z] Старт функции updatePlan
[2026-07-06T20:36:01.127Z] Дата для плана: 06-07-2026
[2026-07-06T20:36:01.128Z] Получены UUID товаров: 175 шт.
[2026-07-06T20:36:03.306Z] Получено записей плана: 3
[2026-07-06T20:36:03.306Z] План обновлён: 3 магазинов за 06-07-2026
[2026-07-06T20:36:03.306Z] Обновление базы данных плана завершено успешно
[2026-07-06T20:36:03.306Z] [cron] План продаж — завершено (2179ms)
[2026-07-06T20:36:03.307Z] [cron] Продажи по плану — запуск...
[2026-07-06T20:36:03.307Z] Таблица 'SaleByPlan' успешно создана или уже существует.
[2026-07-06T20:36:03.307Z] Initialized dates: [object Object]
[2026-07-06T20:36:03.328Z] Данные SaleByPlan обновлены.
[2026-07-06T20:36:03.344Z] Данные SaleByPlan обновлены.
[2026-07-06T20:36:03.354Z] Данные SaleByPlan обновлены.
[2026-07-06T20:36:03.354Z] Final sales data: [object Object]
[2026-07-06T20:36:03.355Z] [cron] Продажи по плану — завершено (48ms)
[2026-07-06T20:36:03.355Z] [cron] Зарплата — запуск...
[2026-07-06T20:36:03.355Z] Accessories UUIDs: 3f51bb7f-f3a2-11e8-b973-ccb0da458b5a,729f41b4-0e69-11f1-91b6-be8fe126e7b9,78ddfd78-dc52-11e8-b970-ccb0da458b5a,a8fc0e51-eeb0-11ee-88ab-be8fe126e7b8,bc475e8b-b8f1-11e9-b988-ccb0da458b5a,ebdf9e2d-899e-11e8-b95f-c8d3ff286ecb,ebdf9e31-899e-11e8-b95f-c8d3ff286ecb,ebdf9e32-899e-11e8-b95f-c8d3ff286ecb,ebdf9e33-899e-11e8-b95f-c8d3ff286ecb,ebdf9e34-899e-11e8-b95f-c8d3ff286ecb,ebdf9e35-899e-11e8-b95f-c8d3ff286ecb,ebdf9e36-899e-11e8-b95f-c8d3ff286ecb,ebdf9e37-899e-11e8-b95f-c8d3ff286ecb,ebdf9e38-899e-11e8-b95f-c8d3ff286ecb,eea6020a-0993-11f1-842a-be8fe126e7b9,f9fff34b-8cc9-11e8-b960-c8d3ff286ecb
[2026-07-06T20:36:03.368Z] Salary and bonus: 
[2026-07-06T20:36:10.377Z] Accessories sales: 10071
[2026-07-06T20:36:10.384Z] Salary report: [object Object]
[2026-07-06T20:36:10.384Z] Таблица 'salaryData' успешно создана или уже существует.
[2026-07-06T20:36:10.385Z] Запись за 05-07-2026 / 20251229-316B-40A1-80F7-C59E5B8E6831 уже существует. Пропуск.
[2026-07-06T20:36:17.402Z] Accessories sales: 8246
[2026-07-06T20:36:17.410Z] Salary report: [object Object]
[2026-07-06T20:36:17.410Z] Таблица 'salaryData' успешно создана или уже существует.
[2026-07-06T20:36:17.410Z] Запись за 05-07-2026 / 20260103-425F-4044-8093-F2008B89A33B уже существует. Пропуск.
[2026-07-06T20:36:24.424Z] Accessories sales: 5594
[2026-07-06T20:36:24.430Z] Salary report: [object Object]
[2026-07-06T20:36:24.430Z] Таблица 'salaryData' успешно создана или уже существует.
[2026-07-06T20:36:24.430Z] Запись за 05-07-2026 / 20260103-7090-403D-8015-DE08E5B1138E уже существует. Пропуск.
[2026-07-06T20:36:24.430Z] [cron] Зарплата — завершено (21075ms)
[2026-07-06T20:36:24.430Z] [startup] Планы и зарплаты — готово
[2026-07-06T20:38:04.901Z] employeeRole: SUPERADMIN
[2026-07-06T20:40:04.464Z] employeeRole: SUPERADMIN
[2026-07-06T20:42:19.900Z] 🚀 Запуск локального сервера на http://localhost:3000
[2026-07-06T20:42:19.901Z]    БД: .wrangler/state/v3/d1/miniflare-D1DatabaseObject/77e38069f80f1e633c9f5aa7772a284a52b432b7fafc0a93a3719afdd1326ebf.sqlite
[2026-07-06T20:42:19.901Z]    Файлы: ./data/storage/
[2026-07-06T20:42:19.901Z]    Логи: ./data/logs/
[2026-07-06T20:42:19.902Z] ✅ Сервер слушает порт 3000
[2026-07-06T20:42:19.912Z] [cron] Планировщик запущен:
[2026-07-06T20:42:19.912Z]   syncDocuments      — каждые 30 минут
[2026-07-06T20:42:19.912Z]   updatePlans        — каждые 6 часов
[2026-07-06T20:42:19.912Z]   updateSalesByPlan  — каждые 6 часов
[2026-07-06T20:42:19.912Z]   calcSalary         — каждые 6 часов
[2026-07-06T20:42:19.912Z]   updateProductsShope — каждые 6 часов
[2026-07-06T20:42:21.903Z] [cron] первичная синхронизация — запуск...
[2026-07-06T20:42:21.903Z] Таблица 'index_documents' успешно создана или уже существует
[2026-07-06T20:42:21.936Z] [ensureDays] Пробелов нет, все 90 дней на месте
[2026-07-06T20:42:23.903Z] [cron] syncShops — запуск...
[2026-07-06T20:42:23.905Z] Таблица 'shops' успешно создана или уже существует.
[2026-07-06T20:42:25.904Z] [cron] syncEmployees — запуск...
[2026-07-06T20:42:25.905Z] Таблица 'employees' успешно создана или уже существует.
[2026-07-06T20:42:26.260Z] Таблица 'index_documents' успешно создана или уже существует
[2026-07-06T20:42:26.261Z] Таблица 'shops' успешно создана или уже существует.
[2026-07-06T20:42:26.261Z] Таблица 'employees' успешно создана или уже существует.
[2026-07-06T20:42:28.203Z] [syncDocuments] Новых документов за 24ч: 408
[2026-07-06T20:42:28.210Z] Successfully inserted 408 documents (duplicates skipped)
[2026-07-06T20:42:28.210Z] [syncDocuments] Синхронизация завершена
[2026-07-06T20:42:28.210Z] [cron] первичная синхронизация — завершено (6307ms)
[2026-07-06T20:42:28.988Z] Синхронизировано магазинов: 3
[2026-07-06T20:42:28.989Z] [syncShops] 3 магазинов синхронизировано
[2026-07-06T20:42:28.989Z] [cron] syncShops — завершено (5086ms)
[2026-07-06T20:42:32.062Z] Синхронизировано сотрудников: 10
[2026-07-06T20:42:32.062Z] [syncEmployees] 10 сотрудников синхронизировано
[2026-07-06T20:42:32.062Z] [cron] syncEmployees — завершено (6158ms)
[2026-07-06T20:42:34.904Z] [startup] Расчет планов и зарплат...
[2026-07-06T20:42:34.904Z] [cron] План продаж — запуск...
[2026-07-06T20:42:34.904Z] Старт функции updatePlan
[2026-07-06T20:42:34.904Z] Дата для плана: 06-07-2026
[2026-07-06T20:42:34.905Z] Получены UUID товаров: 175 шт.
[2026-07-06T20:42:37.089Z] Получено записей плана: 3
[2026-07-06T20:42:37.089Z] План обновлён: 3 магазинов за 06-07-2026
[2026-07-06T20:42:37.089Z] Обновление базы данных плана завершено успешно
[2026-07-06T20:42:37.090Z] [cron] План продаж — завершено (2186ms)
[2026-07-06T20:42:37.090Z] [cron] Продажи по плану — запуск...
[2026-07-06T20:42:37.090Z] Таблица 'SaleByPlan' успешно создана или уже существует.
[2026-07-06T20:42:37.090Z] Initialized dates: [object Object]
[2026-07-06T20:42:37.110Z] Данные SaleByPlan обновлены.
[2026-07-06T20:42:37.125Z] Данные SaleByPlan обновлены.
[2026-07-06T20:42:37.136Z] Данные SaleByPlan обновлены.
[2026-07-06T20:42:37.136Z] Final sales data: [object Object]
[2026-07-06T20:42:37.137Z] [cron] Продажи по плану — завершено (47ms)
[2026-07-06T20:42:37.137Z] [cron] Зарплата — запуск...
[2026-07-06T20:42:37.137Z] Accessories UUIDs: 3f51bb7f-f3a2-11e8-b973-ccb0da458b5a,729f41b4-0e69-11f1-91b6-be8fe126e7b9,78ddfd78-dc52-11e8-b970-ccb0da458b5a,a8fc0e51-eeb0-11ee-88ab-be8fe126e7b8,bc475e8b-b8f1-11e9-b988-ccb0da458b5a,ebdf9e2d-899e-11e8-b95f-c8d3ff286ecb,ebdf9e31-899e-11e8-b95f-c8d3ff286ecb,ebdf9e32-899e-11e8-b95f-c8d3ff286ecb,ebdf9e33-899e-11e8-b95f-c8d3ff286ecb,ebdf9e34-899e-11e8-b95f-c8d3ff286ecb,ebdf9e35-899e-11e8-b95f-c8d3ff286ecb,ebdf9e36-899e-11e8-b95f-c8d3ff286ecb,ebdf9e37-899e-11e8-b95f-c8d3ff286ecb,ebdf9e38-899e-11e8-b95f-c8d3ff286ecb,eea6020a-0993-11f1-842a-be8fe126e7b9,f9fff34b-8cc9-11e8-b960-c8d3ff286ecb
[2026-07-06T20:42:37.150Z] Salary and bonus: 
[2026-07-06T20:42:44.159Z] Accessories sales: 10071
[2026-07-06T20:42:44.166Z] Salary report: [object Object]
[2026-07-06T20:42:44.166Z] Таблица 'salaryData' успешно создана или уже существует.
[2026-07-06T20:42:44.167Z] Запись за 05-07-2026 / 20251229-316B-40A1-80F7-C59E5B8E6831 уже существует. Пропуск.
[2026-07-06T20:42:51.179Z] Accessories sales: 8246
[2026-07-06T20:42:51.186Z] Salary report: [object Object]
[2026-07-06T20:42:51.187Z] Таблица 'salaryData' успешно создана или уже существует.
[2026-07-06T20:42:51.187Z] Запись за 05-07-2026 / 20260103-425F-4044-8093-F2008B89A33B уже существует. Пропуск.
[2026-07-06T20:42:58.203Z] Accessories sales: 5594
[2026-07-06T20:42:58.210Z] Salary report: [object Object]
[2026-07-06T20:42:58.211Z] Таблица 'salaryData' успешно создана или уже существует.
[2026-07-06T20:42:58.211Z] Запись за 05-07-2026 / 20260103-7090-403D-8015-DE08E5B1138E уже существует. Пропуск.
[2026-07-06T20:42:58.211Z] [cron] Зарплата — завершено (21074ms)
[2026-07-06T20:42:58.211Z] [startup] Планы и зарплаты — готово
[2026-07-06T20:47:09.290Z] employeeRole: SUPERADMIN
[2026-07-06T21:00:00.005Z] [cron] updatePlans — запуск...
[2026-07-06T21:00:00.009Z] Старт функции updatePlan
[2026-07-06T21:00:00.009Z] Дата для плана: 07-07-2026
[2026-07-06T21:00:00.010Z] [cron] updateSalesByPlan — запуск...
[2026-07-06T21:00:00.010Z] [cron] calcSalary — запуск...
[2026-07-06T21:00:00.011Z] Таблица 'SaleByPlan' успешно создана или уже существует.
[2026-07-06T21:00:00.011Z] Получены UUID товаров: 175 шт.
[2026-07-06T21:00:00.013Z] Initialized dates: [object Object]
[2026-07-06T21:00:00.014Z] No existing plan found in D1, trying to fetch from Evotor...
[2026-07-06T21:00:00.015Z] Accessories UUIDs: 3f51bb7f-f3a2-11e8-b973-ccb0da458b5a,729f41b4-0e69-11f1-91b6-be8fe126e7b9,78ddfd78-dc52-11e8-b970-ccb0da458b5a,a8fc0e51-eeb0-11ee-88ab-be8fe126e7b8,bc475e8b-b8f1-11e9-b988-ccb0da458b5a,ebdf9e2d-899e-11e8-b95f-c8d3ff286ecb,ebdf9e31-899e-11e8-b95f-c8d3ff286ecb,ebdf9e32-899e-11e8-b95f-c8d3ff286ecb,ebdf9e33-899e-11e8-b95f-c8d3ff286ecb,ebdf9e34-899e-11e8-b95f-c8d3ff286ecb,ebdf9e35-899e-11e8-b95f-c8d3ff286ecb,ebdf9e36-899e-11e8-b95f-c8d3ff286ecb,ebdf9e37-899e-11e8-b95f-c8d3ff286ecb,ebdf9e38-899e-11e8-b95f-c8d3ff286ecb,eea6020a-0993-11f1-842a-be8fe126e7b9,f9fff34b-8cc9-11e8-b960-c8d3ff286ecb
[2026-07-06T21:00:00.053Z] Salary and bonus: 
[2026-07-06T21:00:00.053Z] [cron] updateProductsShope — запуск...
[2026-07-06T21:00:00.053Z] Таблица 'shopProduct' успешно создана или уже существует.
[2026-07-06T21:00:00.054Z] [cron] syncDocuments — запуск...
[2026-07-06T21:00:00.054Z] [cron] syncShops — запуск...
[2026-07-06T21:00:00.054Z] [cron] syncEmployees — запуск...
[2026-07-06T21:00:00.054Z] Таблица 'index_documents' успешно создана или уже существует
[2026-07-06T21:00:00.070Z] [ensureDays] Пробелов нет, все 90 дней на месте
[2026-07-06T21:00:00.071Z] Таблица 'shops' успешно создана или уже существует.
[2026-07-06T21:00:00.071Z] Таблица 'employees' успешно создана или уже существует.
[2026-07-06T21:00:07.077Z] Accessories sales: 10071
[2026-07-06T21:00:07.090Z] Salary report: [object Object]
[2026-07-06T21:00:07.091Z] Таблица 'salaryData' успешно создана или уже существует.
[2026-07-06T21:00:07.094Z] Данные сохранены в таблицу salaryData.
[2026-07-06T21:00:07.418Z] Обработано 1314 записей в таблице shopProduct
[2026-07-06T21:00:07.418Z] Ensuring products table exists for shop: 20251229-316B-40A1-80F7-C59E5B8E6831
[2026-07-06T21:00:07.890Z] Обработано 1169 записей в таблице shopProduct
[2026-07-06T21:00:07.890Z] Ensuring products table exists for shop: 20260103-425F-4044-8093-F2008B89A33B
[2026-07-06T21:00:08.368Z] Обработано 1171 записей в таблице shopProduct
[2026-07-06T21:00:08.368Z] Ensuring products table exists for shop: 20260103-7090-403D-8015-DE08E5B1138E
[2026-07-06T21:00:08.369Z] [cron] updateProductsShope — завершено (8316ms)
[2026-07-06T21:00:08.758Z] [syncDocuments] Новых документов за 24ч: 408
[2026-07-06T21:00:08.767Z] Successfully inserted 408 documents (duplicates skipped)
[2026-07-06T21:00:08.767Z] [syncDocuments] Синхронизация завершена
[2026-07-06T21:00:08.768Z] [cron] syncDocuments — завершено (8714ms)
[2026-07-06T21:00:10.525Z] [cron] syncEmployees — завершено (10471ms)
[2026-07-06T21:00:10.526Z] [cron] syncShops — завершено (10472ms)
[2026-07-06T21:00:11.606Z] Fetched new plan from Evotor: [object Object]
[2026-07-06T21:00:11.645Z] Данные SaleByPlan обновлены.
[2026-07-06T21:00:11.675Z] Данные SaleByPlan обновлены.
[2026-07-06T21:00:11.688Z] Данные SaleByPlan обновлены.
[2026-07-06T21:00:11.688Z] Final sales data: [object Object]
[2026-07-06T21:00:11.688Z] [cron] updateSalesByPlan — завершено (11678ms)
[2026-07-06T21:00:12.546Z] Получено записей плана: 3
[2026-07-06T21:00:12.547Z] План обновлён: 3 магазинов за 07-07-2026
[2026-07-06T21:00:12.547Z] Обновление базы данных плана завершено успешно
[2026-07-06T21:00:12.547Z] [cron] updatePlans — завершено (12542ms)
[2026-07-06T21:00:14.116Z] Accessories sales: 8246
[2026-07-06T21:00:14.132Z] Salary report: [object Object]
[2026-07-06T21:00:14.133Z] Таблица 'salaryData' успешно создана или уже существует.
[2026-07-06T21:00:14.133Z] Данные сохранены в таблицу salaryData.
[2026-07-06T21:00:21.150Z] Accessories sales: 5594
[2026-07-06T21:00:21.160Z] Salary report: [object Object]
[2026-07-06T21:00:21.161Z] Таблица 'salaryData' успешно создана или уже существует.
[2026-07-06T21:00:21.161Z] Данные сохранены в таблицу salaryData.
[2026-07-06T21:00:21.161Z] [cron] calcSalary — завершено (21151ms)
[2026-07-07T04:30:00.810Z] [cron] syncDocuments — запуск...
[2026-07-07T04:30:00.815Z] [cron] syncShops — запуск...
[2026-07-07T04:30:00.818Z] [cron] syncEmployees — запуск...
[2026-07-07T04:30:00.818Z] Таблица 'index_documents' успешно создана или уже существует
[2026-07-07T04:30:00.866Z] [ensureDays] Найдено пробелов: 1. Заполняем...
[2026-07-07T04:30:00.872Z] Таблица 'shops' успешно создана или уже существует.
[2026-07-07T04:30:00.872Z] Таблица 'employees' успешно создана или уже существует.
[2026-07-07T04:30:05.994Z] Синхронизировано магазинов: 3
[2026-07-07T04:30:05.994Z] [syncShops] 3 магазинов синхронизировано
[2026-07-07T04:30:05.994Z] [cron] syncShops — завершено (5179ms)
[2026-07-07T04:30:06.069Z] [ensureDays] Загружаем 2026-07-07 → 2026-07-06...
[2026-07-07T04:30:06.070Z] [ensureDays]   Получено 0 документов
[2026-07-07T04:30:06.070Z] No documents provided to saveNewIndexDocuments
[2026-07-07T04:30:06.070Z] [ensureDays] Все пробелы заполнены
[2026-07-07T04:30:07.227Z] [syncDocuments] Новых документов за 24ч: 238
[2026-07-07T04:30:07.234Z] Successfully inserted 238 documents (duplicates skipped)
[2026-07-07T04:30:07.234Z] [syncDocuments] Синхронизация завершена
[2026-07-07T04:30:07.234Z] [cron] syncDocuments — завершено (6424ms)
[2026-07-07T04:30:11.020Z] Синхронизировано сотрудников: 10
[2026-07-07T04:30:11.021Z] [syncEmployees] 10 сотрудников синхронизировано
[2026-07-07T04:30:11.021Z] [cron] syncEmployees — завершено (10203ms)
[2026-07-07T05:30:00.047Z] [cron] syncDocuments — запуск...
[2026-07-07T05:30:00.054Z] [cron] syncShops — запуск...
[2026-07-07T05:30:00.055Z] [cron] syncEmployees — запуск...
[2026-07-07T05:30:00.056Z] Таблица 'index_documents' успешно создана или уже существует
[2026-07-07T05:30:00.124Z] [ensureDays] Пробелов нет, все 90 дней на месте
[2026-07-07T05:30:00.127Z] Таблица 'shops' успешно создана или уже существует.
[2026-07-07T05:30:00.127Z] Таблица 'employees' успешно создана или уже существует.
[2026-07-07T05:30:05.248Z] Синхронизировано магазинов: 3
[2026-07-07T05:30:05.249Z] [syncShops] 3 магазинов синхронизировано
[2026-07-07T05:30:05.249Z] [cron] syncShops — завершено (5195ms)
[2026-07-07T05:30:06.394Z] [syncDocuments] Новых документов за 24ч: 262
[2026-07-07T05:30:06.405Z] Successfully inserted 262 documents (duplicates skipped)
[2026-07-07T05:30:06.406Z] [syncDocuments] Синхронизация завершена
[2026-07-07T05:30:06.406Z] [cron] syncDocuments — завершено (6359ms)
[2026-07-07T05:30:10.254Z] Синхронизировано сотрудников: 10
[2026-07-07T05:30:10.255Z] [syncEmployees] 10 сотрудников синхронизировано
[2026-07-07T05:30:10.255Z] [cron] syncEmployees — завершено (10200ms)
[2026-07-07T05:40:39.603Z] 🚀 Запуск локального сервера на http://localhost:3000
[2026-07-07T05:40:39.604Z]    БД: .wrangler/state/v3/d1/miniflare-D1DatabaseObject/77e38069f80f1e633c9f5aa7772a284a52b432b7fafc0a93a3719afdd1326ebf.sqlite
[2026-07-07T05:40:39.604Z]    Файлы: ./data/storage/
[2026-07-07T05:40:39.605Z]    Логи: ./data/logs/
[2026-07-07T05:40:39.606Z] ✅ Сервер слушает порт 3000
[2026-07-07T05:40:39.616Z] [cron] Планировщик запущен:
[2026-07-07T05:40:39.616Z]   syncDocuments      — каждые 30 минут
[2026-07-07T05:40:39.616Z]   updatePlans        — каждые 6 часов
[2026-07-07T05:40:39.616Z]   updateSalesByPlan  — каждые 6 часов
[2026-07-07T05:40:39.616Z]   calcSalary         — каждые 6 часов
[2026-07-07T05:40:39.616Z]   updateProductsShope — каждые 6 часов
[2026-07-07T05:40:41.608Z] [cron] первичная синхронизация — запуск...
[2026-07-07T05:40:41.609Z] Таблица 'index_documents' успешно создана или уже существует
[2026-07-07T05:40:41.649Z] [ensureDays] Пробелов нет, все 90 дней на месте
[2026-07-07T05:40:43.607Z] [cron] syncShops — запуск...
[2026-07-07T05:40:43.609Z] Таблица 'shops' успешно создана или уже существует.
[2026-07-07T05:40:45.608Z] [cron] syncEmployees — запуск...
[2026-07-07T05:40:45.608Z] Таблица 'employees' успешно создана или уже существует.
[2026-07-07T05:40:48.040Z] [syncDocuments] Новых документов за 24ч: 273
[2026-07-07T05:40:48.043Z] Successfully inserted 273 documents (duplicates skipped)
[2026-07-07T05:40:48.043Z] [syncDocuments] Синхронизация завершена
[2026-07-07T05:40:48.043Z] [cron] первичная синхронизация — завершено (6435ms)
[2026-07-07T05:40:48.722Z] Синхронизировано магазинов: 3
[2026-07-07T05:40:48.722Z] [syncShops] 3 магазинов синхронизировано
[2026-07-07T05:40:48.722Z] [cron] syncShops — завершено (5115ms)
[2026-07-07T05:40:51.817Z] Синхронизировано сотрудников: 10
[2026-07-07T05:40:51.817Z] [syncEmployees] 10 сотрудников синхронизировано
[2026-07-07T05:40:51.817Z] [cron] syncEmployees — завершено (6209ms)
[2026-07-07T05:40:54.607Z] [startup] Расчет планов и зарплат...
[2026-07-07T05:40:54.608Z] [cron] План продаж — запуск...
[2026-07-07T05:40:54.608Z] Старт функции updatePlan
[2026-07-07T05:40:54.608Z] Дата для плана: 07-07-2026
[2026-07-07T05:40:54.611Z] Получены UUID товаров: 175 шт.
[2026-07-07T05:40:56.835Z] Получено записей плана: 3
[2026-07-07T05:40:56.835Z] План обновлён: 3 магазинов за 07-07-2026
[2026-07-07T05:40:56.835Z] Обновление базы данных плана завершено успешно
[2026-07-07T05:40:56.836Z] [cron] План продаж — завершено (2228ms)
[2026-07-07T05:40:56.836Z] [cron] Продажи по плану — запуск...
[2026-07-07T05:40:56.836Z] Таблица 'SaleByPlan' успешно создана или уже существует.
[2026-07-07T05:40:56.836Z] Initialized dates: [object Object]
[2026-07-07T05:40:56.862Z] Данные SaleByPlan обновлены.
[2026-07-07T05:40:56.873Z] Данные SaleByPlan обновлены.
[2026-07-07T05:40:56.882Z] Данные SaleByPlan обновлены.
[2026-07-07T05:40:56.882Z] Final sales data: [object Object]
[2026-07-07T05:40:56.882Z] [cron] Продажи по плану — завершено (46ms)
[2026-07-07T05:40:56.882Z] [cron] Зарплата — запуск...
[2026-07-07T05:40:56.883Z] Accessories UUIDs: 3f51bb7f-f3a2-11e8-b973-ccb0da458b5a,729f41b4-0e69-11f1-91b6-be8fe126e7b9,78ddfd78-dc52-11e8-b970-ccb0da458b5a,a8fc0e51-eeb0-11ee-88ab-be8fe126e7b8,bc475e8b-b8f1-11e9-b988-ccb0da458b5a,ebdf9e2d-899e-11e8-b95f-c8d3ff286ecb,ebdf9e31-899e-11e8-b95f-c8d3ff286ecb,ebdf9e32-899e-11e8-b95f-c8d3ff286ecb,ebdf9e33-899e-11e8-b95f-c8d3ff286ecb,ebdf9e34-899e-11e8-b95f-c8d3ff286ecb,ebdf9e35-899e-11e8-b95f-c8d3ff286ecb,ebdf9e36-899e-11e8-b95f-c8d3ff286ecb,ebdf9e37-899e-11e8-b95f-c8d3ff286ecb,ebdf9e38-899e-11e8-b95f-c8d3ff286ecb,eea6020a-0993-11f1-842a-be8fe126e7b9,f9fff34b-8cc9-11e8-b960-c8d3ff286ecb
[2026-07-07T05:40:56.895Z] Salary and bonus: 
[2026-07-07T05:41:03.914Z] Accessories sales: 11542
[2026-07-07T05:41:03.922Z] Salary report: [object Object]
[2026-07-07T05:41:03.922Z] Таблица 'salaryData' успешно создана или уже существует.
[2026-07-07T05:41:03.922Z] Запись за 06-07-2026 / 20251229-316B-40A1-80F7-C59E5B8E6831 уже существует. Пропуск.
[2026-07-07T05:41:10.943Z] Accessories sales: 11035
[2026-07-07T05:41:10.950Z] Salary report: [object Object]
[2026-07-07T05:41:10.951Z] Таблица 'salaryData' успешно создана или уже существует.
[2026-07-07T05:41:10.951Z] Запись за 06-07-2026 / 20260103-425F-4044-8093-F2008B89A33B уже существует. Пропуск.
[2026-07-07T05:41:17.965Z] Accessories sales: 16240
[2026-07-07T05:41:17.970Z] Salary report: [object Object]
[2026-07-07T05:41:17.971Z] Таблица 'salaryData' успешно создана или уже существует.
[2026-07-07T05:41:17.971Z] Запись за 06-07-2026 / 20260103-7090-403D-8015-DE08E5B1138E уже существует. Пропуск.
[2026-07-07T05:41:17.971Z] [cron] Зарплата — завершено (21089ms)
[2026-07-07T05:41:17.971Z] [startup] Планы и зарплаты — готово
[2026-07-07T06:00:00.031Z] [cron] syncDocuments — запуск...
[2026-07-07T06:00:00.034Z] [cron] syncShops — запуск...
[2026-07-07T06:00:00.035Z] [cron] syncEmployees — запуск...
[2026-07-07T06:00:00.035Z] Таблица 'index_documents' успешно создана или уже существует
[2026-07-07T06:00:00.076Z] [ensureDays] Пробелов нет, все 90 дней на месте
[2026-07-07T06:00:00.078Z] Таблица 'shops' успешно создана или уже существует.
[2026-07-07T06:00:00.078Z] Таблица 'employees' успешно создана или уже существует.
[2026-07-07T06:00:05.199Z] Синхронизировано магазинов: 3
[2026-07-07T06:00:05.199Z] [syncShops] 3 магазинов синхронизировано
[2026-07-07T06:00:05.199Z] [cron] syncShops — завершено (5165ms)
[2026-07-07T06:00:06.345Z] [syncDocuments] Новых документов за 24ч: 280
[2026-07-07T06:00:06.350Z] Successfully inserted 280 documents (duplicates skipped)
[2026-07-07T06:00:06.350Z] [syncDocuments] Синхронизация завершена
[2026-07-07T06:00:06.350Z] [cron] syncDocuments — завершено (6319ms)
[2026-07-07T06:00:10.223Z] Синхронизировано сотрудников: 10
[2026-07-07T06:00:10.224Z] [syncEmployees] 10 сотрудников синхронизировано
[2026-07-07T06:00:10.224Z] [cron] syncEmployees — завершено (10189ms)
[2026-07-07T06:03:15.112Z] 🚀 Запуск локального сервера на http://localhost:3000
[2026-07-07T06:03:15.113Z]    БД: .wrangler/state/v3/d1/miniflare-D1DatabaseObject/77e38069f80f1e633c9f5aa7772a284a52b432b7fafc0a93a3719afdd1326ebf.sqlite
[2026-07-07T06:03:15.113Z]    Файлы: ./data/storage/
[2026-07-07T06:03:15.113Z]    Логи: ./data/logs/
[2026-07-07T06:03:15.115Z] ✅ Сервер слушает порт 3000
[2026-07-07T06:03:15.124Z] [cron] Планировщик запущен:
[2026-07-07T06:03:15.124Z]   syncDocuments      — каждые 30 минут
[2026-07-07T06:03:15.124Z]   updatePlans        — каждые 6 часов
[2026-07-07T06:03:15.124Z]   updateSalesByPlan  — каждые 6 часов
[2026-07-07T06:03:15.124Z]   calcSalary         — каждые 6 часов
[2026-07-07T06:03:15.124Z]   updateProductsShope — каждые 6 часов
[2026-07-07T06:03:17.116Z] [cron] первичная синхронизация — запуск...
[2026-07-07T06:03:17.117Z] Таблица 'index_documents' успешно создана или уже существует
[2026-07-07T06:03:17.154Z] [ensureDays] Пробелов нет, все 90 дней на месте
[2026-07-07T06:03:19.115Z] [cron] syncShops — запуск...
[2026-07-07T06:03:19.117Z] Таблица 'shops' успешно создана или уже существует.
[2026-07-07T06:03:21.116Z] [cron] syncEmployees — запуск...
[2026-07-07T06:03:21.117Z] Таблица 'employees' успешно создана или уже существует.
[2026-07-07T06:03:23.508Z] [syncDocuments] Новых документов за 24ч: 280
[2026-07-07T06:03:23.511Z] Successfully inserted 280 documents (duplicates skipped)
[2026-07-07T06:03:23.511Z] [syncDocuments] Синхронизация завершена
[2026-07-07T06:03:23.511Z] [cron] первичная синхронизация — завершено (6395ms)
[2026-07-07T06:03:24.229Z] Синхронизировано магазинов: 3
[2026-07-07T06:03:24.229Z] [syncShops] 3 магазинов синхронизировано
[2026-07-07T06:03:24.230Z] [cron] syncShops — завершено (5115ms)
[2026-07-07T06:03:25.202Z] Таблица 'index_documents' успешно создана или уже существует
[2026-07-07T06:03:25.202Z] Таблица 'products' успешно создана или уже существует.
[2026-07-07T06:03:25.203Z] Таблица 'shops' успешно создана или уже существует.
[2026-07-07T06:03:25.203Z] Таблица 'employees' успешно создана или уже существует.
[2026-07-07T06:03:27.475Z] Синхронизировано сотрудников: 10
[2026-07-07T06:03:27.475Z] [syncEmployees] 10 сотрудников синхронизировано
[2026-07-07T06:03:27.475Z] [cron] syncEmployees — завершено (6359ms)
[2026-07-07T06:03:30.115Z] [startup] Расчет планов и зарплат...
[2026-07-07T06:03:30.116Z] [cron] План продаж — запуск...
[2026-07-07T06:03:30.116Z] Старт функции updatePlan
[2026-07-07T06:03:30.116Z] Дата для плана: 07-07-2026
[2026-07-07T06:03:30.117Z] Получены UUID товаров: 175 шт.
[2026-07-07T06:03:32.378Z] Получено записей плана: 3
[2026-07-07T06:03:32.379Z] План обновлён: 3 магазинов за 07-07-2026
[2026-07-07T06:03:32.379Z] Обновление базы данных плана завершено успешно
[2026-07-07T06:03:32.379Z] [cron] План продаж — завершено (2263ms)
[2026-07-07T06:03:32.379Z] [cron] Продажи по плану — запуск...
[2026-07-07T06:03:32.379Z] Таблица 'SaleByPlan' успешно создана или уже существует.
[2026-07-07T06:03:32.379Z] Initialized dates: [object Object]
[2026-07-07T06:03:32.395Z] Данные SaleByPlan обновлены.
[2026-07-07T06:03:32.405Z] Данные SaleByPlan обновлены.
[2026-07-07T06:03:32.413Z] Данные SaleByPlan обновлены.
[2026-07-07T06:03:32.413Z] Final sales data: [object Object]
[2026-07-07T06:03:32.414Z] [cron] Продажи по плану — завершено (35ms)
[2026-07-07T06:03:32.414Z] [cron] Зарплата — запуск...
[2026-07-07T06:03:32.414Z] Accessories UUIDs: 3f51bb7f-f3a2-11e8-b973-ccb0da458b5a,729f41b4-0e69-11f1-91b6-be8fe126e7b9,78ddfd78-dc52-11e8-b970-ccb0da458b5a,a8fc0e51-eeb0-11ee-88ab-be8fe126e7b8,bc475e8b-b8f1-11e9-b988-ccb0da458b5a,ebdf9e2d-899e-11e8-b95f-c8d3ff286ecb,ebdf9e31-899e-11e8-b95f-c8d3ff286ecb,ebdf9e32-899e-11e8-b95f-c8d3ff286ecb,ebdf9e33-899e-11e8-b95f-c8d3ff286ecb,ebdf9e34-899e-11e8-b95f-c8d3ff286ecb,ebdf9e35-899e-11e8-b95f-c8d3ff286ecb,ebdf9e36-899e-11e8-b95f-c8d3ff286ecb,ebdf9e37-899e-11e8-b95f-c8d3ff286ecb,ebdf9e38-899e-11e8-b95f-c8d3ff286ecb,eea6020a-0993-11f1-842a-be8fe126e7b9,f9fff34b-8cc9-11e8-b960-c8d3ff286ecb
[2026-07-07T06:03:32.426Z] Salary and bonus: 
[2026-07-07T06:03:39.448Z] Accessories sales: 11542
[2026-07-07T06:03:39.457Z] Salary report: [object Object]
[2026-07-07T06:03:39.457Z] Таблица 'salaryData' успешно создана или уже существует.
[2026-07-07T06:03:39.457Z] Запись за 06-07-2026 / 20251229-316B-40A1-80F7-C59E5B8E6831 уже существует. Пропуск.
[2026-07-07T06:03:46.477Z] Accessories sales: 11035
[2026-07-07T06:03:46.484Z] Salary report: [object Object]
[2026-07-07T06:03:46.484Z] Таблица 'salaryData' успешно создана или уже существует.
[2026-07-07T06:03:46.484Z] Запись за 06-07-2026 / 20260103-425F-4044-8093-F2008B89A33B уже существует. Пропуск.
[2026-07-07T06:03:53.498Z] Accessories sales: 16240
[2026-07-07T06:03:53.504Z] Salary report: [object Object]
[2026-07-07T06:03:53.504Z] Таблица 'salaryData' успешно создана или уже существует.
[2026-07-07T06:03:53.504Z] Запись за 06-07-2026 / 20260103-7090-403D-8015-DE08E5B1138E уже существует. Пропуск.
[2026-07-07T06:03:53.504Z] [cron] Зарплата — завершено (21090ms)
[2026-07-07T06:03:53.504Z] [startup] Планы и зарплаты — готово
[2026-07-07T06:06:44.816Z] 🚀 Запуск локального сервера на http://localhost:3000
[2026-07-07T06:06:44.817Z]    БД: .wrangler/state/v3/d1/miniflare-D1DatabaseObject/77e38069f80f1e633c9f5aa7772a284a52b432b7fafc0a93a3719afdd1326ebf.sqlite
[2026-07-07T06:06:44.817Z]    Файлы: ./data/storage/
[2026-07-07T06:06:44.817Z]    Логи: ./data/logs/
[2026-07-07T06:06:44.818Z] ✅ Сервер слушает порт 3000
[2026-07-07T06:06:44.828Z] [cron] Планировщик запущен:
[2026-07-07T06:06:44.828Z]   syncDocuments      — каждые 30 минут
[2026-07-07T06:06:44.828Z]   updatePlans        — каждые 6 часов
[2026-07-07T06:06:44.828Z]   updateSalesByPlan  — каждые 6 часов
[2026-07-07T06:06:44.828Z]   calcSalary         — каждые 6 часов
[2026-07-07T06:06:44.828Z]   updateProductsShope — каждые 6 часов
[2026-07-07T06:06:46.820Z] [cron] первичная синхронизация — запуск...
[2026-07-07T06:06:46.820Z] Таблица 'index_documents' успешно создана или уже существует
[2026-07-07T06:06:46.859Z] [ensureDays] Пробелов нет, все 90 дней на месте
[2026-07-07T06:06:48.820Z] [cron] syncShops — запуск...
[2026-07-07T06:06:48.822Z] Таблица 'shops' успешно создана или уже существует.
[2026-07-07T06:06:50.274Z] [syncDocuments] Новых документов за 24ч: 280
[2026-07-07T06:06:50.277Z] Successfully inserted 280 documents (duplicates skipped)
[2026-07-07T06:06:50.277Z] [syncDocuments] Синхронизация завершена
[2026-07-07T06:06:50.277Z] [cron] первичная синхронизация — завершено (3457ms)
[2026-07-07T06:06:50.820Z] [cron] syncEmployees — запуск...
[2026-07-07T06:06:50.821Z] Таблица 'employees' успешно создана или уже существует.
[2026-07-07T06:06:50.916Z] Синхронизировано сотрудников: 10
[2026-07-07T06:06:50.917Z] [syncEmployees] 10 сотрудников синхронизировано
[2026-07-07T06:06:50.917Z] [cron] syncEmployees — завершено (97ms)
[2026-07-07T06:06:53.916Z] Синхронизировано магазинов: 3
[2026-07-07T06:06:53.916Z] [syncShops] 3 магазинов синхронизировано
[2026-07-07T06:06:53.916Z] [cron] syncShops — завершено (5096ms)
[2026-07-07T06:06:55.086Z] Таблица 'index_documents' успешно создана или уже существует
[2026-07-07T06:06:55.087Z] Таблица 'products' успешно создана или уже существует.
[2026-07-07T06:06:55.087Z] Таблица 'shops' успешно создана или уже существует.
[2026-07-07T06:06:55.087Z] Таблица 'employees' успешно создана или уже существует.
[2026-07-07T06:06:59.819Z] [startup] Расчет планов и зарплат...
[2026-07-07T06:06:59.819Z] [cron] План продаж — запуск...
[2026-07-07T06:06:59.820Z] Старт функции updatePlan
[2026-07-07T06:06:59.820Z] Дата для плана: 07-07-2026
[2026-07-07T06:06:59.820Z] Получены UUID товаров: 175 шт.
[2026-07-07T06:07:02.375Z] employeeRole: SUPERADMIN
[2026-07-07T06:07:03.488Z] Получено записей плана: 3
[2026-07-07T06:07:03.491Z] План обновлён: 3 магазинов за 07-07-2026
[2026-07-07T06:07:03.491Z] Обновление базы данных плана завершено успешно
[2026-07-07T06:07:03.492Z] [cron] План продаж — завершено (3673ms)
[2026-07-07T06:07:03.492Z] [cron] Продажи по плану — запуск...
[2026-07-07T06:07:03.492Z] Таблица 'SaleByPlan' успешно создана или уже существует.
[2026-07-07T06:07:03.492Z] Initialized dates: [object Object]
[2026-07-07T06:07:03.514Z] Данные SaleByPlan обновлены.
[2026-07-07T06:07:03.530Z] Данные SaleByPlan обновлены.
[2026-07-07T06:07:03.541Z] Данные SaleByPlan обновлены.
[2026-07-07T06:07:03.541Z] Final sales data: [object Object]
[2026-07-07T06:07:03.541Z] [cron] Продажи по плану — завершено (49ms)
[2026-07-07T06:07:03.541Z] [cron] Зарплата — запуск...
[2026-07-07T06:07:03.542Z] Accessories UUIDs: 3f51bb7f-f3a2-11e8-b973-ccb0da458b5a,729f41b4-0e69-11f1-91b6-be8fe126e7b9,78ddfd78-dc52-11e8-b970-ccb0da458b5a,a8fc0e51-eeb0-11ee-88ab-be8fe126e7b8,bc475e8b-b8f1-11e9-b988-ccb0da458b5a,ebdf9e2d-899e-11e8-b95f-c8d3ff286ecb,ebdf9e31-899e-11e8-b95f-c8d3ff286ecb,ebdf9e32-899e-11e8-b95f-c8d3ff286ecb,ebdf9e33-899e-11e8-b95f-c8d3ff286ecb,ebdf9e34-899e-11e8-b95f-c8d3ff286ecb,ebdf9e35-899e-11e8-b95f-c8d3ff286ecb,ebdf9e36-899e-11e8-b95f-c8d3ff286ecb,ebdf9e37-899e-11e8-b95f-c8d3ff286ecb,ebdf9e38-899e-11e8-b95f-c8d3ff286ecb,eea6020a-0993-11f1-842a-be8fe126e7b9,f9fff34b-8cc9-11e8-b960-c8d3ff286ecb
[2026-07-07T06:07:03.558Z] Salary and bonus: 
[2026-07-07T06:07:03.921Z] План не найден, генерируем новый...
[2026-07-07T06:07:09.044Z] employeeRole: SUPERADMIN
[2026-07-07T06:07:10.571Z] Accessories sales: 11542
[2026-07-07T06:07:10.580Z] Salary report: [object Object]
[2026-07-07T06:07:10.580Z] Таблица 'salaryData' успешно создана или уже существует.
[2026-07-07T06:07:10.580Z] Запись за 06-07-2026 / 20251229-316B-40A1-80F7-C59E5B8E6831 уже существует. Пропуск.
[2026-07-07T06:07:17.593Z] Accessories sales: 11035
[2026-07-07T06:07:17.603Z] Salary report: [object Object]
[2026-07-07T06:07:17.603Z] Таблица 'salaryData' успешно создана или уже существует.
[2026-07-07T06:07:17.603Z] Запись за 06-07-2026 / 20260103-425F-4044-8093-F2008B89A33B уже существует. Пропуск.
[2026-07-07T06:07:24.619Z] Accessories sales: 16240
[2026-07-07T06:07:24.630Z] Salary report: [object Object]
[2026-07-07T06:07:24.630Z] Таблица 'salaryData' успешно создана или уже существует.
[2026-07-07T06:07:24.631Z] Запись за 06-07-2026 / 20260103-7090-403D-8015-DE08E5B1138E уже существует. Пропуск.
[2026-07-07T06:07:24.631Z] [cron] Зарплата — завершено (21090ms)
[2026-07-07T06:07:24.631Z] [startup] Планы и зарплаты — готово
[2026-07-07T06:21:55.099Z] employeeRole: SUPERADMIN
[2026-07-07T06:22:37.059Z] 🚀 Запуск локального сервера на http://localhost:3000
[2026-07-07T06:22:37.060Z]    БД: .wrangler/state/v3/d1/miniflare-D1DatabaseObject/77e38069f80f1e633c9f5aa7772a284a52b432b7fafc0a93a3719afdd1326ebf.sqlite
[2026-07-07T06:22:37.060Z]    Файлы: ./data/storage/
[2026-07-07T06:22:37.060Z]    Логи: ./data/logs/
[2026-07-07T06:22:37.061Z] ✅ Сервер слушает порт 3000
[2026-07-07T06:22:37.070Z] [cron] Планировщик запущен:
[2026-07-07T06:22:37.070Z]   syncDocuments      — каждые 30 минут
[2026-07-07T06:22:37.070Z]   updatePlans        — каждые 6 часов
[2026-07-07T06:22:37.071Z]   updateSalesByPlan  — каждые 6 часов
[2026-07-07T06:22:37.071Z]   calcSalary         — каждые 6 часов
[2026-07-07T06:22:37.071Z]   updateProductsShope — каждые 6 часов
[2026-07-07T06:22:39.062Z] [cron] первичная синхронизация — запуск...
[2026-07-07T06:22:39.067Z] Таблица 'index_documents' успешно создана или уже существует
[2026-07-07T06:22:39.107Z] [ensureDays] Пробелов нет, все 90 дней на месте
[2026-07-07T06:22:41.061Z] [cron] syncShops — запуск...
[2026-07-07T06:22:41.066Z] Таблица 'shops' успешно создана или уже существует.
[2026-07-07T06:22:43.063Z] [cron] syncEmployees — запуск...
[2026-07-07T06:22:43.063Z] Таблица 'employees' успешно создана или уже существует.
[2026-07-07T06:22:43.713Z] Таблица 'index_documents' успешно создана или уже существует
[2026-07-07T06:22:43.714Z] Таблица 'products' успешно создана или уже существует.
[2026-07-07T06:22:43.714Z] Таблица 'shops' успешно создана или уже существует.
[2026-07-07T06:22:43.714Z] Таблица 'employees' успешно создана или уже существует.
[2026-07-07T06:22:45.500Z] [syncDocuments] Новых документов за 24ч: 282
[2026-07-07T06:22:45.507Z] Successfully inserted 282 documents (duplicates skipped)
[2026-07-07T06:22:45.507Z] [syncDocuments] Синхронизация завершена
[2026-07-07T06:22:45.507Z] [cron] первичная синхронизация — завершено (6445ms)
[2026-07-07T06:22:46.184Z] Синхронизировано магазинов: 3
[2026-07-07T06:22:46.185Z] [syncShops] 3 магазинов синхронизировано
[2026-07-07T06:22:46.185Z] [cron] syncShops — завершено (5124ms)
[2026-07-07T06:22:49.366Z] Синхронизировано сотрудников: 10
[2026-07-07T06:22:49.366Z] [syncEmployees] 10 сотрудников синхронизировано
[2026-07-07T06:22:49.367Z] [cron] syncEmployees — завершено (6304ms)
[2026-07-07T06:22:52.061Z] [startup] Расчет планов и зарплат...
[2026-07-07T06:22:52.062Z] [cron] План продаж — запуск...
[2026-07-07T06:22:52.062Z] Старт функции updatePlan
[2026-07-07T06:22:52.063Z] Дата для плана: 07-07-2026
[2026-07-07T06:22:52.063Z] Получены UUID товаров: 175 шт.
[2026-07-07T06:22:54.243Z] Получено записей плана: 3
[2026-07-07T06:22:54.244Z] План обновлён: 3 магазинов за 07-07-2026
[2026-07-07T06:22:54.244Z] Обновление базы данных плана завершено успешно
[2026-07-07T06:22:54.244Z] [cron] План продаж — завершено (2182ms)
[2026-07-07T06:22:54.244Z] [cron] Продажи по плану — запуск...
[2026-07-07T06:22:54.244Z] Таблица 'SaleByPlan' успешно создана или уже существует.
[2026-07-07T06:22:54.245Z] Initialized dates: [object Object]
[2026-07-07T06:22:54.269Z] Данные SaleByPlan обновлены.
[2026-07-07T06:22:54.284Z] Данные SaleByPlan обновлены.
[2026-07-07T06:22:54.293Z] Данные SaleByPlan обновлены.
[2026-07-07T06:22:54.293Z] Final sales data: [object Object]
[2026-07-07T06:22:54.293Z] [cron] Продажи по плану — завершено (49ms)
[2026-07-07T06:22:54.293Z] [cron] Зарплата — запуск...
[2026-07-07T06:22:54.294Z] Accessories UUIDs: 3f51bb7f-f3a2-11e8-b973-ccb0da458b5a,729f41b4-0e69-11f1-91b6-be8fe126e7b9,78ddfd78-dc52-11e8-b970-ccb0da458b5a,a8fc0e51-eeb0-11ee-88ab-be8fe126e7b8,bc475e8b-b8f1-11e9-b988-ccb0da458b5a,ebdf9e2d-899e-11e8-b95f-c8d3ff286ecb,ebdf9e31-899e-11e8-b95f-c8d3ff286ecb,ebdf9e32-899e-11e8-b95f-c8d3ff286ecb,ebdf9e33-899e-11e8-b95f-c8d3ff286ecb,ebdf9e34-899e-11e8-b95f-c8d3ff286ecb,ebdf9e35-899e-11e8-b95f-c8d3ff286ecb,ebdf9e36-899e-11e8-b95f-c8d3ff286ecb,ebdf9e37-899e-11e8-b95f-c8d3ff286ecb,ebdf9e38-899e-11e8-b95f-c8d3ff286ecb,eea6020a-0993-11f1-842a-be8fe126e7b9,f9fff34b-8cc9-11e8-b960-c8d3ff286ecb
[2026-07-07T06:22:54.307Z] Salary and bonus: 
[2026-07-07T06:23:01.327Z] Accessories sales: 11542
[2026-07-07T06:23:01.335Z] Salary report: [object Object]
[2026-07-07T06:23:01.335Z] Таблица 'salaryData' успешно создана или уже существует.
[2026-07-07T06:23:01.335Z] Запись за 06-07-2026 / 20251229-316B-40A1-80F7-C59E5B8E6831 уже существует. Пропуск.
[2026-07-07T06:23:08.352Z] Accessories sales: 11035
[2026-07-07T06:23:08.358Z] Salary report: [object Object]
[2026-07-07T06:23:08.359Z] Таблица 'salaryData' успешно создана или уже существует.
[2026-07-07T06:23:08.359Z] Запись за 06-07-2026 / 20260103-425F-4044-8093-F2008B89A33B уже существует. Пропуск.
[2026-07-07T06:23:15.367Z] Accessories sales: 16240
[2026-07-07T06:23:15.372Z] Salary report: [object Object]
[2026-07-07T06:23:15.372Z] Таблица 'salaryData' успешно создана или уже существует.
[2026-07-07T06:23:15.373Z] Запись за 06-07-2026 / 20260103-7090-403D-8015-DE08E5B1138E уже существует. Пропуск.
[2026-07-07T06:23:15.373Z] [cron] Зарплата — завершено (21080ms)
[2026-07-07T06:23:15.373Z] [startup] Планы и зарплаты — готово
[2026-07-07T06:23:46.585Z] employeeRole: SUPERADMIN
[2026-07-07T06:23:52.796Z] employeeRole: SUPERADMIN
[2026-07-07T06:24:01.407Z] employeeRole: SUPERADMIN
[2026-07-07T06:30:00.005Z] [cron] syncDocuments — запуск...
[2026-07-07T06:30:00.006Z] [cron] syncShops — запуск...
[2026-07-07T06:30:00.007Z] [cron] syncEmployees — запуск...
[2026-07-07T06:30:00.007Z] Таблица 'index_documents' успешно создана или уже существует
[2026-07-07T06:30:00.036Z] [ensureDays] Пробелов нет, все 90 дней на месте
[2026-07-07T06:30:00.038Z] Таблица 'shops' успешно создана или уже существует.
[2026-07-07T06:30:00.038Z] Таблица 'employees' успешно создана или уже существует.
[2026-07-07T06:30:14.518Z] 🚀 Запуск локального сервера на http://localhost:3000
[2026-07-07T06:30:14.520Z]    БД: .wrangler/state/v3/d1/miniflare-D1DatabaseObject/77e38069f80f1e633c9f5aa7772a284a52b432b7fafc0a93a3719afdd1326ebf.sqlite
[2026-07-07T06:30:14.520Z]    Файлы: ./data/storage/
[2026-07-07T06:30:14.520Z]    Логи: ./data/logs/
[2026-07-07T06:30:14.522Z] ✅ Сервер слушает порт 3000
[2026-07-07T06:30:14.535Z] [cron] Планировщик запущен:
[2026-07-07T06:30:14.535Z]   syncDocuments      — каждые 30 минут
[2026-07-07T06:30:14.535Z]   updatePlans        — каждые 6 часов
[2026-07-07T06:30:14.535Z]   updateSalesByPlan  — каждые 6 часов
[2026-07-07T06:30:14.535Z]   calcSalary         — каждые 6 часов
[2026-07-07T06:30:14.535Z]   updateProductsShope — каждые 6 часов
[2026-07-07T06:30:16.523Z] [cron] первичная синхронизация — запуск...
[2026-07-07T06:30:16.524Z] Таблица 'index_documents' успешно создана или уже существует
[2026-07-07T06:30:16.551Z] [ensureDays] Пробелов нет, все 90 дней на месте
[2026-07-07T06:30:18.523Z] [cron] syncShops — запуск...
[2026-07-07T06:30:18.525Z] Таблица 'shops' успешно создана или уже существует.
[2026-07-07T06:30:20.522Z] [cron] syncEmployees — запуск...
[2026-07-07T06:30:20.523Z] Таблица 'employees' успешно создана или уже существует.
[2026-07-07T06:30:22.829Z] [syncDocuments] Новых документов за 24ч: 283
[2026-07-07T06:30:22.831Z] Successfully inserted 283 documents (duplicates skipped)
[2026-07-07T06:30:22.832Z] [syncDocuments] Синхронизация завершена
[2026-07-07T06:30:22.832Z] [cron] первичная синхронизация — завершено (6309ms)
[2026-07-07T06:30:23.623Z] Синхронизировано магазинов: 3
[2026-07-07T06:30:23.623Z] [syncShops] 3 магазинов синхронизировано
[2026-07-07T06:30:23.623Z] [cron] syncShops — завершено (5100ms)
[2026-07-07T06:30:23.755Z] Таблица 'index_documents' успешно создана или уже существует
[2026-07-07T06:30:23.755Z] Таблица 'products' успешно создана или уже существует.
[2026-07-07T06:30:23.755Z] Таблица 'shops' успешно создана или уже существует.
[2026-07-07T06:30:23.755Z] Таблица 'employees' успешно создана или уже существует.
[2026-07-07T06:30:26.696Z] Синхронизировано сотрудников: 10
[2026-07-07T06:30:26.696Z] [syncEmployees] 10 сотрудников синхронизировано
[2026-07-07T06:30:26.696Z] [cron] syncEmployees — завершено (6174ms)
[2026-07-07T06:30:29.524Z] [startup] Расчет планов и зарплат...
[2026-07-07T06:30:29.524Z] [cron] План продаж — запуск...
[2026-07-07T06:30:29.524Z] Старт функции updatePlan
[2026-07-07T06:30:29.524Z] Дата для плана: 07-07-2026
[2026-07-07T06:30:29.524Z] Получены UUID товаров: 175 шт.
[2026-07-07T06:30:31.754Z] Получено записей плана: 3
[2026-07-07T06:30:31.755Z] План обновлён: 3 магазинов за 07-07-2026
[2026-07-07T06:30:31.755Z] Обновление базы данных плана завершено успешно
[2026-07-07T06:30:31.755Z] [cron] План продаж — завершено (2231ms)
[2026-07-07T06:30:31.755Z] [cron] Продажи по плану — запуск...
[2026-07-07T06:30:31.755Z] Таблица 'SaleByPlan' успешно создана или уже существует.
[2026-07-07T06:30:31.755Z] Initialized dates: [object Object]
[2026-07-07T06:30:31.777Z] Данные SaleByPlan обновлены.
[2026-07-07T06:30:31.793Z] Данные SaleByPlan обновлены.
[2026-07-07T06:30:31.804Z] Данные SaleByPlan обновлены.
[2026-07-07T06:30:31.804Z] Final sales data: [object Object]
[2026-07-07T06:30:31.805Z] [cron] Продажи по плану — завершено (50ms)
[2026-07-07T06:30:31.805Z] [cron] Зарплата — запуск...
[2026-07-07T06:30:31.805Z] Accessories UUIDs: 3f51bb7f-f3a2-11e8-b973-ccb0da458b5a,729f41b4-0e69-11f1-91b6-be8fe126e7b9,78ddfd78-dc52-11e8-b970-ccb0da458b5a,a8fc0e51-eeb0-11ee-88ab-be8fe126e7b8,bc475e8b-b8f1-11e9-b988-ccb0da458b5a,ebdf9e2d-899e-11e8-b95f-c8d3ff286ecb,ebdf9e31-899e-11e8-b95f-c8d3ff286ecb,ebdf9e32-899e-11e8-b95f-c8d3ff286ecb,ebdf9e33-899e-11e8-b95f-c8d3ff286ecb,ebdf9e34-899e-11e8-b95f-c8d3ff286ecb,ebdf9e35-899e-11e8-b95f-c8d3ff286ecb,ebdf9e36-899e-11e8-b95f-c8d3ff286ecb,ebdf9e37-899e-11e8-b95f-c8d3ff286ecb,ebdf9e38-899e-11e8-b95f-c8d3ff286ecb,eea6020a-0993-11f1-842a-be8fe126e7b9,f9fff34b-8cc9-11e8-b960-c8d3ff286ecb
[2026-07-07T06:30:31.819Z] Salary and bonus: 
[2026-07-07T06:30:38.834Z] Accessories sales: 11542
[2026-07-07T06:30:38.841Z] Salary report: [object Object]
[2026-07-07T06:30:38.842Z] Таблица 'salaryData' успешно создана или уже существует.
[2026-07-07T06:30:38.842Z] Запись за 06-07-2026 / 20251229-316B-40A1-80F7-C59E5B8E6831 уже существует. Пропуск.
[2026-07-07T06:30:45.858Z] Accessories sales: 11035
[2026-07-07T06:30:45.867Z] Salary report: [object Object]
[2026-07-07T06:30:45.867Z] Таблица 'salaryData' успешно создана или уже существует.
[2026-07-07T06:30:45.867Z] Запись за 06-07-2026 / 20260103-425F-4044-8093-F2008B89A33B уже существует. Пропуск.
[2026-07-07T06:30:52.881Z] Accessories sales: 16240
[2026-07-07T06:30:52.887Z] Salary report: [object Object]
[2026-07-07T06:30:52.887Z] Таблица 'salaryData' успешно создана или уже существует.
[2026-07-07T06:30:52.887Z] Запись за 06-07-2026 / 20260103-7090-403D-8015-DE08E5B1138E уже существует. Пропуск.
[2026-07-07T06:30:52.888Z] [cron] Зарплата — завершено (21083ms)
[2026-07-07T06:30:52.888Z] [startup] Планы и зарплаты — готово
[2026-07-07T06:31:07.028Z] employeeRole: SUPERADMIN
[2026-07-07T06:31:08.795Z] employeeRole: SUPERADMIN
[2026-07-07T06:31:09.840Z] employeeRole: SUPERADMIN
[2026-07-07T06:31:12.740Z] employeeRole: SUPERADMIN
[2026-07-07T06:31:33.881Z] employeeRole: SUPERADMIN
[2026-07-07T06:35:48.648Z] 🚀 Запуск локального сервера на http://localhost:3000
[2026-07-07T06:35:48.649Z]    БД: .wrangler/state/v3/d1/miniflare-D1DatabaseObject/77e38069f80f1e633c9f5aa7772a284a52b432b7fafc0a93a3719afdd1326ebf.sqlite
[2026-07-07T06:35:48.649Z]    Файлы: ./data/storage/
[2026-07-07T06:35:48.649Z]    Логи: ./data/logs/
[2026-07-07T06:35:48.650Z] ✅ Сервер слушает порт 3000
[2026-07-07T06:35:48.661Z] [cron] Планировщик запущен:
[2026-07-07T06:35:48.661Z]   syncDocuments      — каждые 30 минут
[2026-07-07T06:35:48.661Z]   updatePlans        — каждые 6 часов
[2026-07-07T06:35:48.661Z]   updateSalesByPlan  — каждые 6 часов
[2026-07-07T06:35:48.661Z]   calcSalary         — каждые 6 часов
[2026-07-07T06:35:48.661Z]   updateProductsShope — каждые 6 часов
[2026-07-07T06:35:50.652Z] [cron] первичная синхронизация — запуск...
[2026-07-07T06:35:50.652Z] Таблица 'index_documents' успешно создана или уже существует
[2026-07-07T06:35:50.680Z] [ensureDays] Пробелов нет, все 90 дней на месте
[2026-07-07T06:35:52.652Z] [cron] syncShops — запуск...
[2026-07-07T06:35:52.653Z] Таблица 'shops' успешно создана или уже существует.
[2026-07-07T06:35:54.652Z] [cron] syncEmployees — запуск...
[2026-07-07T06:35:54.652Z] Таблица 'employees' успешно создана или уже существует.
[2026-07-07T06:35:57.073Z] [syncDocuments] Новых документов за 24ч: 285
[2026-07-07T06:35:57.077Z] Successfully inserted 285 documents (duplicates skipped)
[2026-07-07T06:35:57.077Z] [syncDocuments] Синхронизация завершена
[2026-07-07T06:35:57.077Z] [cron] первичная синхронизация — завершено (6425ms)
[2026-07-07T06:35:57.747Z] Синхронизировано магазинов: 3
[2026-07-07T06:35:57.747Z] [syncShops] 3 магазинов синхронизировано
[2026-07-07T06:35:57.748Z] [cron] syncShops — завершено (5096ms)
[2026-07-07T06:35:57.944Z] Таблица 'index_documents' успешно создана или уже существует
[2026-07-07T06:35:57.945Z] Таблица 'products' успешно создана или уже существует.
[2026-07-07T06:35:57.945Z] Таблица 'shops' успешно создана или уже существует.
[2026-07-07T06:35:57.945Z] Таблица 'employees' успешно создана или уже существует.
[2026-07-07T06:36:00.813Z] Синхронизировано сотрудников: 10
[2026-07-07T06:36:00.813Z] [syncEmployees] 10 сотрудников синхронизировано
[2026-07-07T06:36:00.813Z] [cron] syncEmployees — завершено (6161ms)
[2026-07-07T06:36:03.651Z] [startup] Расчет планов и зарплат...
[2026-07-07T06:36:03.651Z] [cron] План продаж — запуск...
[2026-07-07T06:36:03.651Z] Старт функции updatePlan
[2026-07-07T06:36:03.651Z] Дата для плана: 07-07-2026
[2026-07-07T06:36:03.652Z] Получены UUID товаров: 175 шт.
[2026-07-07T06:36:05.073Z] employeeRole: SUPERADMIN
[2026-07-07T06:36:05.998Z] Получено записей плана: 3
[2026-07-07T06:36:05.998Z] План обновлён: 3 магазинов за 07-07-2026
[2026-07-07T06:36:05.999Z] Обновление базы данных плана завершено успешно
[2026-07-07T06:36:05.999Z] [cron] План продаж — завершено (2348ms)
[2026-07-07T06:36:05.999Z] [cron] Продажи по плану — запуск...
[2026-07-07T06:36:05.999Z] Таблица 'SaleByPlan' успешно создана или уже существует.
[2026-07-07T06:36:05.999Z] Initialized dates: [object Object]
[2026-07-07T06:36:06.019Z] Данные SaleByPlan обновлены.
[2026-07-07T06:36:06.036Z] Данные SaleByPlan обновлены.
[2026-07-07T06:36:06.046Z] Данные SaleByPlan обновлены.
[2026-07-07T06:36:06.046Z] Final sales data: [object Object]
[2026-07-07T06:36:06.047Z] [cron] Продажи по плану — завершено (48ms)
[2026-07-07T06:36:06.047Z] [cron] Зарплата — запуск...
[2026-07-07T06:36:06.047Z] Accessories UUIDs: 3f51bb7f-f3a2-11e8-b973-ccb0da458b5a,729f41b4-0e69-11f1-91b6-be8fe126e7b9,78ddfd78-dc52-11e8-b970-ccb0da458b5a,a8fc0e51-eeb0-11ee-88ab-be8fe126e7b8,bc475e8b-b8f1-11e9-b988-ccb0da458b5a,ebdf9e2d-899e-11e8-b95f-c8d3ff286ecb,ebdf9e31-899e-11e8-b95f-c8d3ff286ecb,ebdf9e32-899e-11e8-b95f-c8d3ff286ecb,ebdf9e33-899e-11e8-b95f-c8d3ff286ecb,ebdf9e34-899e-11e8-b95f-c8d3ff286ecb,ebdf9e35-899e-11e8-b95f-c8d3ff286ecb,ebdf9e36-899e-11e8-b95f-c8d3ff286ecb,ebdf9e37-899e-11e8-b95f-c8d3ff286ecb,ebdf9e38-899e-11e8-b95f-c8d3ff286ecb,eea6020a-0993-11f1-842a-be8fe126e7b9,f9fff34b-8cc9-11e8-b960-c8d3ff286ecb
[2026-07-07T06:36:06.062Z] Salary and bonus: 
[2026-07-07T06:36:13.074Z] Accessories sales: 11542
[2026-07-07T06:36:13.083Z] Salary report: [object Object]
[2026-07-07T06:36:13.083Z] Таблица 'salaryData' успешно создана или уже существует.
[2026-07-07T06:36:13.084Z] Запись за 06-07-2026 / 20251229-316B-40A1-80F7-C59E5B8E6831 уже существует. Пропуск.
[2026-07-07T06:36:20.107Z] Accessories sales: 11035
[2026-07-07T06:36:20.120Z] Salary report: [object Object]
[2026-07-07T06:36:20.120Z] Таблица 'salaryData' успешно создана или уже существует.
[2026-07-07T06:36:20.120Z] Запись за 06-07-2026 / 20260103-425F-4044-8093-F2008B89A33B уже существует. Пропуск.
[2026-07-07T06:36:27.130Z] Accessories sales: 16240
[2026-07-07T06:36:27.136Z] Salary report: [object Object]
[2026-07-07T06:36:27.136Z] Таблица 'salaryData' успешно создана или уже существует.
[2026-07-07T06:36:27.136Z] Запись за 06-07-2026 / 20260103-7090-403D-8015-DE08E5B1138E уже существует. Пропуск.
[2026-07-07T06:36:27.137Z] [cron] Зарплата — завершено (21090ms)
[2026-07-07T06:36:27.137Z] [startup] Планы и зарплаты — готово
[2026-07-07T06:36:43.054Z] Нет записей до указанной даты.
[2026-07-07T06:37:10.898Z] employeeRole: SUPERADMIN
[2026-07-07T07:30:00.005Z] [cron] syncDocuments — запуск...
[2026-07-07T07:30:00.008Z] [cron] syncShops — запуск...
[2026-07-07T07:30:00.009Z] [cron] syncEmployees — запуск...
[2026-07-07T07:30:00.009Z] Таблица 'index_documents' успешно создана или уже существует
[2026-07-07T07:30:00.058Z] [ensureDays] Пробелов нет, все 90 дней на месте
[2026-07-07T07:30:00.062Z] Таблица 'shops' успешно создана или уже существует.
[2026-07-07T07:30:00.062Z] Таблица 'employees' успешно создана или уже существует.
[2026-07-07T07:30:05.210Z] Синхронизировано магазинов: 3
[2026-07-07T07:30:05.211Z] [syncShops] 3 магазинов синхронизировано
[2026-07-07T07:30:05.211Z] [cron] syncShops — завершено (5203ms)
[2026-07-07T07:30:06.431Z] [syncDocuments] Новых документов за 24ч: 293
[2026-07-07T07:30:06.441Z] Successfully inserted 293 documents (duplicates skipped)
[2026-07-07T07:30:06.441Z] [syncDocuments] Синхронизация завершена
[2026-07-07T07:30:06.441Z] [cron] syncDocuments — завершено (6436ms)
[2026-07-07T07:30:10.245Z] Синхронизировано сотрудников: 10
[2026-07-07T07:30:10.245Z] [syncEmployees] 10 сотрудников синхронизировано
[2026-07-07T07:30:10.246Z] [cron] syncEmployees — завершено (10237ms)
[2026-07-07T08:00:00.002Z] [cron] syncDocuments — запуск...
[2026-07-07T08:00:00.005Z] [cron] syncShops — запуск...
[2026-07-07T08:00:00.006Z] [cron] syncEmployees — запуск...
[2026-07-07T08:00:00.006Z] Таблица 'index_documents' успешно создана или уже существует
[2026-07-07T08:00:00.070Z] [ensureDays] Пробелов нет, все 90 дней на месте
[2026-07-07T08:00:00.071Z] Таблица 'shops' успешно создана или уже существует.
[2026-07-07T08:00:00.071Z] Таблица 'employees' успешно создана или уже существует.
[2026-07-07T08:00:05.265Z] Синхронизировано магазинов: 3
[2026-07-07T08:00:05.266Z] [syncShops] 3 магазинов синхронизировано
[2026-07-07T08:00:05.266Z] [cron] syncShops — завершено (5261ms)
[2026-07-07T08:00:06.471Z] [syncDocuments] Новых документов за 24ч: 298
[2026-07-07T08:00:06.482Z] Successfully inserted 298 documents (duplicates skipped)
[2026-07-07T08:00:06.482Z] [syncDocuments] Синхронизация завершена
[2026-07-07T08:00:06.482Z] [cron] syncDocuments — завершено (6480ms)
[2026-07-07T08:00:10.248Z] Синхронизировано сотрудников: 10
[2026-07-07T08:00:10.249Z] [syncEmployees] 10 сотрудников синхронизировано
[2026-07-07T08:00:10.249Z] [cron] syncEmployees — завершено (10243ms)
[2026-07-07T08:30:00.003Z] [cron] syncDocuments — запуск...
[2026-07-07T08:30:00.006Z] [cron] syncShops — запуск...
[2026-07-07T08:30:00.006Z] [cron] syncEmployees — запуск...
[2026-07-07T08:30:00.006Z] Таблица 'index_documents' успешно создана или уже существует
[2026-07-07T08:30:00.069Z] [ensureDays] Пробелов нет, все 90 дней на месте
[2026-07-07T08:30:00.069Z] Таблица 'shops' успешно создана или уже существует.
[2026-07-07T08:30:00.069Z] Таблица 'employees' успешно создана или уже существует.
[2026-07-07T08:30:05.210Z] Синхронизировано магазинов: 3
[2026-07-07T08:30:05.211Z] [syncShops] 3 магазинов синхронизировано
[2026-07-07T08:30:05.211Z] [cron] syncShops — завершено (5205ms)
[2026-07-07T08:30:06.497Z] [syncDocuments] Новых документов за 24ч: 301
[2026-07-07T08:30:06.506Z] Successfully inserted 301 documents (duplicates skipped)
[2026-07-07T08:30:06.506Z] [syncDocuments] Синхронизация завершена
[2026-07-07T08:30:06.506Z] [cron] syncDocuments — завершено (6504ms)
[2026-07-07T08:30:10.271Z] Синхронизировано сотрудников: 10
[2026-07-07T08:30:10.271Z] [syncEmployees] 10 сотрудников синхронизировано
[2026-07-07T08:30:10.271Z] [cron] syncEmployees — завершено (10265ms)
[2026-07-07T09:00:00.004Z] [cron] updatePlans — запуск...
[2026-07-07T09:00:00.007Z] Старт функции updatePlan
[2026-07-07T09:00:00.007Z] Дата для плана: 07-07-2026
[2026-07-07T09:00:00.009Z] [cron] updateSalesByPlan — запуск...
[2026-07-07T09:00:00.010Z] [cron] calcSalary — запуск...
[2026-07-07T09:00:00.011Z] Таблица 'SaleByPlan' успешно создана или уже существует.
[2026-07-07T09:00:00.011Z] Получены UUID товаров: 175 шт.
[2026-07-07T09:00:00.013Z] Initialized dates: [object Object]
[2026-07-07T09:00:00.015Z] Accessories UUIDs: 3f51bb7f-f3a2-11e8-b973-ccb0da458b5a,729f41b4-0e69-11f1-91b6-be8fe126e7b9,78ddfd78-dc52-11e8-b970-ccb0da458b5a,a8fc0e51-eeb0-11ee-88ab-be8fe126e7b8,bc475e8b-b8f1-11e9-b988-ccb0da458b5a,ebdf9e2d-899e-11e8-b95f-c8d3ff286ecb,ebdf9e31-899e-11e8-b95f-c8d3ff286ecb,ebdf9e32-899e-11e8-b95f-c8d3ff286ecb,ebdf9e33-899e-11e8-b95f-c8d3ff286ecb,ebdf9e34-899e-11e8-b95f-c8d3ff286ecb,ebdf9e35-899e-11e8-b95f-c8d3ff286ecb,ebdf9e36-899e-11e8-b95f-c8d3ff286ecb,ebdf9e37-899e-11e8-b95f-c8d3ff286ecb,ebdf9e38-899e-11e8-b95f-c8d3ff286ecb,eea6020a-0993-11f1-842a-be8fe126e7b9,f9fff34b-8cc9-11e8-b960-c8d3ff286ecb
[2026-07-07T09:00:00.077Z] Salary and bonus: 
[2026-07-07T09:00:00.100Z] Данные SaleByPlan обновлены.
[2026-07-07T09:00:00.111Z] Данные SaleByPlan обновлены.
[2026-07-07T09:00:00.119Z] Данные SaleByPlan обновлены.
[2026-07-07T09:00:00.119Z] Final sales data: [object Object]
[2026-07-07T09:00:00.119Z] [cron] updateSalesByPlan — завершено (110ms)
[2026-07-07T09:00:00.119Z] [cron] updateProductsShope — запуск...
[2026-07-07T09:00:00.119Z] Таблица 'shopProduct' успешно создана или уже существует.
[2026-07-07T09:00:00.121Z] [cron] syncDocuments — запуск...
[2026-07-07T09:00:00.121Z] [cron] syncShops — запуск...
[2026-07-07T09:00:00.121Z] [cron] syncEmployees — запуск...
[2026-07-07T09:00:00.122Z] Таблица 'index_documents' успешно создана или уже существует
[2026-07-07T09:00:00.134Z] [ensureDays] Пробелов нет, все 90 дней на месте
[2026-07-07T09:00:00.135Z] Таблица 'shops' успешно создана или уже существует.
[2026-07-07T09:00:00.135Z] Таблица 'employees' успешно создана или уже существует.
[2026-07-07T09:00:05.457Z] Обработано 1314 записей в таблице shopProduct
[2026-07-07T09:00:05.458Z] Ensuring products table exists for shop: 20251229-316B-40A1-80F7-C59E5B8E6831
[2026-07-07T09:00:06.192Z] Обработано 1172 записей в таблице shopProduct
[2026-07-07T09:00:06.192Z] Ensuring products table exists for shop: 20260103-425F-4044-8093-F2008B89A33B
[2026-07-07T09:00:06.406Z] Обработано 1171 записей в таблице shopProduct
[2026-07-07T09:00:06.406Z] Ensuring products table exists for shop: 20260103-7090-403D-8015-DE08E5B1138E
[2026-07-07T09:00:06.407Z] [cron] updateProductsShope — завершено (6288ms)
[2026-07-07T09:00:07.098Z] Accessories sales: 11542
[2026-07-07T09:00:07.114Z] Salary report: [object Object]
[2026-07-07T09:00:07.114Z] Таблица 'salaryData' успешно создана или уже существует.
[2026-07-07T09:00:07.114Z] Запись за 06-07-2026 / 20251229-316B-40A1-80F7-C59E5B8E6831 уже существует. Пропуск.
[2026-07-07T09:00:10.240Z] Синхронизировано магазинов: 3
[2026-07-07T09:00:10.240Z] [syncShops] 3 магазинов синхронизировано
[2026-07-07T09:00:10.241Z] [cron] syncShops — завершено (10120ms)
[2026-07-07T09:00:10.290Z] [syncDocuments] Новых документов за 24ч: 302
[2026-07-07T09:00:10.297Z] Successfully inserted 302 documents (duplicates skipped)
[2026-07-07T09:00:10.298Z] [syncDocuments] Синхронизация завершена
[2026-07-07T09:00:10.298Z] [cron] syncDocuments — завершено (10177ms)
[2026-07-07T09:00:10.530Z] [cron] syncEmployees — завершено (10409ms)
[2026-07-07T09:00:12.109Z] Получено записей плана: 3
[2026-07-07T09:00:12.110Z] План обновлён: 3 магазинов за 07-07-2026
[2026-07-07T09:00:12.110Z] Обновление базы данных плана завершено успешно
[2026-07-07T09:00:12.110Z] [cron] updatePlans — завершено (12106ms)
[2026-07-07T09:00:14.135Z] Accessories sales: 11035
[2026-07-07T09:00:14.148Z] Salary report: [object Object]
[2026-07-07T09:00:14.149Z] Таблица 'salaryData' успешно создана или уже существует.
[2026-07-07T09:00:14.149Z] Запись за 06-07-2026 / 20260103-425F-4044-8093-F2008B89A33B уже существует. Пропуск.
[2026-07-07T09:00:21.166Z] Accessories sales: 16240
[2026-07-07T09:00:21.176Z] Salary report: [object Object]
[2026-07-07T09:00:21.177Z] Таблица 'salaryData' успешно создана или уже существует.
[2026-07-07T09:00:21.177Z] Запись за 06-07-2026 / 20260103-7090-403D-8015-DE08E5B1138E уже существует. Пропуск.
[2026-07-07T09:00:21.177Z] [cron] calcSalary — завершено (21167ms)
[2026-07-07T10:00:00.020Z] [cron] syncDocuments — запуск...
[2026-07-07T10:00:00.026Z] [cron] syncShops — запуск...
[2026-07-07T10:00:00.027Z] [cron] syncEmployees — запуск...
[2026-07-07T10:00:00.027Z] Таблица 'index_documents' успешно создана или уже существует
[2026-07-07T10:00:00.069Z] [ensureDays] Пробелов нет, все 90 дней на месте
[2026-07-07T10:00:00.071Z] Таблица 'shops' успешно создана или уже существует.
[2026-07-07T10:00:00.072Z] Таблица 'employees' успешно создана или уже существует.
[2026-07-07T10:00:05.382Z] Синхронизировано магазинов: 3
[2026-07-07T10:00:05.382Z] [syncShops] 3 магазинов синхронизировано
[2026-07-07T10:00:05.382Z] [cron] syncShops — завершено (5356ms)
[2026-07-07T10:00:07.041Z] [syncDocuments] Новых документов за 24ч: 312
[2026-07-07T10:00:07.049Z] Successfully inserted 312 documents (duplicates skipped)
[2026-07-07T10:00:07.049Z] [syncDocuments] Синхронизация завершена
[2026-07-07T10:00:07.049Z] [cron] syncDocuments — завершено (7029ms)
[2026-07-07T10:00:10.195Z] Синхронизировано сотрудников: 10
[2026-07-07T10:00:10.195Z] [syncEmployees] 10 сотрудников синхронизировано
[2026-07-07T10:00:10.195Z] [cron] syncEmployees — завершено (10168ms)
[2026-07-07T10:13:02.551Z] 🚀 Запуск локального сервера на http://localhost:3000
[2026-07-07T10:13:02.552Z]    БД: .wrangler/state/v3/d1/miniflare-D1DatabaseObject/77e38069f80f1e633c9f5aa7772a284a52b432b7fafc0a93a3719afdd1326ebf.sqlite
[2026-07-07T10:13:02.552Z]    Файлы: ./data/storage/
[2026-07-07T10:13:02.552Z]    Логи: ./data/logs/
[2026-07-07T10:13:02.554Z] ✅ Сервер слушает порт 3000
[2026-07-07T10:13:02.566Z] [cron] Планировщик запущен:
[2026-07-07T10:13:02.567Z]   syncDocuments      — каждые 30 минут
[2026-07-07T10:13:02.567Z]   updatePlans        — каждые 6 часов
[2026-07-07T10:13:02.567Z]   updateSalesByPlan  — каждые 6 часов
[2026-07-07T10:13:02.567Z]   calcSalary         — каждые 6 часов
[2026-07-07T10:13:02.567Z]   updateProductsShope — каждые 6 часов
[2026-07-07T10:13:04.554Z] [cron] первичная синхронизация — запуск...
[2026-07-07T10:13:04.555Z] Таблица 'index_documents' успешно создана или уже существует
[2026-07-07T10:13:04.634Z] [ensureDays] Пробелов нет, все 90 дней на месте
[2026-07-07T10:13:06.364Z] [syncDocuments] Новых документов за 24ч: 315
[2026-07-07T10:13:06.368Z] Successfully inserted 315 documents (duplicates skipped)
[2026-07-07T10:13:06.368Z] [syncDocuments] Синхронизация завершена
[2026-07-07T10:13:06.368Z] [cron] первичная синхронизация — завершено (1814ms)
[2026-07-07T10:13:06.556Z] [cron] syncShops — запуск...
[2026-07-07T10:13:06.557Z] Таблица 'shops' успешно создана или уже существует.
[2026-07-07T10:13:06.605Z] Синхронизировано магазинов: 3
[2026-07-07T10:13:06.605Z] [syncShops] 3 магазинов синхронизировано
[2026-07-07T10:13:06.605Z] [cron] syncShops — завершено (49ms)
[2026-07-07T10:13:08.555Z] [cron] syncEmployees — запуск...
[2026-07-07T10:13:08.556Z] Таблица 'employees' успешно создана или уже существует.
[2026-07-07T10:13:08.606Z] Синхронизировано сотрудников: 10
[2026-07-07T10:13:08.606Z] [syncEmployees] 10 сотрудников синхронизировано
[2026-07-07T10:13:08.606Z] [cron] syncEmployees — завершено (51ms)
[2026-07-07T10:13:17.555Z] [startup] Расчет планов и зарплат...
[2026-07-07T10:13:17.555Z] [cron] План продаж — запуск...
[2026-07-07T10:13:17.556Z] Старт функции updatePlan
[2026-07-07T10:13:17.556Z] Дата для плана: 07-07-2026
[2026-07-07T10:13:17.559Z] Получены UUID товаров: 175 шт.
[2026-07-07T10:13:19.812Z] Получено записей плана: 3
[2026-07-07T10:13:19.813Z] План обновлён: 3 магазинов за 07-07-2026
[2026-07-07T10:13:19.813Z] Обновление базы данных плана завершено успешно
[2026-07-07T10:13:19.813Z] [cron] План продаж — завершено (2258ms)
[2026-07-07T10:13:19.813Z] [cron] Продажи по плану — запуск...
[2026-07-07T10:13:19.813Z] Таблица 'SaleByPlan' успешно создана или уже существует.
[2026-07-07T10:13:19.813Z] Initialized dates: [object Object]
[2026-07-07T10:13:19.852Z] Данные SaleByPlan обновлены.
[2026-07-07T10:13:19.875Z] Данные SaleByPlan обновлены.
[2026-07-07T10:13:19.888Z] Данные SaleByPlan обновлены.
[2026-07-07T10:13:19.888Z] Final sales data: [object Object]
[2026-07-07T10:13:19.888Z] [cron] Продажи по плану — завершено (75ms)
[2026-07-07T10:13:19.888Z] [cron] Зарплата — запуск...
[2026-07-07T10:13:19.889Z] Accessories UUIDs: 3f51bb7f-f3a2-11e8-b973-ccb0da458b5a,729f41b4-0e69-11f1-91b6-be8fe126e7b9,78ddfd78-dc52-11e8-b970-ccb0da458b5a,a8fc0e51-eeb0-11ee-88ab-be8fe126e7b8,bc475e8b-b8f1-11e9-b988-ccb0da458b5a,ebdf9e2d-899e-11e8-b95f-c8d3ff286ecb,ebdf9e31-899e-11e8-b95f-c8d3ff286ecb,ebdf9e32-899e-11e8-b95f-c8d3ff286ecb,ebdf9e33-899e-11e8-b95f-c8d3ff286ecb,ebdf9e34-899e-11e8-b95f-c8d3ff286ecb,ebdf9e35-899e-11e8-b95f-c8d3ff286ecb,ebdf9e36-899e-11e8-b95f-c8d3ff286ecb,ebdf9e37-899e-11e8-b95f-c8d3ff286ecb,ebdf9e38-899e-11e8-b95f-c8d3ff286ecb,eea6020a-0993-11f1-842a-be8fe126e7b9,f9fff34b-8cc9-11e8-b960-c8d3ff286ecb
[2026-07-07T10:13:19.902Z] Salary and bonus: 
[2026-07-07T10:13:26.910Z] Accessories sales: 11542
[2026-07-07T10:13:26.918Z] Salary report: [object Object]
[2026-07-07T10:13:26.918Z] Таблица 'salaryData' успешно создана или уже существует.
[2026-07-07T10:13:26.919Z] Запись за 06-07-2026 / 20251229-316B-40A1-80F7-C59E5B8E6831 уже существует. Пропуск.
[2026-07-07T10:13:30.499Z] Таблица 'index_documents' успешно создана или уже существует
[2026-07-07T10:13:30.500Z] Таблица 'products' успешно создана или уже существует.
[2026-07-07T10:13:30.500Z] Таблица 'shops' успешно создана или уже существует.
[2026-07-07T10:13:30.500Z] Таблица 'employees' успешно создана или уже существует.
[2026-07-07T10:13:33.930Z] Accessories sales: 11035
[2026-07-07T10:13:33.937Z] Salary report: [object Object]
[2026-07-07T10:13:33.937Z] Таблица 'salaryData' успешно создана или уже существует.
[2026-07-07T10:13:33.937Z] Запись за 06-07-2026 / 20260103-425F-4044-8093-F2008B89A33B уже существует. Пропуск.
[2026-07-07T10:13:40.952Z] Accessories sales: 16240
[2026-07-07T10:13:40.957Z] Salary report: [object Object]
[2026-07-07T10:13:40.958Z] Таблица 'salaryData' успешно создана или уже существует.
[2026-07-07T10:13:40.958Z] Запись за 06-07-2026 / 20260103-7090-403D-8015-DE08E5B1138E уже существует. Пропуск.
[2026-07-07T10:13:40.958Z] [cron] Зарплата — завершено (21070ms)
[2026-07-07T10:13:40.958Z] [startup] Планы и зарплаты — готово
[2026-07-07T10:22:30.178Z] 🚀 Запуск локального сервера на http://localhost:3000
[2026-07-07T10:22:30.179Z]    БД: .wrangler/state/v3/d1/miniflare-D1DatabaseObject/77e38069f80f1e633c9f5aa7772a284a52b432b7fafc0a93a3719afdd1326ebf.sqlite
[2026-07-07T10:22:30.179Z]    Файлы: ./data/storage/
[2026-07-07T10:22:30.179Z]    Логи: ./data/logs/
[2026-07-07T10:22:30.180Z] ✅ Сервер слушает порт 3000
[2026-07-07T10:22:30.190Z] [cron] Планировщик запущен:
[2026-07-07T10:22:30.191Z]   syncDocuments      — каждые 30 минут
[2026-07-07T10:22:30.191Z]   updatePlans        — каждые 6 часов
[2026-07-07T10:22:30.191Z]   updateSalesByPlan  — каждые 6 часов
[2026-07-07T10:22:30.191Z]   calcSalary         — каждые 6 часов
[2026-07-07T10:22:30.191Z]   updateProductsShope — каждые 6 часов
[2026-07-07T10:22:32.181Z] [cron] первичная синхронизация — запуск...
[2026-07-07T10:22:32.182Z] Таблица 'index_documents' успешно создана или уже существует
[2026-07-07T10:22:32.258Z] [ensureDays] Пробелов нет, все 90 дней на месте
[2026-07-07T10:22:34.182Z] [cron] syncShops — запуск...
[2026-07-07T10:22:34.183Z] Таблица 'shops' успешно создана или уже существует.
[2026-07-07T10:22:36.182Z] [cron] syncEmployees — запуск...
[2026-07-07T10:22:36.182Z] Таблица 'employees' успешно создана или уже существует.
[2026-07-07T10:22:39.118Z] [syncDocuments] Новых документов за 24ч: 320
[2026-07-07T10:22:39.122Z] Successfully inserted 320 documents (duplicates skipped)
[2026-07-07T10:22:39.122Z] [syncDocuments] Синхронизация завершена
[2026-07-07T10:22:39.122Z] [cron] первичная синхронизация — завершено (6941ms)
[2026-07-07T10:22:39.300Z] Синхронизировано магазинов: 3
[2026-07-07T10:22:39.301Z] [syncShops] 3 магазинов синхронизировано
[2026-07-07T10:22:39.301Z] [cron] syncShops — завершено (5119ms)
[2026-07-07T10:22:42.504Z] Синхронизировано сотрудников: 10
[2026-07-07T10:22:42.504Z] [syncEmployees] 10 сотрудников синхронизировано
[2026-07-07T10:22:42.504Z] [cron] syncEmployees — завершено (6322ms)
[2026-07-07T10:22:45.181Z] [startup] Расчет планов и зарплат...
[2026-07-07T10:22:45.181Z] [cron] План продаж — запуск...
[2026-07-07T10:22:45.181Z] Старт функции updatePlan
[2026-07-07T10:22:45.182Z] Дата для плана: 07-07-2026
[2026-07-07T10:22:45.184Z] Получены UUID товаров: 175 шт.
[2026-07-07T10:22:47.490Z] Получено записей плана: 3
[2026-07-07T10:22:47.490Z] План обновлён: 3 магазинов за 07-07-2026
[2026-07-07T10:22:47.491Z] Обновление базы данных плана завершено успешно
[2026-07-07T10:22:47.491Z] [cron] План продаж — завершено (2310ms)
[2026-07-07T10:22:47.491Z] [cron] Продажи по плану — запуск...
[2026-07-07T10:22:47.491Z] Таблица 'SaleByPlan' успешно создана или уже существует.
[2026-07-07T10:22:47.491Z] Initialized dates: [object Object]
[2026-07-07T10:22:47.529Z] Данные SaleByPlan обновлены.
[2026-07-07T10:22:47.551Z] Данные SaleByPlan обновлены.
[2026-07-07T10:22:47.565Z] Данные SaleByPlan обновлены.
[2026-07-07T10:22:47.565Z] Final sales data: [object Object]
[2026-07-07T10:22:47.565Z] [cron] Продажи по плану — завершено (74ms)
[2026-07-07T10:22:47.565Z] [cron] Зарплата — запуск...
[2026-07-07T10:22:47.566Z] Accessories UUIDs: 3f51bb7f-f3a2-11e8-b973-ccb0da458b5a,729f41b4-0e69-11f1-91b6-be8fe126e7b9,78ddfd78-dc52-11e8-b970-ccb0da458b5a,a8fc0e51-eeb0-11ee-88ab-be8fe126e7b8,bc475e8b-b8f1-11e9-b988-ccb0da458b5a,ebdf9e2d-899e-11e8-b95f-c8d3ff286ecb,ebdf9e31-899e-11e8-b95f-c8d3ff286ecb,ebdf9e32-899e-11e8-b95f-c8d3ff286ecb,ebdf9e33-899e-11e8-b95f-c8d3ff286ecb,ebdf9e34-899e-11e8-b95f-c8d3ff286ecb,ebdf9e35-899e-11e8-b95f-c8d3ff286ecb,ebdf9e36-899e-11e8-b95f-c8d3ff286ecb,ebdf9e37-899e-11e8-b95f-c8d3ff286ecb,ebdf9e38-899e-11e8-b95f-c8d3ff286ecb,eea6020a-0993-11f1-842a-be8fe126e7b9,f9fff34b-8cc9-11e8-b960-c8d3ff286ecb
[2026-07-07T10:22:47.578Z] Salary and bonus: 
[2026-07-07T10:22:54.587Z] Accessories sales: 11542
[2026-07-07T10:22:54.594Z] Salary report: [object Object]
[2026-07-07T10:22:54.595Z] Таблица 'salaryData' успешно создана или уже существует.
[2026-07-07T10:22:54.595Z] Запись за 06-07-2026 / 20251229-316B-40A1-80F7-C59E5B8E6831 уже существует. Пропуск.
[2026-07-07T10:23:01.402Z] Таблица 'index_documents' успешно создана или уже существует
[2026-07-07T10:23:01.403Z] Таблица 'products' успешно создана или уже существует.
[2026-07-07T10:23:01.403Z] Таблица 'shops' успешно создана или уже существует.
[2026-07-07T10:23:01.403Z] Таблица 'employees' успешно создана или уже существует.
[2026-07-07T10:23:01.478Z] [DEBUG] Федорова Карина: totalCatAmount=72817, vape=0, acc=31186, unknown=41631, entries=217, vapeShare=0%
[2026-07-07T10:23:01.478Z] [DEBUG] Камила: totalCatAmount=146621, vape=0, acc=68129, unknown=78492, entries=327, vapeShare=0%
[2026-07-07T10:23:01.478Z] [DEBUG] Сухорукова Нелли: totalCatAmount=40781, vape=0, acc=12664, unknown=28117, entries=105, vapeShare=0%
[2026-07-07T10:23:01.479Z] [DEBUG] Алла: totalCatAmount=143671, vape=0, acc=57091, unknown=86580, entries=427, vapeShare=0%
[2026-07-07T10:23:01.479Z] [DEBUG] ВАЛЯ: totalCatAmount=82496, vape=0, acc=31315, unknown=51181, entries=312, vapeShare=0%
[2026-07-07T10:23:01.614Z] Accessories sales: 11035
[2026-07-07T10:23:01.621Z] Salary report: [object Object]
[2026-07-07T10:23:01.622Z] Таблица 'salaryData' успешно создана или уже существует.
[2026-07-07T10:23:01.622Z] Запись за 06-07-2026 / 20260103-425F-4044-8093-F2008B89A33B уже существует. Пропуск.
[2026-07-07T10:23:08.636Z] Accessories sales: 16240
[2026-07-07T10:23:08.641Z] Salary report: [object Object]
[2026-07-07T10:23:08.641Z] Таблица 'salaryData' успешно создана или уже существует.
[2026-07-07T10:23:08.641Z] Запись за 06-07-2026 / 20260103-7090-403D-8015-DE08E5B1138E уже существует. Пропуск.
[2026-07-07T10:23:08.641Z] [cron] Зарплата — завершено (21076ms)
[2026-07-07T10:23:08.641Z] [startup] Планы и зарплаты — готово
[2026-07-07T10:23:28.715Z] 🚀 Запуск локального сервера на http://localhost:3000
[2026-07-07T10:23:28.716Z]    БД: .wrangler/state/v3/d1/miniflare-D1DatabaseObject/77e38069f80f1e633c9f5aa7772a284a52b432b7fafc0a93a3719afdd1326ebf.sqlite
[2026-07-07T10:23:28.716Z]    Файлы: ./data/storage/
[2026-07-07T10:23:28.716Z]    Логи: ./data/logs/
[2026-07-07T10:23:28.718Z] ✅ Сервер слушает порт 3000
[2026-07-07T10:23:28.728Z] [cron] Планировщик запущен:
[2026-07-07T10:23:28.728Z]   syncDocuments      — каждые 30 минут
[2026-07-07T10:23:28.728Z]   updatePlans        — каждые 6 часов
[2026-07-07T10:23:28.728Z]   updateSalesByPlan  — каждые 6 часов
[2026-07-07T10:23:28.728Z]   calcSalary         — каждые 6 часов
[2026-07-07T10:23:28.728Z]   updateProductsShope — каждые 6 часов
[2026-07-07T10:23:30.719Z] [cron] первичная синхронизация — запуск...
[2026-07-07T10:23:30.719Z] Таблица 'index_documents' успешно создана или уже существует
[2026-07-07T10:23:30.810Z] [ensureDays] Пробелов нет, все 90 дней на месте
[2026-07-07T10:23:32.658Z] [syncDocuments] Новых документов за 24ч: 320
[2026-07-07T10:23:32.662Z] Successfully inserted 320 documents (duplicates skipped)
[2026-07-07T10:23:32.662Z] [syncDocuments] Синхронизация завершена
[2026-07-07T10:23:32.662Z] [cron] первичная синхронизация — завершено (1943ms)
[2026-07-07T10:23:32.719Z] [cron] syncShops — запуск...
[2026-07-07T10:23:32.720Z] Таблица 'shops' успешно создана или уже существует.
[2026-07-07T10:23:32.886Z] Синхронизировано магазинов: 3
[2026-07-07T10:23:32.886Z] [syncShops] 3 магазинов синхронизировано
[2026-07-07T10:23:32.887Z] [cron] syncShops — завершено (168ms)
[2026-07-07T10:23:34.719Z] [cron] syncEmployees — запуск...
[2026-07-07T10:23:34.720Z] Таблица 'employees' успешно создана или уже существует.
[2026-07-07T10:23:34.771Z] Синхронизировано сотрудников: 10
[2026-07-07T10:23:34.771Z] [syncEmployees] 10 сотрудников синхронизировано
[2026-07-07T10:23:34.771Z] [cron] syncEmployees — завершено (52ms)
[2026-07-07T10:23:43.718Z] [startup] Расчет планов и зарплат...
[2026-07-07T10:23:43.719Z] [cron] План продаж — запуск...
[2026-07-07T10:23:43.719Z] Старт функции updatePlan
[2026-07-07T10:23:43.719Z] Дата для плана: 07-07-2026
[2026-07-07T10:23:43.722Z] Получены UUID товаров: 175 шт.
[2026-07-07T10:23:45.950Z] Получено записей плана: 3
[2026-07-07T10:23:45.950Z] План обновлён: 3 магазинов за 07-07-2026
[2026-07-07T10:23:45.950Z] Обновление базы данных плана завершено успешно
[2026-07-07T10:23:45.950Z] [cron] План продаж — завершено (2231ms)
[2026-07-07T10:23:45.950Z] [cron] Продажи по плану — запуск...
[2026-07-07T10:23:45.951Z] Таблица 'SaleByPlan' успешно создана или уже существует.
[2026-07-07T10:23:45.951Z] Initialized dates: [object Object]
[2026-07-07T10:23:45.974Z] Данные SaleByPlan обновлены.
[2026-07-07T10:23:45.985Z] Данные SaleByPlan обновлены.
[2026-07-07T10:23:45.993Z] Данные SaleByPlan обновлены.
[2026-07-07T10:23:45.994Z] Final sales data: [object Object]
[2026-07-07T10:23:45.994Z] [cron] Продажи по плану — завершено (44ms)
[2026-07-07T10:23:45.994Z] [cron] Зарплата — запуск...
[2026-07-07T10:23:45.995Z] Accessories UUIDs: 3f51bb7f-f3a2-11e8-b973-ccb0da458b5a,729f41b4-0e69-11f1-91b6-be8fe126e7b9,78ddfd78-dc52-11e8-b970-ccb0da458b5a,a8fc0e51-eeb0-11ee-88ab-be8fe126e7b8,bc475e8b-b8f1-11e9-b988-ccb0da458b5a,ebdf9e2d-899e-11e8-b95f-c8d3ff286ecb,ebdf9e31-899e-11e8-b95f-c8d3ff286ecb,ebdf9e32-899e-11e8-b95f-c8d3ff286ecb,ebdf9e33-899e-11e8-b95f-c8d3ff286ecb,ebdf9e34-899e-11e8-b95f-c8d3ff286ecb,ebdf9e35-899e-11e8-b95f-c8d3ff286ecb,ebdf9e36-899e-11e8-b95f-c8d3ff286ecb,ebdf9e37-899e-11e8-b95f-c8d3ff286ecb,ebdf9e38-899e-11e8-b95f-c8d3ff286ecb,eea6020a-0993-11f1-842a-be8fe126e7b9,f9fff34b-8cc9-11e8-b960-c8d3ff286ecb
[2026-07-07T10:23:46.007Z] Salary and bonus: 
[2026-07-07T10:23:53.017Z] Accessories sales: 11542
[2026-07-07T10:23:53.025Z] Salary report: [object Object]
[2026-07-07T10:23:53.026Z] Таблица 'salaryData' успешно создана или уже существует.
[2026-07-07T10:23:53.026Z] Запись за 06-07-2026 / 20251229-316B-40A1-80F7-C59E5B8E6831 уже существует. Пропуск.
[2026-07-07T10:23:57.471Z] Таблица 'index_documents' успешно создана или уже существует
[2026-07-07T10:23:57.472Z] Таблица 'products' успешно создана или уже существует.
[2026-07-07T10:23:57.473Z] Таблица 'shops' успешно создана или уже существует.
[2026-07-07T10:23:57.473Z] Таблица 'employees' успешно создана или уже существует.
[2026-07-07T10:23:57.539Z] [buildCategoryMap] vape: 474 products, acc: -299 accessories
[2026-07-07T10:23:57.574Z] [DEBUG] Федорова Карина: totalCatAmount=72817, vape=0, acc=31186, unknown=41631, entries=217, vapeShare=0%
[2026-07-07T10:23:57.574Z] [DEBUG] Камила: totalCatAmount=146621, vape=0, acc=68129, unknown=78492, entries=327, vapeShare=0%
[2026-07-07T10:23:57.575Z] [DEBUG] Сухорукова Нелли: totalCatAmount=40781, vape=0, acc=12664, unknown=28117, entries=105, vapeShare=0%
[2026-07-07T10:23:57.575Z] [DEBUG] Алла: totalCatAmount=143671, vape=0, acc=57091, unknown=86580, entries=427, vapeShare=0%
[2026-07-07T10:23:57.575Z] [DEBUG] ВАЛЯ: totalCatAmount=82496, vape=0, acc=31315, unknown=51181, entries=312, vapeShare=0%
[2026-07-07T10:24:00.037Z] Accessories sales: 11035
[2026-07-07T10:24:00.044Z] Salary report: [object Object]
[2026-07-07T10:24:00.045Z] Таблица 'salaryData' успешно создана или уже существует.
[2026-07-07T10:24:00.045Z] Запись за 06-07-2026 / 20260103-425F-4044-8093-F2008B89A33B уже существует. Пропуск.
[2026-07-07T10:24:07.052Z] Accessories sales: 16240
[2026-07-07T10:24:07.057Z] Salary report: [object Object]
[2026-07-07T10:24:07.057Z] Таблица 'salaryData' успешно создана или уже существует.
[2026-07-07T10:24:07.057Z] Запись за 06-07-2026 / 20260103-7090-403D-8015-DE08E5B1138E уже существует. Пропуск.
[2026-07-07T10:24:07.057Z] [cron] Зарплата — завершено (21063ms)
[2026-07-07T10:24:07.057Z] [startup] Планы и зарплаты — готово
[2026-07-07T10:24:35.966Z] 🚀 Запуск локального сервера на http://localhost:3000
[2026-07-07T10:24:35.967Z]    БД: .wrangler/state/v3/d1/miniflare-D1DatabaseObject/77e38069f80f1e633c9f5aa7772a284a52b432b7fafc0a93a3719afdd1326ebf.sqlite
[2026-07-07T10:24:35.967Z]    Файлы: ./data/storage/
[2026-07-07T10:24:35.967Z]    Логи: ./data/logs/
[2026-07-07T10:24:35.968Z] ✅ Сервер слушает порт 3000
[2026-07-07T10:24:35.979Z] [cron] Планировщик запущен:
[2026-07-07T10:24:35.979Z]   syncDocuments      — каждые 30 минут
[2026-07-07T10:24:35.979Z]   updatePlans        — каждые 6 часов
[2026-07-07T10:24:35.979Z]   updateSalesByPlan  — каждые 6 часов
[2026-07-07T10:24:35.979Z]   calcSalary         — каждые 6 часов
[2026-07-07T10:24:35.979Z]   updateProductsShope — каждые 6 часов
[2026-07-07T10:24:37.969Z] [cron] первичная синхронизация — запуск...
[2026-07-07T10:24:37.970Z] Таблица 'index_documents' успешно создана или уже существует
[2026-07-07T10:24:38.023Z] [ensureDays] Пробелов нет, все 90 дней на месте
[2026-07-07T10:24:39.970Z] [cron] syncShops — запуск...
[2026-07-07T10:24:39.971Z] Таблица 'shops' успешно создана или уже существует.
[2026-07-07T10:24:41.970Z] [cron] syncEmployees — запуск...
[2026-07-07T10:24:41.971Z] Таблица 'employees' успешно создана или уже существует.
[2026-07-07T10:24:44.325Z] [syncDocuments] Новых документов за 24ч: 321
[2026-07-07T10:24:44.329Z] Successfully inserted 321 documents (duplicates skipped)
[2026-07-07T10:24:44.329Z] [syncDocuments] Синхронизация завершена
[2026-07-07T10:24:44.330Z] [cron] первичная синхронизация — завершено (6361ms)
[2026-07-07T10:24:45.063Z] Синхронизировано магазинов: 3
[2026-07-07T10:24:45.063Z] [syncShops] 3 магазинов синхронизировано
[2026-07-07T10:24:45.063Z] [cron] syncShops — завершено (5093ms)
[2026-07-07T10:24:48.136Z] Синхронизировано сотрудников: 10
[2026-07-07T10:24:48.136Z] [syncEmployees] 10 сотрудников синхронизировано
[2026-07-07T10:24:48.136Z] [cron] syncEmployees — завершено (6166ms)
[2026-07-07T10:24:50.970Z] [startup] Расчет планов и зарплат...
[2026-07-07T10:24:50.970Z] [cron] План продаж — запуск...
[2026-07-07T10:24:50.970Z] Старт функции updatePlan
[2026-07-07T10:24:50.970Z] Дата для плана: 07-07-2026
[2026-07-07T10:24:50.971Z] Получены UUID товаров: 175 шт.
[2026-07-07T10:24:53.207Z] Получено записей плана: 3
[2026-07-07T10:24:53.210Z] План обновлён: 3 магазинов за 07-07-2026
[2026-07-07T10:24:53.210Z] Обновление базы данных плана завершено успешно
[2026-07-07T10:24:53.210Z] [cron] План продаж — завершено (2240ms)
[2026-07-07T10:24:53.210Z] [cron] Продажи по плану — запуск...
[2026-07-07T10:24:53.210Z] Таблица 'SaleByPlan' успешно создана или уже существует.
[2026-07-07T10:24:53.210Z] Initialized dates: [object Object]
[2026-07-07T10:24:53.235Z] Данные SaleByPlan обновлены.
[2026-07-07T10:24:53.254Z] Данные SaleByPlan обновлены.
[2026-07-07T10:24:53.267Z] Данные SaleByPlan обновлены.
[2026-07-07T10:24:53.267Z] Final sales data: [object Object]
[2026-07-07T10:24:53.267Z] [cron] Продажи по плану — завершено (57ms)
[2026-07-07T10:24:53.267Z] [cron] Зарплата — запуск...
[2026-07-07T10:24:53.268Z] Accessories UUIDs: 3f51bb7f-f3a2-11e8-b973-ccb0da458b5a,729f41b4-0e69-11f1-91b6-be8fe126e7b9,78ddfd78-dc52-11e8-b970-ccb0da458b5a,a8fc0e51-eeb0-11ee-88ab-be8fe126e7b8,bc475e8b-b8f1-11e9-b988-ccb0da458b5a,ebdf9e2d-899e-11e8-b95f-c8d3ff286ecb,ebdf9e31-899e-11e8-b95f-c8d3ff286ecb,ebdf9e32-899e-11e8-b95f-c8d3ff286ecb,ebdf9e33-899e-11e8-b95f-c8d3ff286ecb,ebdf9e34-899e-11e8-b95f-c8d3ff286ecb,ebdf9e35-899e-11e8-b95f-c8d3ff286ecb,ebdf9e36-899e-11e8-b95f-c8d3ff286ecb,ebdf9e37-899e-11e8-b95f-c8d3ff286ecb,ebdf9e38-899e-11e8-b95f-c8d3ff286ecb,eea6020a-0993-11f1-842a-be8fe126e7b9,f9fff34b-8cc9-11e8-b960-c8d3ff286ecb
[2026-07-07T10:24:53.280Z] Salary and bonus: 
[2026-07-07T10:25:00.290Z] Accessories sales: 11542
[2026-07-07T10:25:00.297Z] Salary report: [object Object]
[2026-07-07T10:25:00.298Z] Таблица 'salaryData' успешно создана или уже существует.
[2026-07-07T10:25:00.298Z] Запись за 06-07-2026 / 20251229-316B-40A1-80F7-C59E5B8E6831 уже существует. Пропуск.
[2026-07-07T10:25:07.305Z] Accessories sales: 11035
[2026-07-07T10:25:07.313Z] Salary report: [object Object]
[2026-07-07T10:25:07.313Z] Таблица 'salaryData' успешно создана или уже существует.
[2026-07-07T10:25:07.313Z] Запись за 06-07-2026 / 20260103-425F-4044-8093-F2008B89A33B уже существует. Пропуск.
[2026-07-07T10:25:07.770Z] Таблица 'index_documents' успешно создана или уже существует
[2026-07-07T10:25:07.771Z] Таблица 'products' успешно создана или уже существует.
[2026-07-07T10:25:07.771Z] Таблица 'shops' успешно создана или уже существует.
[2026-07-07T10:25:07.771Z] Таблица 'employees' успешно создана или уже существует.
[2026-07-07T10:25:07.819Z] [buildCategoryMap] vape: 474 products, acc: -299 accessories
[2026-07-07T10:25:07.850Z] [DEBUG] Федорова Карина: totalCatAmount=72817, vape=11290, acc=19896, unknown=41631, entries=217, vapeShare=16%
[2026-07-07T10:25:07.850Z] [DEBUG] Камила: totalCatAmount=146621, vape=40080, acc=28049, unknown=78492, entries=327, vapeShare=27%
[2026-07-07T10:25:07.851Z] [DEBUG] Сухорукова Нелли: totalCatAmount=40781, vape=7840, acc=4824, unknown=28117, entries=105, vapeShare=19%
[2026-07-07T10:25:07.851Z] [DEBUG] Алла: totalCatAmount=143990, vape=18480, acc=38611, unknown=86899, entries=428, vapeShare=13%
[2026-07-07T10:25:07.851Z] [DEBUG] ВАЛЯ: totalCatAmount=82496, vape=10840, acc=20475, unknown=51181, entries=312, vapeShare=13%
[2026-07-07T10:25:14.327Z] Accessories sales: 16240
[2026-07-07T10:25:14.332Z] Salary report: [object Object]
[2026-07-07T10:25:14.332Z] Таблица 'salaryData' успешно создана или уже существует.
[2026-07-07T10:25:14.332Z] Запись за 06-07-2026 / 20260103-7090-403D-8015-DE08E5B1138E уже существует. Пропуск.
[2026-07-07T10:25:14.332Z] [cron] Зарплата — завершено (21065ms)
[2026-07-07T10:25:14.332Z] [startup] Планы и зарплаты — готово
[2026-07-07T10:26:12.059Z] [buildCategoryMap] vape: 474 products, acc: -299 accessories
[2026-07-07T10:26:12.125Z] [DEBUG] Федорова Карина: totalCatAmount=415356, vape=85430, acc=91008, unknown=238918, entries=1169, vapeShare=21%
[2026-07-07T10:26:12.127Z] [DEBUG] Камила: totalCatAmount=299890, vape=73180, acc=57276, unknown=169434, entries=680, vapeShare=24%
[2026-07-07T10:26:12.127Z] [DEBUG] Сухорукова Нелли: totalCatAmount=275694, vape=73720, acc=37562, unknown=164412, entries=658, vapeShare=27%
[2026-07-07T10:26:12.128Z] [DEBUG] Алла: totalCatAmount=239600, vape=40880, acc=52809, unknown=145911, entries=681, vapeShare=17%
[2026-07-07T10:26:12.129Z] [DEBUG] ВАЛЯ: totalCatAmount=488355, vape=92660, acc=125859, unknown=269836, entries=1398, vapeShare=19%
[2026-07-07T10:26:12.130Z] [DEBUG] Администратор: totalCatAmount=343083, vape=68910, acc=82916, unknown=191257, entries=983, vapeShare=20%
[2026-07-07T10:26:12.130Z] [DEBUG] Карина Боброва: totalCatAmount=171072, vape=35700, acc=38837, unknown=96535, entries=460, vapeShare=21%
[2026-07-07T10:27:09.030Z] 🚀 Запуск локального сервера на http://localhost:3000
[2026-07-07T10:27:09.031Z]    БД: .wrangler/state/v3/d1/miniflare-D1DatabaseObject/77e38069f80f1e633c9f5aa7772a284a52b432b7fafc0a93a3719afdd1326ebf.sqlite
[2026-07-07T10:27:09.031Z]    Файлы: ./data/storage/
[2026-07-07T10:27:09.031Z]    Логи: ./data/logs/
[2026-07-07T10:27:09.033Z] ✅ Сервер слушает порт 3000
[2026-07-07T10:27:09.043Z] [cron] Планировщик запущен:
[2026-07-07T10:27:09.043Z]   syncDocuments      — каждые 30 минут
[2026-07-07T10:27:09.043Z]   updatePlans        — каждые 6 часов
[2026-07-07T10:27:09.043Z]   updateSalesByPlan  — каждые 6 часов
[2026-07-07T10:27:09.043Z]   calcSalary         — каждые 6 часов
[2026-07-07T10:27:09.043Z]   updateProductsShope — каждые 6 часов
[2026-07-07T10:27:11.034Z] [cron] первичная синхронизация — запуск...
[2026-07-07T10:27:11.035Z] Таблица 'index_documents' успешно создана или уже существует
[2026-07-07T10:27:11.109Z] [ensureDays] Пробелов нет, все 90 дней на месте
[2026-07-07T10:27:13.034Z] [cron] syncShops — запуск...
[2026-07-07T10:27:13.035Z] Таблица 'shops' успешно создана или уже существует.
[2026-07-07T10:27:15.034Z] [cron] syncEmployees — запуск...
[2026-07-07T10:27:15.034Z] Таблица 'employees' успешно создана или уже существует.
[2026-07-07T10:27:17.444Z] [syncDocuments] Новых документов за 24ч: 321
[2026-07-07T10:27:17.449Z] Successfully inserted 321 documents (duplicates skipped)
[2026-07-07T10:27:17.449Z] [syncDocuments] Синхронизация завершена
[2026-07-07T10:27:17.449Z] [cron] первичная синхронизация — завершено (6415ms)
[2026-07-07T10:27:18.231Z] Синхронизировано магазинов: 3
[2026-07-07T10:27:18.231Z] [syncShops] 3 магазинов синхронизировано
[2026-07-07T10:27:18.232Z] [cron] syncShops — завершено (5198ms)
[2026-07-07T10:27:21.265Z] Синхронизировано сотрудников: 10
[2026-07-07T10:27:21.265Z] [syncEmployees] 10 сотрудников синхронизировано
[2026-07-07T10:27:21.265Z] [cron] syncEmployees — завершено (6231ms)
[2026-07-07T10:27:24.034Z] [startup] Расчет планов и зарплат...
[2026-07-07T10:27:24.034Z] [cron] План продаж — запуск...
[2026-07-07T10:27:24.035Z] Старт функции updatePlan
[2026-07-07T10:27:24.035Z] Дата для плана: 07-07-2026
[2026-07-07T10:27:24.037Z] Получены UUID товаров: 175 шт.
[2026-07-07T10:27:26.278Z] Получено записей плана: 3
[2026-07-07T10:27:26.278Z] План обновлён: 3 магазинов за 07-07-2026
[2026-07-07T10:27:26.278Z] Обновление базы данных плана завершено успешно
[2026-07-07T10:27:26.278Z] [cron] План продаж — завершено (2244ms)
[2026-07-07T10:27:26.278Z] [cron] Продажи по плану — запуск...
[2026-07-07T10:27:26.278Z] Таблица 'SaleByPlan' успешно создана или уже существует.
[2026-07-07T10:27:26.278Z] Initialized dates: [object Object]
[2026-07-07T10:27:26.302Z] Данные SaleByPlan обновлены.
[2026-07-07T10:27:26.313Z] Данные SaleByPlan обновлены.
[2026-07-07T10:27:26.322Z] Данные SaleByPlan обновлены.
[2026-07-07T10:27:26.322Z] Final sales data: [object Object]
[2026-07-07T10:27:26.323Z] [cron] Продажи по плану — завершено (45ms)
[2026-07-07T10:27:26.323Z] [cron] Зарплата — запуск...
[2026-07-07T10:27:26.323Z] Accessories UUIDs: 3f51bb7f-f3a2-11e8-b973-ccb0da458b5a,729f41b4-0e69-11f1-91b6-be8fe126e7b9,78ddfd78-dc52-11e8-b970-ccb0da458b5a,a8fc0e51-eeb0-11ee-88ab-be8fe126e7b8,bc475e8b-b8f1-11e9-b988-ccb0da458b5a,ebdf9e2d-899e-11e8-b95f-c8d3ff286ecb,ebdf9e31-899e-11e8-b95f-c8d3ff286ecb,ebdf9e32-899e-11e8-b95f-c8d3ff286ecb,ebdf9e33-899e-11e8-b95f-c8d3ff286ecb,ebdf9e34-899e-11e8-b95f-c8d3ff286ecb,ebdf9e35-899e-11e8-b95f-c8d3ff286ecb,ebdf9e36-899e-11e8-b95f-c8d3ff286ecb,ebdf9e37-899e-11e8-b95f-c8d3ff286ecb,ebdf9e38-899e-11e8-b95f-c8d3ff286ecb,eea6020a-0993-11f1-842a-be8fe126e7b9,f9fff34b-8cc9-11e8-b960-c8d3ff286ecb
[2026-07-07T10:27:26.336Z] Salary and bonus: 
[2026-07-07T10:27:33.357Z] Accessories sales: 11542
[2026-07-07T10:27:33.365Z] Salary report: [object Object]
[2026-07-07T10:27:33.365Z] Таблица 'salaryData' успешно создана или уже существует.
[2026-07-07T10:27:33.365Z] Запись за 06-07-2026 / 20251229-316B-40A1-80F7-C59E5B8E6831 уже существует. Пропуск.
[2026-07-07T10:27:40.383Z] Accessories sales: 11035
[2026-07-07T10:27:40.390Z] Salary report: [object Object]
[2026-07-07T10:27:40.391Z] Таблица 'salaryData' успешно создана или уже существует.
[2026-07-07T10:27:40.391Z] Запись за 06-07-2026 / 20260103-425F-4044-8093-F2008B89A33B уже существует. Пропуск.
[2026-07-07T10:27:41.176Z] Таблица 'index_documents' успешно создана или уже существует
[2026-07-07T10:27:41.177Z] Таблица 'products' успешно создана или уже существует.
[2026-07-07T10:27:41.177Z] Таблица 'shops' успешно создана или уже существует.
[2026-07-07T10:27:41.177Z] Таблица 'employees' успешно создана или уже существует.
[2026-07-07T10:27:41.328Z] [buildCategoryMap] vape: 474 products, acc: -299 accessories
[2026-07-07T10:27:47.400Z] Accessories sales: 16240
[2026-07-07T10:27:47.406Z] Salary report: [object Object]
[2026-07-07T10:27:47.406Z] Таблица 'salaryData' успешно создана или уже существует.
[2026-07-07T10:27:47.406Z] Запись за 06-07-2026 / 20260103-7090-403D-8015-DE08E5B1138E уже существует. Пропуск.
[2026-07-07T10:27:47.406Z] [cron] Зарплата — завершено (21083ms)
[2026-07-07T10:27:47.406Z] [startup] Планы и зарплаты — готово
[2026-07-07T10:30:00.003Z] [cron] syncDocuments — запуск...
[2026-07-07T10:30:00.007Z] [cron] syncShops — запуск...
[2026-07-07T10:30:00.007Z] [cron] syncEmployees — запуск...
[2026-07-07T10:30:00.007Z] Таблица 'index_documents' успешно создана или уже существует
[2026-07-07T10:30:00.040Z] [ensureDays] Пробелов нет, все 90 дней на месте
[2026-07-07T10:30:00.041Z] Таблица 'shops' успешно создана или уже существует.
[2026-07-07T10:30:00.041Z] Таблица 'employees' успешно создана или уже существует.
[2026-07-07T10:30:05.194Z] Синхронизировано магазинов: 3
[2026-07-07T10:30:05.195Z] [syncShops] 3 магазинов синхронизировано
[2026-07-07T10:30:05.195Z] [cron] syncShops — завершено (5188ms)
[2026-07-07T10:30:06.435Z] [syncDocuments] Новых документов за 24ч: 323
[2026-07-07T10:30:06.440Z] Successfully inserted 323 documents (duplicates skipped)
[2026-07-07T10:30:06.441Z] [syncDocuments] Синхронизация завершена
[2026-07-07T10:30:06.441Z] [cron] syncDocuments — завершено (6438ms)
[2026-07-07T10:30:10.166Z] Синхронизировано сотрудников: 10
[2026-07-07T10:30:10.167Z] [syncEmployees] 10 сотрудников синхронизировано
[2026-07-07T10:30:10.167Z] [cron] syncEmployees — завершено (10160ms)
[2026-07-07T10:32:10.929Z] employeeRole: SUPERADMIN
[2026-07-07T10:32:11.122Z] [buildCategoryMap] vape: 474 products, acc: -299 accessories
[2026-07-07T10:32:11.270Z] [buildCategoryMap] vape: 474 products, acc: -299 accessories
[2026-07-07T10:32:27.559Z] employeeRole: SUPERADMIN
[2026-07-07T10:32:27.744Z] [buildCategoryMap] vape: 474 products, acc: -299 accessories
[2026-07-07T10:32:40.786Z] employeeRole: SUPERADMIN
[2026-07-07T10:32:40.997Z] [buildCategoryMap] vape: 474 products, acc: -299 accessories
[2026-07-07T10:32:50.378Z] [buildCategoryMap] vape: 474 products, acc: -299 accessories
[2026-07-07T10:32:50.525Z] [buildCategoryMap] vape: 474 products, acc: -299 accessories
[2026-07-07T11:00:00.031Z] [cron] syncDocuments — запуск...
[2026-07-07T11:00:00.032Z] [cron] syncShops — запуск...
[2026-07-07T11:00:00.033Z] [cron] syncEmployees — запуск...
[2026-07-07T11:00:00.033Z] Таблица 'index_documents' успешно создана или уже существует
[2026-07-07T11:00:00.063Z] [ensureDays] Пробелов нет, все 90 дней на месте
[2026-07-07T11:00:00.066Z] Таблица 'shops' успешно создана или уже существует.
[2026-07-07T11:00:00.066Z] Таблица 'employees' успешно создана или уже существует.
[2026-07-07T11:00:05.227Z] Синхронизировано магазинов: 3
[2026-07-07T11:00:05.227Z] [syncShops] 3 магазинов синхронизировано
[2026-07-07T11:00:05.227Z] [cron] syncShops — завершено (5195ms)
[2026-07-07T11:00:06.545Z] [syncDocuments] Новых документов за 24ч: 330
[2026-07-07T11:00:06.550Z] Successfully inserted 330 documents (duplicates skipped)
[2026-07-07T11:00:06.551Z] [syncDocuments] Синхронизация завершена
[2026-07-07T11:00:06.551Z] [cron] syncDocuments — завершено (6520ms)
[2026-07-07T11:00:10.247Z] Синхронизировано сотрудников: 10
[2026-07-07T11:00:10.247Z] [syncEmployees] 10 сотрудников синхронизировано
[2026-07-07T11:00:10.247Z] [cron] syncEmployees — завершено (10214ms)
[2026-07-07T11:19:32.783Z] 🚀 Запуск локального сервера на http://localhost:3000
[2026-07-07T11:19:32.784Z]    БД: .wrangler/state/v3/d1/miniflare-D1DatabaseObject/77e38069f80f1e633c9f5aa7772a284a52b432b7fafc0a93a3719afdd1326ebf.sqlite
[2026-07-07T11:19:32.784Z]    Файлы: ./data/storage/
[2026-07-07T11:19:32.784Z]    Логи: ./data/logs/
[2026-07-07T11:19:32.786Z] ✅ Сервер слушает порт 3000
[2026-07-07T11:19:32.796Z] [cron] Планировщик запущен:
[2026-07-07T11:19:32.796Z]   syncDocuments      — каждые 30 минут
[2026-07-07T11:19:32.796Z]   updatePlans        — каждые 6 часов
[2026-07-07T11:19:32.796Z]   updateSalesByPlan  — каждые 6 часов
[2026-07-07T11:19:32.796Z]   calcSalary         — каждые 6 часов
[2026-07-07T11:19:32.797Z]   updateProductsShope — каждые 6 часов
[2026-07-07T11:19:34.001Z] Таблица 'index_documents' успешно создана или уже существует
[2026-07-07T11:19:34.002Z] Таблица 'products' успешно создана или уже существует.
[2026-07-07T11:19:34.003Z] Таблица 'shops' успешно создана или уже существует.
[2026-07-07T11:19:34.003Z] Таблица 'employees' успешно создана или уже существует.
[2026-07-07T11:19:34.786Z] [cron] первичная синхронизация — запуск...
[2026-07-07T11:19:34.787Z] Таблица 'index_documents' успешно создана или уже существует
[2026-07-07T11:19:34.875Z] [ensureDays] Пробелов нет, все 90 дней на месте
[2026-07-07T11:19:36.788Z] [cron] syncShops — запуск...
[2026-07-07T11:19:36.788Z] Таблица 'shops' успешно создана или уже существует.
[2026-07-07T11:19:38.209Z] [syncDocuments] Новых документов за 24ч: 333
[2026-07-07T11:19:38.213Z] Successfully inserted 333 documents (duplicates skipped)
[2026-07-07T11:19:38.213Z] [syncDocuments] Синхронизация завершена
[2026-07-07T11:19:38.213Z] [cron] первичная синхронизация — завершено (3427ms)
[2026-07-07T11:19:38.787Z] [cron] syncEmployees — запуск...
[2026-07-07T11:19:38.788Z] Таблица 'employees' успешно создана или уже существует.
[2026-07-07T11:19:38.872Z] Синхронизировано сотрудников: 10
[2026-07-07T11:19:38.872Z] [syncEmployees] 10 сотрудников синхронизировано
[2026-07-07T11:19:38.873Z] [cron] syncEmployees — завершено (86ms)
[2026-07-07T11:19:39.665Z] [buildCategoryMap] vape: 474 products, acc: -299 accessories
[2026-07-07T11:19:41.967Z] Синхронизировано магазинов: 3
[2026-07-07T11:19:41.967Z] [syncShops] 3 магазинов синхронизировано
[2026-07-07T11:19:41.967Z] [cron] syncShops — завершено (5179ms)
[2026-07-07T11:19:47.787Z] [startup] Расчет планов и зарплат...
[2026-07-07T11:19:47.787Z] [cron] План продаж — запуск...
[2026-07-07T11:19:47.787Z] Старт функции updatePlan
[2026-07-07T11:19:47.787Z] Дата для плана: 07-07-2026
[2026-07-07T11:19:47.789Z] Получены UUID товаров: 175 шт.
[2026-07-07T11:19:48.914Z] employeeRole: SUPERADMIN
[2026-07-07T11:19:49.105Z] [buildCategoryMap] vape: 474 products, acc: -299 accessories
[2026-07-07T11:19:49.252Z] [buildCategoryMap] vape: 474 products, acc: -299 accessories
[2026-07-07T11:19:50.000Z] Получено записей плана: 3
[2026-07-07T11:19:50.001Z] План обновлён: 3 магазинов за 07-07-2026
[2026-07-07T11:19:50.001Z] Обновление базы данных плана завершено успешно
[2026-07-07T11:19:50.001Z] [cron] План продаж — завершено (2214ms)
[2026-07-07T11:19:50.001Z] [cron] Продажи по плану — запуск...
[2026-07-07T11:19:50.001Z] Таблица 'SaleByPlan' успешно создана или уже существует.
[2026-07-07T11:19:50.001Z] Initialized dates: [object Object]
[2026-07-07T11:19:50.018Z] Данные SaleByPlan обновлены.
[2026-07-07T11:19:50.031Z] Данные SaleByPlan обновлены.
[2026-07-07T11:19:50.040Z] Данные SaleByPlan обновлены.
[2026-07-07T11:19:50.041Z] Final sales data: [object Object]
[2026-07-07T11:19:50.041Z] [cron] Продажи по плану — завершено (40ms)
[2026-07-07T11:19:50.041Z] [cron] Зарплата — запуск...
[2026-07-07T11:19:50.041Z] Accessories UUIDs: 3f51bb7f-f3a2-11e8-b973-ccb0da458b5a,729f41b4-0e69-11f1-91b6-be8fe126e7b9,78ddfd78-dc52-11e8-b970-ccb0da458b5a,a8fc0e51-eeb0-11ee-88ab-be8fe126e7b8,bc475e8b-b8f1-11e9-b988-ccb0da458b5a,ebdf9e2d-899e-11e8-b95f-c8d3ff286ecb,ebdf9e31-899e-11e8-b95f-c8d3ff286ecb,ebdf9e32-899e-11e8-b95f-c8d3ff286ecb,ebdf9e33-899e-11e8-b95f-c8d3ff286ecb,ebdf9e34-899e-11e8-b95f-c8d3ff286ecb,ebdf9e35-899e-11e8-b95f-c8d3ff286ecb,ebdf9e36-899e-11e8-b95f-c8d3ff286ecb,ebdf9e37-899e-11e8-b95f-c8d3ff286ecb,ebdf9e38-899e-11e8-b95f-c8d3ff286ecb,eea6020a-0993-11f1-842a-be8fe126e7b9,f9fff34b-8cc9-11e8-b960-c8d3ff286ecb
[2026-07-07T11:19:50.055Z] Salary and bonus: 
[2026-07-07T11:19:55.406Z] employeeRole: SUPERADMIN
[2026-07-07T11:19:55.559Z] [buildCategoryMap] vape: 474 products, acc: -299 accessories
[2026-07-07T11:19:55.696Z] [buildCategoryMap] vape: 474 products, acc: -299 accessories
[2026-07-07T11:19:57.066Z] Accessories sales: 11542
[2026-07-07T11:19:57.075Z] Salary report: [object Object]
[2026-07-07T11:19:57.076Z] Таблица 'salaryData' успешно создана или уже существует.
[2026-07-07T11:19:57.076Z] Запись за 06-07-2026 / 20251229-316B-40A1-80F7-C59E5B8E6831 уже существует. Пропуск.
[2026-07-07T11:19:57.788Z] [cron] Telegram-алерты — запуск...
[2026-07-07T11:19:57.788Z] [alerts] Telegram not configured, skipping
[2026-07-07T11:19:57.789Z] [cron] Telegram-алерты — завершено (2ms)
[2026-07-07T11:20:04.087Z] Accessories sales: 11035
[2026-07-07T11:20:04.095Z] Salary report: [object Object]
[2026-07-07T11:20:04.096Z] Таблица 'salaryData' успешно создана или уже существует.
[2026-07-07T11:20:04.096Z] Запись за 06-07-2026 / 20260103-425F-4044-8093-F2008B89A33B уже существует. Пропуск.
[2026-07-07T11:20:11.116Z] Accessories sales: 16240
[2026-07-07T11:20:11.127Z] Salary report: [object Object]
[2026-07-07T11:20:11.128Z] Таблица 'salaryData' успешно создана или уже существует.
[2026-07-07T11:20:11.128Z] Запись за 06-07-2026 / 20260103-7090-403D-8015-DE08E5B1138E уже существует. Пропуск.
[2026-07-07T11:20:11.128Z] [cron] Зарплата — завершено (21087ms)
[2026-07-07T11:20:11.128Z] [startup] Планы и зарплаты — готово
[2026-07-07T11:30:00.006Z] [cron] syncDocuments — запуск...
[2026-07-07T11:30:00.011Z] [cron] syncShops — запуск...
[2026-07-07T11:30:00.013Z] [cron] syncEmployees — запуск...
[2026-07-07T11:30:00.013Z] Таблица 'index_documents' успешно создана или уже существует
[2026-07-07T11:30:00.055Z] [ensureDays] Пробелов нет, все 90 дней на месте
[2026-07-07T11:30:00.057Z] Таблица 'shops' успешно создана или уже существует.
[2026-07-07T11:30:00.057Z] Таблица 'employees' успешно создана или уже существует.
[2026-07-07T11:30:05.191Z] Синхронизировано магазинов: 3
[2026-07-07T11:30:05.191Z] [syncShops] 3 магазинов синхронизировано
[2026-07-07T11:30:05.192Z] [cron] syncShops — завершено (5181ms)
[2026-07-07T11:30:06.542Z] [syncDocuments] Новых документов за 24ч: 333
[2026-07-07T11:30:06.551Z] Successfully inserted 333 documents (duplicates skipped)
[2026-07-07T11:30:06.551Z] [syncDocuments] Синхронизация завершена
[2026-07-07T11:30:06.552Z] [cron] syncDocuments — завершено (6546ms)
[2026-07-07T11:30:10.224Z] Синхронизировано сотрудников: 10
[2026-07-07T11:30:10.224Z] [syncEmployees] 10 сотрудников синхронизировано
[2026-07-07T11:30:10.224Z] [cron] syncEmployees — завершено (10211ms)
[2026-07-07T11:39:05.153Z] employeeRole: SUPERADMIN
[2026-07-07T11:39:05.321Z] [buildCategoryMap] vape: 474 products, acc: -299 accessories
[2026-07-07T11:39:05.469Z] [buildCategoryMap] vape: 474 products, acc: -299 accessories
[2026-07-07T11:39:06.386Z] [buildCategoryMap] vape: 474 products, acc: -299 accessories
[2026-07-07T11:50:39.604Z] [buildCategoryMap] vape: 474 products, acc: -299 accessories
[2026-07-07T11:51:02.565Z] [buildCategoryMap] vape: 474 products, acc: -299 accessories
[2026-07-07T11:51:06.978Z] [buildCategoryMap] vape: 474 products, acc: -299 accessories
[2026-07-07T11:51:59.301Z] [buildCategoryMap] vape: 474 products, acc: -299 accessories
[2026-07-07T11:52:38.181Z] [buildCategoryMap] vape: 474 products, acc: -299 accessories
[2026-07-07T11:53:40.517Z] [buildCategoryMap] vape: 474 products, acc: -299 accessories
[2026-07-07T11:53:48.689Z] [buildCategoryMap] vape: 474 products, acc: -299 accessories
[2026-07-07T11:53:49.294Z] [buildCategoryMap] vape: 474 products, acc: -299 accessories
[2026-07-07T12:00:00.014Z] [cron] syncDocuments — запуск...
[2026-07-07T12:00:00.014Z] [cron] syncShops — запуск...
[2026-07-07T12:00:00.015Z] [cron] syncEmployees — запуск...
[2026-07-07T12:00:00.015Z] Таблица 'index_documents' успешно создана или уже существует
[2026-07-07T12:00:00.046Z] [ensureDays] Пробелов нет, все 90 дней на месте
[2026-07-07T12:00:00.048Z] Таблица 'shops' успешно создана или уже существует.
[2026-07-07T12:00:00.048Z] Таблица 'employees' успешно создана или уже существует.
[2026-07-07T12:00:05.428Z] Синхронизировано магазинов: 3
[2026-07-07T12:00:05.429Z] [syncShops] 3 магазинов синхронизировано
[2026-07-07T12:00:05.429Z] [cron] syncShops — завершено (5415ms)
[2026-07-07T12:00:06.891Z] [syncDocuments] Новых документов за 24ч: 336
[2026-07-07T12:00:06.896Z] Successfully inserted 336 documents (duplicates skipped)
[2026-07-07T12:00:06.896Z] [syncDocuments] Синхронизация завершена
[2026-07-07T12:00:06.897Z] [cron] syncDocuments — завершено (6883ms)
[2026-07-07T12:00:10.275Z] Синхронизировано сотрудников: 10
[2026-07-07T12:00:10.275Z] [syncEmployees] 10 сотрудников синхронизировано
[2026-07-07T12:00:10.276Z] [cron] syncEmployees — завершено (10261ms)
[2026-07-07T12:06:47.736Z] [buildCategoryMap] vape: 474 products, acc: -299 accessories
[2026-07-07T12:06:47.756Z] employeeRole: SUPERADMIN
[2026-07-07T12:06:47.896Z] [buildCategoryMap] vape: 474 products, acc: -299 accessories
[2026-07-07T12:06:49.483Z] employeeRole: SUPERADMIN
[2026-07-07T12:06:49.615Z] [buildCategoryMap] vape: 474 products, acc: -299 accessories
[2026-07-07T12:06:49.755Z] [buildCategoryMap] vape: 474 products, acc: -299 accessories
[2026-07-07T12:06:51.201Z] employeeRole: SUPERADMIN
[2026-07-07T12:06:51.331Z] [buildCategoryMap] vape: 474 products, acc: -299 accessories
[2026-07-07T12:06:51.469Z] [buildCategoryMap] vape: 474 products, acc: -299 accessories
[2026-07-07T12:15:02.740Z] employeeRole: SUPERADMIN
[2026-07-07T12:15:02.911Z] [buildCategoryMap] vape: 474 products, acc: -299 accessories
[2026-07-07T12:15:03.072Z] [buildCategoryMap] vape: 474 products, acc: -299 accessories
[2026-07-07T12:15:30.652Z] [buildCategoryMap] vape: 474 products, acc: -299 accessories
[2026-07-07T12:16:14.102Z] employeeRole: SUPERADMIN
[2026-07-07T12:16:14.279Z] [buildCategoryMap] vape: 474 products, acc: -299 accessories
[2026-07-07T12:16:30.802Z] [buildCategoryMap] vape: 474 products, acc: -299 accessories
[2026-07-07T12:28:47.978Z] 🚀 Запуск локального сервера на http://localhost:3000
[2026-07-07T12:28:47.979Z]    БД: .wrangler/state/v3/d1/miniflare-D1DatabaseObject/77e38069f80f1e633c9f5aa7772a284a52b432b7fafc0a93a3719afdd1326ebf.sqlite
[2026-07-07T12:28:47.979Z]    Файлы: ./data/storage/
[2026-07-07T12:28:47.979Z]    Логи: ./data/logs/
[2026-07-07T12:30:00.011Z] [cron] syncDocuments — запуск...
[2026-07-07T12:30:00.016Z] [cron] syncShops — запуск...
[2026-07-07T12:30:00.018Z] [cron] syncEmployees — запуск...
[2026-07-07T12:30:00.018Z] Таблица 'index_documents' успешно создана или уже существует
[2026-07-07T12:30:00.058Z] [ensureDays] Пробелов нет, все 90 дней на месте
[2026-07-07T12:30:00.060Z] Таблица 'shops' успешно создана или уже существует.
[2026-07-07T12:30:00.060Z] Таблица 'employees' успешно создана или уже существует.
[2026-07-07T12:30:00.199Z] Синхронизировано магазинов: 3
[2026-07-07T12:30:00.200Z] [syncShops] 3 магазинов синхронизировано
[2026-07-07T12:30:00.200Z] [cron] syncShops — завершено (184ms)
[2026-07-07T12:30:00.246Z] Синхронизировано сотрудников: 10
[2026-07-07T12:30:00.246Z] [syncEmployees] 10 сотрудников синхронизировано
[2026-07-07T12:30:00.246Z] [cron] syncEmployees — завершено (228ms)
[2026-07-07T12:30:02.792Z] [syncDocuments] Новых документов за 24ч: 340
[2026-07-07T12:30:02.802Z] Successfully inserted 340 documents (duplicates skipped)
[2026-07-07T12:30:02.803Z] [syncDocuments] Синхронизация завершена
[2026-07-07T12:30:02.803Z] [cron] syncDocuments — завершено (2792ms)
[2026-07-07T12:34:53.636Z] 🚀 Запуск локального сервера на http://localhost:3000
[2026-07-07T12:34:53.638Z]    БД: .wrangler/state/v3/d1/miniflare-D1DatabaseObject/77e38069f80f1e633c9f5aa7772a284a52b432b7fafc0a93a3719afdd1326ebf.sqlite
[2026-07-07T12:34:53.638Z]    Файлы: ./data/storage/
[2026-07-07T12:34:53.638Z]    Логи: ./data/logs/
[2026-07-07T13:00:00.003Z] [cron] syncDocuments — запуск...
[2026-07-07T13:00:00.010Z] [cron] syncShops — запуск...
[2026-07-07T13:00:00.012Z] [cron] syncEmployees — запуск...
[2026-07-07T13:00:00.012Z] Таблица 'index_documents' успешно создана или уже существует
[2026-07-07T13:00:00.056Z] [ensureDays] Пробелов нет, все 90 дней на месте
[2026-07-07T13:00:00.058Z] Таблица 'shops' успешно создана или уже существует.
[2026-07-07T13:00:00.058Z] Таблица 'employees' успешно создана или уже существует.
[2026-07-07T13:00:05.282Z] Синхронизировано магазинов: 3
[2026-07-07T13:00:05.283Z] [syncShops] 3 магазинов синхронизировано
[2026-07-07T13:00:05.283Z] [cron] syncShops — завершено (5273ms)
[2026-07-07T13:00:06.695Z] [syncDocuments] Новых документов за 24ч: 344
[2026-07-07T13:00:06.706Z] Successfully inserted 344 documents (duplicates skipped)
[2026-07-07T13:00:06.706Z] [syncDocuments] Синхронизация завершена
[2026-07-07T13:00:06.706Z] [cron] syncDocuments — завершено (6703ms)
[2026-07-07T13:00:10.222Z] Синхронизировано сотрудников: 10
[2026-07-07T13:00:10.222Z] [syncEmployees] 10 сотрудников синхронизировано
[2026-07-07T13:00:10.222Z] [cron] syncEmployees — завершено (10210ms)
[2026-07-07T13:03:13.581Z] employeeRole: SUPERADMIN
[2026-07-07T13:03:13.846Z] [buildCategoryMap] vape: 474 products, acc: -299 accessories
[2026-07-07T13:03:15.724Z] [buildCategoryMap] vape: 474 products, acc: -299 accessories
[2026-07-07T13:03:27.500Z] [buildCategoryMap] vape: 474 products, acc: -299 accessories
[2026-07-07T13:04:18.506Z] employeeRole: SUPERADMIN
[2026-07-07T13:04:24.558Z] [buildCategoryMap] vape: 474 products, acc: -299 accessories
[2026-07-07T13:04:24.665Z] employeeRole: SUPERADMIN
[2026-07-07T13:04:24.695Z] [buildCategoryMap] vape: 474 products, acc: -299 accessories
[2026-07-07T15:00:00.005Z] [cron] updateProductsShope — запуск...
[2026-07-07T15:00:00.008Z] Таблица 'shopProduct' успешно создана или уже существует.
[2026-07-07T15:00:00.016Z] [cron] syncDocuments — запуск...
[2026-07-07T15:00:00.017Z] [cron] syncShops — запуск...
[2026-07-07T15:00:00.018Z] [cron] syncEmployees — запуск...
[2026-07-07T15:00:00.018Z] Таблица 'index_documents' успешно создана или уже существует
[2026-07-07T15:00:00.055Z] [ensureDays] Пробелов нет, все 90 дней на месте
[2026-07-07T15:00:00.055Z] Таблица 'shops' успешно создана или уже существует.
[2026-07-07T15:00:00.055Z] Таблица 'employees' успешно создана или уже существует.
[2026-07-07T15:00:00.056Z] [cron] updatePlans — запуск...
[2026-07-07T15:00:00.056Z] Старт функции updatePlan
[2026-07-07T15:00:00.056Z] Дата для плана: 07-07-2026
[2026-07-07T15:00:00.057Z] [cron] updateSalesByPlan — запуск...
[2026-07-07T15:00:00.057Z] [cron] calcSalary — запуск...
[2026-07-07T15:00:00.057Z] [cron] criticalAlerts — запуск...
[2026-07-07T15:00:00.057Z] [alerts] Telegram not configured, skipping
[2026-07-07T15:00:00.057Z] Таблица 'SaleByPlan' успешно создана или уже существует.
[2026-07-07T15:00:00.057Z] [cron] criticalAlerts — завершено (0ms)
[2026-07-07T15:00:00.057Z] Получены UUID товаров: 175 шт.
[2026-07-07T15:00:00.057Z] Initialized dates: [object Object]
[2026-07-07T15:00:00.058Z] Accessories UUIDs: 3f51bb7f-f3a2-11e8-b973-ccb0da458b5a,729f41b4-0e69-11f1-91b6-be8fe126e7b9,78ddfd78-dc52-11e8-b970-ccb0da458b5a,a8fc0e51-eeb0-11ee-88ab-be8fe126e7b8,bc475e8b-b8f1-11e9-b988-ccb0da458b5a,ebdf9e2d-899e-11e8-b95f-c8d3ff286ecb,ebdf9e31-899e-11e8-b95f-c8d3ff286ecb,ebdf9e32-899e-11e8-b95f-c8d3ff286ecb,ebdf9e33-899e-11e8-b95f-c8d3ff286ecb,ebdf9e34-899e-11e8-b95f-c8d3ff286ecb,ebdf9e35-899e-11e8-b95f-c8d3ff286ecb,ebdf9e36-899e-11e8-b95f-c8d3ff286ecb,ebdf9e37-899e-11e8-b95f-c8d3ff286ecb,ebdf9e38-899e-11e8-b95f-c8d3ff286ecb,eea6020a-0993-11f1-842a-be8fe126e7b9,f9fff34b-8cc9-11e8-b960-c8d3ff286ecb
[2026-07-07T15:00:00.072Z] Salary and bonus: 
[2026-07-07T15:00:00.087Z] Данные SaleByPlan обновлены.
[2026-07-07T15:00:00.100Z] Данные SaleByPlan обновлены.
[2026-07-07T15:00:00.108Z] Данные SaleByPlan обновлены.
[2026-07-07T15:00:00.108Z] Final sales data: [object Object]
[2026-07-07T15:00:00.108Z] [cron] updateSalesByPlan — завершено (51ms)
[2026-07-07T15:00:05.370Z] Обработано 1314 записей в таблице shopProduct
[2026-07-07T15:00:05.371Z] Ensuring products table exists for shop: 20251229-316B-40A1-80F7-C59E5B8E6831
[2026-07-07T15:00:05.905Z] Обработано 1172 записей в таблице shopProduct
[2026-07-07T15:00:05.905Z] Ensuring products table exists for shop: 20260103-425F-4044-8093-F2008B89A33B
[2026-07-07T15:00:06.381Z] [syncDocuments] Новых документов за 24ч: 372
[2026-07-07T15:00:06.394Z] Successfully inserted 372 documents (duplicates skipped)
[2026-07-07T15:00:06.395Z] [syncDocuments] Синхронизация завершена
[2026-07-07T15:00:06.395Z] [cron] syncDocuments — завершено (6379ms)
[2026-07-07T15:00:06.417Z] Обработано 1171 записей в таблице shopProduct
[2026-07-07T15:00:06.418Z] Ensuring products table exists for shop: 20260103-7090-403D-8015-DE08E5B1138E
[2026-07-07T15:00:06.418Z] [cron] updateProductsShope — завершено (6413ms)
[2026-07-07T15:00:07.094Z] Accessories sales: 11542
[2026-07-07T15:00:07.110Z] Salary report: [object Object]
[2026-07-07T15:00:07.111Z] Таблица 'salaryData' успешно создана или уже существует.
[2026-07-07T15:00:07.111Z] Запись за 06-07-2026 / 20251229-316B-40A1-80F7-C59E5B8E6831 уже существует. Пропуск.
[2026-07-07T15:00:07.213Z] Синхронизировано магазинов: 3
[2026-07-07T15:00:07.213Z] [syncShops] 3 магазинов синхронизировано
[2026-07-07T15:00:07.214Z] [cron] syncShops — завершено (7197ms)
[2026-07-07T15:00:10.178Z] Синхронизировано сотрудников: 10
[2026-07-07T15:00:10.178Z] [syncEmployees] 10 сотрудников синхронизировано
[2026-07-07T15:00:10.179Z] [cron] syncEmployees — завершено (10161ms)
[2026-07-07T15:00:10.518Z] [cron] updatePlans — завершено (10462ms)
[2026-07-07T15:00:14.134Z] Accessories sales: 11035
[2026-07-07T15:00:14.149Z] Salary report: [object Object]
[2026-07-07T15:00:14.150Z] Таблица 'salaryData' успешно создана или уже существует.
[2026-07-07T15:00:14.150Z] Запись за 06-07-2026 / 20260103-425F-4044-8093-F2008B89A33B уже существует. Пропуск.
[2026-07-07T15:00:21.166Z] Accessories sales: 16240
[2026-07-07T15:00:21.178Z] Salary report: [object Object]
[2026-07-07T15:00:21.178Z] Таблица 'salaryData' успешно создана или уже существует.
[2026-07-07T15:00:21.178Z] Запись за 06-07-2026 / 20260103-7090-403D-8015-DE08E5B1138E уже существует. Пропуск.
[2026-07-07T15:00:21.178Z] [cron] calcSalary — завершено (21121ms)
[2026-07-07T15:30:00.037Z] [cron] syncDocuments — запуск...
[2026-07-07T15:30:00.040Z] [cron] syncShops — запуск...
[2026-07-07T15:30:00.042Z] [cron] syncEmployees — запуск...
[2026-07-07T15:30:00.042Z] Таблица 'index_documents' успешно создана или уже существует
[2026-07-07T15:30:00.087Z] [ensureDays] Пробелов нет, все 90 дней на месте
[2026-07-07T15:30:00.089Z] Таблица 'shops' успешно создана или уже существует.
[2026-07-07T15:30:00.089Z] Таблица 'employees' успешно создана или уже существует.
[2026-07-07T15:30:05.267Z] Синхронизировано магазинов: 3
[2026-07-07T15:30:05.268Z] [syncShops] 3 магазинов синхронизировано
[2026-07-07T15:30:05.268Z] [cron] syncShops — завершено (5228ms)
[2026-07-07T15:30:06.528Z] [syncDocuments] Новых документов за 24ч: 384
[2026-07-07T15:30:06.540Z] Successfully inserted 384 documents (duplicates skipped)
[2026-07-07T15:30:06.541Z] [syncDocuments] Синхронизация завершена
[2026-07-07T15:30:06.541Z] [cron] syncDocuments — завершено (6504ms)
[2026-07-07T15:30:10.228Z] Синхронизировано сотрудников: 10
[2026-07-07T15:30:10.228Z] [syncEmployees] 10 сотрудников синхронизировано
[2026-07-07T15:30:10.229Z] [cron] syncEmployees — завершено (10187ms)
[2026-07-07T16:00:00.003Z] [cron] syncDocuments — запуск...
[2026-07-07T16:00:00.007Z] [cron] syncShops — запуск...
[2026-07-07T16:00:00.009Z] [cron] syncEmployees — запуск...
[2026-07-07T16:00:00.010Z] Таблица 'index_documents' успешно создана или уже существует
[2026-07-07T16:00:00.063Z] [ensureDays] Пробелов нет, все 90 дней на месте
[2026-07-07T16:00:00.065Z] Таблица 'shops' успешно создана или уже существует.
[2026-07-07T16:00:00.065Z] Таблица 'employees' успешно создана или уже существует.
[2026-07-07T16:00:05.433Z] Синхронизировано магазинов: 3
[2026-07-07T16:00:05.434Z] [syncShops] 3 магазинов синхронизировано
[2026-07-07T16:00:05.434Z] [cron] syncShops — завершено (5427ms)
[2026-07-07T16:00:07.924Z] [syncDocuments] Новых документов за 24ч: 395
[2026-07-07T16:00:07.934Z] Successfully inserted 395 documents (duplicates skipped)
[2026-07-07T16:00:07.935Z] [syncDocuments] Синхронизация завершена
[2026-07-07T16:00:07.935Z] [cron] syncDocuments — завершено (7932ms)
[2026-07-07T16:00:10.227Z] Синхронизировано сотрудников: 10
[2026-07-07T16:00:10.227Z] [syncEmployees] 10 сотрудников синхронизировано
[2026-07-07T16:00:10.228Z] [cron] syncEmployees — завершено (10219ms)
[2026-07-07T16:30:00.004Z] [cron] syncDocuments — запуск...
[2026-07-07T16:30:00.007Z] [cron] syncShops — запуск...
[2026-07-07T16:30:00.009Z] [cron] syncEmployees — запуск...
[2026-07-07T16:30:00.010Z] Таблица 'index_documents' успешно создана или уже существует
[2026-07-07T16:30:00.070Z] [ensureDays] Пробелов нет, все 90 дней на месте
[2026-07-07T16:30:00.072Z] Таблица 'shops' успешно создана или уже существует.
[2026-07-07T16:30:00.072Z] Таблица 'employees' успешно создана или уже существует.
[2026-07-07T16:30:05.207Z] Синхронизировано магазинов: 3
[2026-07-07T16:30:05.208Z] [syncShops] 3 магазинов синхронизировано
[2026-07-07T16:30:05.208Z] [cron] syncShops — завершено (5201ms)
[2026-07-07T16:30:06.568Z] [syncDocuments] Новых документов за 24ч: 404
[2026-07-07T16:30:06.579Z] Successfully inserted 404 documents (duplicates skipped)
[2026-07-07T16:30:06.579Z] [syncDocuments] Синхронизация завершена
[2026-07-07T16:30:06.579Z] [cron] syncDocuments — завершено (6575ms)
[2026-07-07T16:30:10.208Z] Синхронизировано сотрудников: 10
[2026-07-07T16:30:10.209Z] [syncEmployees] 10 сотрудников синхронизировано
[2026-07-07T16:30:10.209Z] [cron] syncEmployees — завершено (10200ms)
[2026-07-07T17:00:00.001Z] [cron] syncDocuments — запуск...
[2026-07-07T17:00:00.006Z] [cron] syncShops — запуск...
[2026-07-07T17:00:00.007Z] [cron] syncEmployees — запуск...
[2026-07-07T17:00:00.007Z] Таблица 'index_documents' успешно создана или уже существует
[2026-07-07T17:00:00.057Z] [ensureDays] Пробелов нет, все 90 дней на месте
[2026-07-07T17:00:00.059Z] Таблица 'shops' успешно создана или уже существует.
[2026-07-07T17:00:00.059Z] Таблица 'employees' успешно создана или уже существует.
[2026-07-07T17:00:05.217Z] Синхронизировано магазинов: 3
[2026-07-07T17:00:05.217Z] [syncShops] 3 магазинов синхронизировано
[2026-07-07T17:00:05.218Z] [cron] syncShops — завершено (5212ms)
[2026-07-07T17:00:06.358Z] [syncDocuments] Новых документов за 24ч: 408
[2026-07-07T17:00:06.364Z] Successfully inserted 408 documents (duplicates skipped)
[2026-07-07T17:00:06.364Z] [syncDocuments] Синхронизация завершена
[2026-07-07T17:00:06.364Z] [cron] syncDocuments — завершено (6363ms)
[2026-07-07T17:00:10.216Z] Синхронизировано сотрудников: 10
[2026-07-07T17:00:10.216Z] [syncEmployees] 10 сотрудников синхронизировано
[2026-07-07T17:00:10.217Z] [cron] syncEmployees — завершено (10210ms)
[2026-07-07T17:30:00.156Z] [cron] syncDocuments — запуск...
[2026-07-07T17:30:00.159Z] [cron] syncShops — запуск...
[2026-07-07T17:30:00.160Z] [cron] syncEmployees — запуск...
[2026-07-07T17:30:00.160Z] Таблица 'index_documents' успешно создана или уже существует
[2026-07-07T17:30:00.207Z] [ensureDays] Пробелов нет, все 90 дней на месте
[2026-07-07T17:30:00.209Z] Таблица 'shops' успешно создана или уже существует.
[2026-07-07T17:30:00.209Z] Таблица 'employees' успешно создана или уже существует.
[2026-07-07T17:30:05.317Z] Синхронизировано магазинов: 3
[2026-07-07T17:30:05.318Z] [syncShops] 3 магазинов синхронизировано
[2026-07-07T17:30:05.318Z] [cron] syncShops — завершено (5159ms)
[2026-07-07T17:30:06.482Z] [syncDocuments] Новых документов за 24ч: 415
[2026-07-07T17:30:06.488Z] Successfully inserted 415 documents (duplicates skipped)
[2026-07-07T17:30:06.488Z] [syncDocuments] Синхронизация завершена
[2026-07-07T17:30:06.488Z] [cron] syncDocuments — завершено (6332ms)
[2026-07-07T17:30:10.325Z] Синхронизировано сотрудников: 10
[2026-07-07T17:30:10.325Z] [syncEmployees] 10 сотрудников синхронизировано
[2026-07-07T17:30:10.325Z] [cron] syncEmployees — завершено (10165ms)
[2026-07-07T18:00:00.002Z] [cron] syncDocuments — запуск...
[2026-07-07T18:00:00.007Z] [cron] syncShops — запуск...
[2026-07-07T18:00:00.008Z] [cron] syncEmployees — запуск...
[2026-07-07T18:00:00.008Z] Таблица 'index_documents' успешно создана или уже существует
[2026-07-07T18:00:00.056Z] [ensureDays] Пробелов нет, все 90 дней на месте
[2026-07-07T18:00:00.058Z] Таблица 'shops' успешно создана или уже существует.
[2026-07-07T18:00:00.058Z] Таблица 'employees' успешно создана или уже существует.
[2026-07-07T18:00:10.555Z] [cron] syncEmployees — завершено (10547ms)
[2026-07-07T18:00:10.555Z] [cron] syncShops — завершено (10548ms)
[2026-07-07T18:30:00.016Z] [cron] syncDocuments — запуск...
[2026-07-07T18:30:00.020Z] [cron] syncShops — запуск...
[2026-07-07T18:30:00.022Z] [cron] syncEmployees — запуск...
[2026-07-07T18:30:00.022Z] Таблица 'index_documents' успешно создана или уже существует
[2026-07-07T18:30:00.094Z] [ensureDays] Пробелов нет, все 90 дней на месте
[2026-07-07T18:30:00.097Z] Таблица 'shops' успешно создана или уже существует.
[2026-07-07T18:30:00.097Z] Таблица 'employees' успешно создана или уже существует.
[2026-07-07T18:30:05.224Z] Синхронизировано магазинов: 3
[2026-07-07T18:30:05.224Z] [syncShops] 3 магазинов синхронизировано
[2026-07-07T18:30:05.224Z] [cron] syncShops — завершено (5204ms)
[2026-07-07T18:30:06.351Z] [syncDocuments] Новых документов за 24ч: 429
[2026-07-07T18:30:06.358Z] Successfully inserted 429 documents (duplicates skipped)
[2026-07-07T18:30:06.358Z] [syncDocuments] Синхронизация завершена
[2026-07-07T18:30:06.358Z] [cron] syncDocuments — завершено (6342ms)
[2026-07-07T18:30:10.217Z] Синхронизировано сотрудников: 10
[2026-07-07T18:30:10.217Z] [syncEmployees] 10 сотрудников синхронизировано
[2026-07-07T18:30:10.217Z] [cron] syncEmployees — завершено (10195ms)
[2026-08-15T07:19:44.012Z] 🚀 Запуск локального сервера на http://localhost:3000
[2026-08-15T07:19:44.013Z]    БД: ./data/local.db
[2026-08-15T07:19:44.013Z]    Файлы: ./data/storage/
[2026-08-15T07:19:44.013Z]    Логи: ./data/logs/
[2026-08-15T07:19:44.014Z] ✅ Сервер слушает порт 3000
[2026-08-15T07:19:44.048Z] [cron] Планировщик запущен:
[2026-08-15T07:19:44.049Z]   syncEngine          — каждые 5 минут (все тенанты, все ресурсы)
[2026-08-15T07:19:44.049Z]     documents — 5 мин | meta — 20 мин | products — 25 мин | stock — 30 мин
[2026-08-15T07:19:44.049Z]   updatePlans         — каждый день в 01:00
[2026-08-15T07:19:44.049Z]   updateSalesByPlan   — каждый день в 01:00
[2026-08-15T07:19:44.049Z]   calcSalary          — каждый день в 01:00
[2026-08-15T07:19:46.015Z] [cron] первичная синхронизация (syncEngine) — запуск...
[2026-08-15T07:19:46.022Z] [syncEngine] Тенантов активных: 1
[2026-08-15T07:19:46.023Z] Таблица 'index_documents' успешно создана или уже существует
[2026-08-15T07:19:46.023Z] Таблица 'products' успешно создана или уже существует.
[2026-08-15T07:19:46.024Z] Таблица 'shopProduct' успешно создана или уже существует.
[2026-08-15T07:19:46.024Z] Таблица 'shops' успешно создана или уже существует.
[2026-08-15T07:19:46.024Z] Таблица 'employees' успешно создана или уже существует.
[2026-08-15T07:19:59.015Z] [startup] Расчет планов и зарплат...
[2026-08-15T07:19:59.016Z] [cron] План продаж — запуск...
[2026-08-15T07:19:59.016Z] Старт функции updatePlan
[2026-08-15T07:19:59.016Z] Дата для плана: 15-08-2026
[2026-08-15T07:19:59.018Z] Получены UUID товаров: 149 шт.
[2026-08-15T07:20:00.003Z] [cron] syncEngine — запуск...
[2026-08-15T07:20:00.006Z] [syncEngine] Тенантов активных: 1
[2026-08-15T07:20:00.006Z] Таблица 'index_documents' успешно создана или уже существует
[2026-08-15T07:20:00.006Z] Таблица 'products' успешно создана или уже существует.
[2026-08-15T07:20:00.006Z] Таблица 'shopProduct' успешно создана или уже существует.
[2026-08-15T07:20:00.006Z] Таблица 'shops' успешно создана или уже существует.
[2026-08-15T07:20:00.007Z] Таблица 'employees' успешно создана или уже существует.
[2026-08-15T07:20:01.623Z] Синхронизировано магазинов: 3
[2026-08-15T07:20:01.624Z] [syncTenant:default] Магазинов: 3
[2026-08-15T07:20:01.754Z] Синхронизировано сотрудников: 9
[2026-08-15T07:20:01.755Z] [syncTenant:default] Сотрудников: 9
[2026-08-15T07:20:08.309Z] Обработано 1357 записей в таблице products
[2026-08-15T07:20:09.015Z] [cron] Telegram-алерты — запуск...
[2026-08-15T07:20:09.015Z] [alerts] Telegram not configured, skipping
[2026-08-15T07:20:09.015Z] [cron] Telegram-алерты — завершено (0ms)
[2026-08-15T07:20:09.796Z] Обработано 1357 записей в таблице shopProduct
[2026-08-15T07:20:09.797Z] [syncTenant:default] Товары синхронизированы по 1 магазинам
[2026-08-15T07:20:12.806Z] Обработано 1197 записей в таблице products
[2026-08-15T07:20:14.677Z] Обработано 1197 записей в таблице shopProduct
[2026-08-15T07:20:14.677Z] [syncTenant:default] Товары синхронизированы по 1 магазинам
[2026-08-15T07:20:14.872Z] Обработано 1197 записей в таблице products
[2026-08-15T07:20:15.799Z] Обработано 1197 записей в таблице shopProduct
[2026-08-15T07:20:15.800Z] [syncTenant:default] Товары синхронизированы по 1 магазинам
[2026-08-15T07:20:19.537Z] Обработано 1197 записей в таблице products
[2026-08-15T07:20:20.278Z] Обработано 1197 записей в таблице shopProduct
[2026-08-15T07:20:20.279Z] [syncTenant:default] Товары синхронизированы по 1 магазинам
[2026-08-15T07:20:21.392Z] Обработано 1197 записей в таблице products
[2026-08-15T07:20:22.569Z] Обработано 1197 записей в таблице shopProduct
[2026-08-15T07:20:22.570Z] [syncTenant:default] Товары синхронизированы по 1 магазинам
[2026-08-15T07:20:24.399Z] Получено записей плана: 3
[2026-08-15T07:20:24.400Z] План обновлён: 3 магазинов за 15-08-2026
[2026-08-15T07:20:24.400Z] Обновление базы данных плана завершено успешно
[2026-08-15T07:20:24.400Z] [cron] План продаж — завершено (25384ms)
[2026-08-15T07:20:24.400Z] [cron] Продажи по плану — запуск...
[2026-08-15T07:20:24.400Z] Таблица 'SaleByPlan' успешно создана или уже существует.
[2026-08-15T07:20:24.400Z] Initialized dates: [object Object]
[2026-08-15T07:20:24.488Z] Данные SaleByPlan обновлены.
[2026-08-15T07:20:24.548Z] Данные SaleByPlan обновлены.
[2026-08-15T07:20:24.582Z] Данные SaleByPlan обновлены.
[2026-08-15T07:20:24.582Z] Final sales data: [object Object]
[2026-08-15T07:20:24.582Z] [cron] Продажи по плану — завершено (182ms)
[2026-08-15T07:20:24.582Z] [cron] Зарплата — запуск...
[2026-08-15T07:20:24.583Z] Accessories UUIDs: 
[2026-08-15T07:20:24.596Z] Salary and bonus: 
[2026-08-15T07:20:24.597Z] [cron] Зарплата — завершено (15ms)
[2026-08-15T07:20:24.597Z] [startup] Планы и зарплаты — готово
[2026-08-15T07:20:41.818Z] Successfully inserted 8497 documents (duplicates skipped)
[2026-08-15T07:20:41.820Z] [syncTenant:default] Документы (20251229-316B-40A1-80F7-C59E5B8E6831): 8497 шт, last_close_date=2026-08-15T07:11:06.000+0000
[2026-08-15T07:20:46.839Z] Successfully inserted 8497 documents (duplicates skipped)
[2026-08-15T07:20:46.840Z] [syncTenant:default] Документы (20251229-316B-40A1-80F7-C59E5B8E6831): 8497 шт, last_close_date=2026-08-15T07:11:06.000+0000
[2026-08-15T07:20:59.203Z] Successfully inserted 7192 documents (duplicates skipped)
[2026-08-15T07:20:59.206Z] [syncTenant:default] Документы (20260103-425F-4044-8093-F2008B89A33B): 7192 шт, last_close_date=2026-08-15T06:59:54.000+0000
[2026-08-15T07:20:59.346Z] Successfully inserted 4715 documents (duplicates skipped)
[2026-08-15T07:20:59.347Z] [syncTenant:default] Документы (20260103-7090-403D-8015-DE08E5B1138E): 4715 шт, last_close_date=2026-08-15T07:08:24.000+0000
[2026-08-15T07:21:01.516Z] Successfully inserted 59 documents (duplicates skipped)
[2026-08-15T07:21:01.516Z] [syncTenant:default] Документы (20260103-7090-403D-8015-DE08E5B1138E): 59 шт, last_close_date=2026-08-15T07:08:24.000+0000
[2026-08-15T07:21:01.722Z] Successfully inserted 85 documents (duplicates skipped)
[2026-08-15T07:21:01.722Z] [syncTenant:default] Документы (20260103-425F-4044-8093-F2008B89A33B): 85 шт, last_close_date=2026-08-15T06:59:54.000+0000
[2026-08-15T07:21:03.518Z] [syncTenant:default] Цикл завершён
[2026-08-15T07:21:03.519Z] [cron] первичная синхронизация (syncEngine) — завершено (77504ms)
[2026-08-15T07:21:03.724Z] [syncTenant:default] Цикл завершён
[2026-08-15T07:21:03.724Z] [cron] syncEngine — завершено (63721ms)
[2026-08-15T07:25:00.005Z] [cron] syncEngine — запуск...
[2026-08-15T07:25:00.007Z] [syncEngine] Тенантов активных: 1
[2026-08-15T07:25:00.008Z] Таблица 'index_documents' успешно создана или уже существует
[2026-08-15T07:25:00.008Z] Таблица 'products' успешно создана или уже существует.
[2026-08-15T07:25:00.008Z] Таблица 'shopProduct' успешно создана или уже существует.
[2026-08-15T07:25:00.008Z] Таблица 'shops' успешно создана или уже существует.
[2026-08-15T07:25:00.008Z] Таблица 'employees' успешно создана или уже существует.
[2026-08-15T07:25:00.621Z] Синхронизировано магазинов: 3
[2026-08-15T07:25:00.622Z] [syncTenant:default] Магазинов: 3
[2026-08-15T07:25:00.730Z] Синхронизировано сотрудников: 9
[2026-08-15T07:25:00.730Z] [syncTenant:default] Сотрудников: 9
[2026-08-15T07:25:02.255Z] Обработано 1357 записей в таблице products
[2026-08-15T07:25:02.567Z] Обработано 1357 записей в таблице shopProduct
[2026-08-15T07:25:02.567Z] [syncTenant:default] Товары синхронизированы по 1 магазинам
[2026-08-15T07:25:06.266Z] Обработано 1197 записей в таблице products
[2026-08-15T07:25:06.682Z] Обработано 1197 записей в таблице shopProduct
[2026-08-15T07:25:06.683Z] [syncTenant:default] Товары синхронизированы по 1 магазинам
[2026-08-15T07:25:10.077Z] Обработано 1197 записей в таблице products
[2026-08-15T07:25:10.446Z] Обработано 1197 записей в таблице shopProduct
[2026-08-15T07:25:10.446Z] [syncTenant:default] Товары синхронизированы по 1 магазинам
[2026-08-15T07:25:13.290Z] Successfully inserted 140 documents (duplicates skipped)
[2026-08-15T07:25:13.291Z] [syncTenant:default] Документы (20251229-316B-40A1-80F7-C59E5B8E6831): 140 шт, last_close_date=2026-08-15T07:11:06.000+0000
[2026-08-15T07:25:15.490Z] Successfully inserted 59 documents (duplicates skipped)
[2026-08-15T07:25:15.490Z] [syncTenant:default] Документы (20260103-7090-403D-8015-DE08E5B1138E): 59 шт, last_close_date=2026-08-15T07:08:24.000+0000
[2026-08-15T07:25:17.735Z] Successfully inserted 86 documents (duplicates skipped)
[2026-08-15T07:25:17.736Z] [syncTenant:default] Документы (20260103-425F-4044-8093-F2008B89A33B): 86 шт, last_close_date=2026-08-15T07:22:42.000+0000
[2026-08-15T07:25:19.736Z] [syncTenant:default] Цикл завершён
[2026-08-15T07:25:19.737Z] [cron] syncEngine — завершено (19732ms)
[2026-08-15T07:28:51.065Z] 🚀 Запуск локального сервера на http://localhost:3000
[2026-08-15T07:28:51.065Z]    БД: ./data/local.db
[2026-08-15T07:28:51.065Z]    Файлы: ./data/storage/
[2026-08-15T07:28:51.065Z]    Логи: ./data/logs/
[2026-08-15T07:28:51.066Z] ✅ Сервер слушает порт 3000
[2026-08-15T07:28:51.076Z] [cron] Планировщик запущен:
[2026-08-15T07:28:51.076Z]   syncEngine          — каждые 5 минут (все тенанты, все ресурсы)
[2026-08-15T07:28:51.076Z]     documents — 5 мин | meta — 20 мин | products — 25 мин | stock — 30 мин
[2026-08-15T07:28:51.076Z]   updatePlans         — каждый день в 01:00
[2026-08-15T07:28:51.076Z]   updateSalesByPlan   — каждый день в 01:00
[2026-08-15T07:28:51.077Z]   calcSalary          — каждый день в 01:00
[2026-08-15T07:28:53.069Z] [cron] первичная синхронизация (syncEngine) — запуск...
[2026-08-15T07:28:53.071Z] [syncEngine] Тенантов активных: 1
[2026-08-15T07:28:53.074Z] Таблица 'index_documents' успешно создана или уже существует
[2026-08-15T07:28:53.075Z] [migration] Запуск миграций...
[2026-08-15T07:28:53.076Z] [migration] shopProduct.quantity — добавлена
[2026-08-15T07:28:53.076Z] [migration] shopProduct.article — добавлена
[2026-08-15T07:28:53.076Z] [migration] shopProduct.price — добавлена
[2026-08-15T07:28:53.076Z] [migration] shopProduct.measureName — добавлена
[2026-08-15T07:28:53.077Z] [migration] shopProduct.code — добавлена
[2026-08-15T07:28:53.077Z] [migration] shopProduct.costPrice — добавлена
[2026-08-15T07:28:53.264Z] [migration] salaryData.bonusPromo — добавлена
[2026-08-15T07:28:53.264Z] [migration] salaryData.salaryMode — добавлена
[2026-08-15T07:28:53.264Z] [migration] salaryData.baseSalary — добавлена
[2026-08-15T07:28:53.264Z] [migration] Миграции завершены.
[2026-08-15T07:28:53.264Z] Таблица 'products' успешно создана или уже существует.
[2026-08-15T07:28:53.264Z] Таблица 'shopProduct' успешно создана или уже существует.
[2026-08-15T07:28:53.264Z] Таблица 'shops' успешно создана или уже существует.
[2026-08-15T07:28:53.264Z] Таблица 'employees' успешно создана или уже существует.
[2026-08-15T07:28:54.360Z] Синхронизировано магазинов: 3
[2026-08-15T07:28:54.361Z] [syncTenant:default] Магазинов: 3
[2026-08-15T07:28:54.451Z] Синхронизировано сотрудников: 9
[2026-08-15T07:28:54.451Z] [syncTenant:default] Сотрудников: 9
[2026-08-15T07:28:54.970Z] [syncTenant:default] Терминалов: 3
[2026-08-15T07:28:56.021Z] Обработано 1357 записей в таблице products
[2026-08-15T07:28:56.354Z] Обработано 1357 записей в таблице shopProduct
[2026-08-15T07:28:56.354Z] [syncTenant:default] Товары синхронизированы по 1 магазинам
[2026-08-15T07:28:57.191Z] [syncTenant:default] Остатки синхронизированы
[2026-08-15T07:29:00.078Z] Обработано 1197 записей в таблице products
[2026-08-15T07:29:00.461Z] Обработано 1197 записей в таблице shopProduct
[2026-08-15T07:29:00.462Z] [syncTenant:default] Товары синхронизированы по 1 магазинам
[2026-08-15T07:29:01.167Z] [syncTenant:default] Остатки синхронизированы
[2026-08-15T07:29:04.055Z] Обработано 1197 записей в таблице products
[2026-08-15T07:29:04.520Z] Обработано 1197 записей в таблице shopProduct
[2026-08-15T07:29:04.521Z] [syncTenant:default] Товары синхронизированы по 1 магазинам
[2026-08-15T07:29:04.975Z] [syncTenant:default] Остатки синхронизированы
[2026-08-15T07:29:06.069Z] [startup] Расчет планов и зарплат...
[2026-08-15T07:29:06.069Z] [cron] План продаж — запуск...
[2026-08-15T07:29:06.070Z] Старт функции updatePlan
[2026-08-15T07:29:06.070Z] Дата для плана: 15-08-2026
[2026-08-15T07:29:06.070Z] Получены UUID товаров: 0 шт.
[2026-08-15T07:29:07.391Z] Successfully inserted 140 documents (duplicates skipped)
[2026-08-15T07:29:07.392Z] [syncTenant:default] Документы (20251229-316B-40A1-80F7-C59E5B8E6831): 140 шт, last_close_date=2026-08-15T07:11:06.000+0000
[2026-08-15T07:29:10.020Z] Successfully inserted 59 documents (duplicates skipped)
[2026-08-15T07:29:10.020Z] [syncTenant:default] Документы (20260103-7090-403D-8015-DE08E5B1138E): 59 шт, last_close_date=2026-08-15T07:08:24.000+0000
[2026-08-15T07:29:10.701Z] Получено записей плана: 3
[2026-08-15T07:29:10.702Z] План обновлён: 3 магазинов за 15-08-2026
[2026-08-15T07:29:10.702Z] Обновление базы данных плана завершено успешно
[2026-08-15T07:29:10.702Z] [cron] План продаж — завершено (4633ms)
[2026-08-15T07:29:10.702Z] [cron] Продажи по плану — запуск...
[2026-08-15T07:29:10.702Z] Таблица 'SaleByPlan' успешно создана или уже существует.
[2026-08-15T07:29:10.703Z] Initialized dates: [object Object]
[2026-08-15T07:29:10.766Z] Данные SaleByPlan обновлены.
[2026-08-15T07:29:10.779Z] Данные SaleByPlan обновлены.
[2026-08-15T07:29:10.787Z] Данные SaleByPlan обновлены.
[2026-08-15T07:29:10.787Z] Final sales data: [object Object]
[2026-08-15T07:29:10.787Z] [cron] Продажи по плану — завершено (85ms)
[2026-08-15T07:29:10.787Z] [cron] Зарплата — запуск...
[2026-08-15T07:29:10.788Z] Accessories UUIDs: 
[2026-08-15T07:29:10.788Z] Salary and bonus: 
[2026-08-15T07:29:12.271Z] Successfully inserted 86 documents (duplicates skipped)
[2026-08-15T07:29:12.271Z] [syncTenant:default] Документы (20260103-425F-4044-8093-F2008B89A33B): 86 шт, last_close_date=2026-08-15T07:22:42.000+0000
[2026-08-15T07:29:14.272Z] [syncTenant:default] Цикл завершён
[2026-08-15T07:29:14.274Z] [cron] первичная синхронизация (syncEngine) — завершено (21205ms)
[2026-08-15T07:29:16.068Z] [cron] Telegram-алерты — запуск...
[2026-08-15T07:29:16.068Z] [alerts] Telegram not configured, skipping
[2026-08-15T07:29:16.068Z] [cron] Telegram-алерты — завершено (0ms)
[2026-08-15T07:29:31.794Z] [cron] Зарплата — завершено (21007ms)
[2026-08-15T07:29:31.794Z] [startup] Планы и зарплаты — готово
[2026-08-15T07:30:00.005Z] [cron] syncEngine — запуск...
[2026-08-15T07:30:00.007Z] [syncEngine] Тенантов активных: 1
[2026-08-15T07:30:00.008Z] Таблица 'index_documents' успешно создана или уже существует
[2026-08-15T07:30:00.008Z] Таблица 'products' успешно создана или уже существует.
[2026-08-15T07:30:00.008Z] Таблица 'shopProduct' успешно создана или уже существует.
[2026-08-15T07:30:00.008Z] Таблица 'shops' успешно создана или уже существует.
[2026-08-15T07:30:00.009Z] Таблица 'employees' успешно создана или уже существует.
[2026-08-15T07:30:01.448Z] Синхронизировано магазинов: 3
[2026-08-15T07:30:01.449Z] [syncTenant:default] Магазинов: 3
[2026-08-15T07:30:01.544Z] Синхронизировано сотрудников: 9
[2026-08-15T07:30:01.544Z] [syncTenant:default] Сотрудников: 9
[2026-08-15T07:30:02.057Z] [syncTenant:default] Терминалов: 3
[2026-08-15T07:30:02.982Z] Обработано 1357 записей в таблице products
[2026-08-15T07:30:03.542Z] Обработано 1357 записей в таблице shopProduct
[2026-08-15T07:30:03.542Z] [syncTenant:default] Товары синхронизированы по 1 магазинам
[2026-08-15T07:30:03.882Z] [syncTenant:default] Остатки синхронизированы
[2026-08-15T07:30:06.978Z] Обработано 1197 записей в таблице products
[2026-08-15T07:30:07.459Z] Обработано 1197 записей в таблице shopProduct
[2026-08-15T07:30:07.460Z] [syncTenant:default] Товары синхронизированы по 1 магазинам
[2026-08-15T07:30:07.944Z] [syncTenant:default] Остатки синхронизированы
[2026-08-15T07:30:10.780Z] Обработано 1197 записей в таблице products
[2026-08-15T07:30:11.322Z] Обработано 1197 записей в таблице shopProduct
[2026-08-15T07:30:11.322Z] [syncTenant:default] Товары синхронизированы по 1 магазинам
[2026-08-15T07:30:11.825Z] [syncTenant:default] Остатки синхронизированы
[2026-08-15T07:30:14.080Z] Таблица 'index_documents' успешно создана или уже существует
[2026-08-15T07:30:14.080Z] Таблица 'products' успешно создана или уже существует.
[2026-08-15T07:30:14.081Z] [migration] product_cost_prices v2 (SCD Type 2) — таблица готова
[2026-08-15T07:30:14.081Z] Таблица 'shops' успешно создана или уже существует.
[2026-08-15T07:30:14.081Z] Таблица 'employees' успешно создана или уже существует.
[2026-08-15T07:30:14.740Z] Successfully inserted 140 documents (duplicates skipped)
[2026-08-15T07:30:14.740Z] [syncTenant:default] Документы (20251229-316B-40A1-80F7-C59E5B8E6831): 140 шт, last_close_date=2026-08-15T07:11:06.000+0000
[2026-08-15T07:30:17.204Z] Successfully inserted 59 documents (duplicates skipped)
[2026-08-15T07:30:17.205Z] [syncTenant:default] Документы (20260103-7090-403D-8015-DE08E5B1138E): 59 шт, last_close_date=2026-08-15T07:08:24.000+0000
[2026-08-15T07:30:19.701Z] Successfully inserted 86 documents (duplicates skipped)
[2026-08-15T07:30:19.701Z] [syncTenant:default] Документы (20260103-425F-4044-8093-F2008B89A33B): 86 шт, last_close_date=2026-08-15T07:22:42.000+0000
[2026-08-15T07:30:21.702Z] [syncTenant:default] Цикл завершён
[2026-08-15T07:30:21.702Z] [cron] syncEngine — завершено (21697ms)
[2026-08-15T07:35:00.008Z] [cron] syncEngine — запуск...
[2026-08-15T07:35:00.019Z] [syncEngine] Тенантов активных: 1
[2026-08-15T07:35:00.019Z] Таблица 'index_documents' успешно создана или уже существует
[2026-08-15T07:35:00.019Z] Таблица 'products' успешно создана или уже существует.
[2026-08-15T07:35:00.019Z] Таблица 'shopProduct' успешно создана или уже существует.
[2026-08-15T07:35:00.020Z] Таблица 'shops' успешно создана или уже существует.
[2026-08-15T07:35:00.020Z] Таблица 'employees' успешно создана или уже существует.
[2026-08-15T07:35:01.748Z] Синхронизировано магазинов: 3
[2026-08-15T07:35:01.748Z] [syncTenant:default] Магазинов: 3
[2026-08-15T07:35:01.845Z] Синхронизировано сотрудников: 9
[2026-08-15T07:35:01.845Z] [syncTenant:default] Сотрудников: 9
[2026-08-15T07:35:02.368Z] [syncTenant:default] Терминалов: 3
[2026-08-15T07:35:03.569Z] Обработано 1357 записей в таблице products
[2026-08-15T07:35:04.214Z] Обработано 1357 записей в таблице shopProduct
[2026-08-15T07:35:04.214Z] [syncTenant:default] Товары синхронизированы по 1 магазинам
[2026-08-15T07:35:04.618Z] [syncTenant:default] Остатки синхронизированы
[2026-08-15T07:35:07.738Z] Обработано 1197 записей в таблице products
[2026-08-15T07:35:08.573Z] Обработано 1197 записей в таблице shopProduct
[2026-08-15T07:35:08.573Z] [syncTenant:default] Товары синхронизированы по 1 магазинам
[2026-08-15T07:35:09.757Z] [syncTenant:default] Остатки синхронизированы
[2026-08-15T07:35:12.916Z] Обработано 1197 записей в таблице products
[2026-08-15T07:35:13.341Z] Обработано 1197 записей в таблице shopProduct
[2026-08-15T07:35:13.342Z] [syncTenant:default] Товары синхронизированы по 1 магазинам
[2026-08-15T07:35:13.765Z] [syncTenant:default] Остатки синхронизированы
[2026-08-15T07:35:16.102Z] Successfully inserted 141 documents (duplicates skipped)
[2026-08-15T07:35:16.102Z] [syncTenant:default] Документы (20251229-316B-40A1-80F7-C59E5B8E6831): 141 шт, last_close_date=2026-08-15T07:30:46.000+0000
[2026-08-15T07:35:18.290Z] Successfully inserted 59 documents (duplicates skipped)
[2026-08-15T07:35:18.291Z] [syncTenant:default] Документы (20260103-7090-403D-8015-DE08E5B1138E): 59 шт, last_close_date=2026-08-15T07:08:24.000+0000
[2026-08-15T07:35:20.558Z] Successfully inserted 86 documents (duplicates skipped)
[2026-08-15T07:35:20.559Z] [syncTenant:default] Документы (20260103-425F-4044-8093-F2008B89A33B): 86 шт, last_close_date=2026-08-15T07:22:42.000+0000
[2026-08-15T07:35:22.559Z] [syncTenant:default] Цикл завершён
[2026-08-15T07:35:22.560Z] [cron] syncEngine — завершено (22552ms)
[2026-08-15T07:40:00.013Z] [cron] syncEngine — запуск...
[2026-08-15T07:40:00.016Z] [syncEngine] Тенантов активных: 1
[2026-08-15T07:40:00.017Z] Таблица 'index_documents' успешно создана или уже существует
[2026-08-15T07:40:00.017Z] Таблица 'products' успешно создана или уже существует.
[2026-08-15T07:40:00.017Z] Таблица 'shopProduct' успешно создана или уже существует.
[2026-08-15T07:40:00.017Z] Таблица 'shops' успешно создана или уже существует.
[2026-08-15T07:40:00.018Z] Таблица 'employees' успешно создана или уже существует.
[2026-08-15T07:40:01.403Z] Синхронизировано магазинов: 3
[2026-08-15T07:40:01.404Z] [syncTenant:default] Магазинов: 3
[2026-08-15T07:40:01.526Z] Синхронизировано сотрудников: 9
[2026-08-15T07:40:01.527Z] [syncTenant:default] Сотрудников: 9
[2026-08-15T07:40:02.714Z] [syncTenant:default] Терминалов: 3
[2026-08-15T07:40:03.680Z] Обработано 1357 записей в таблице products
[2026-08-15T07:40:04.029Z] Обработано 1357 записей в таблице shopProduct
[2026-08-15T07:40:04.029Z] [syncTenant:default] Товары синхронизированы по 1 магазинам
[2026-08-15T07:40:04.516Z] [syncTenant:default] Остатки синхронизированы
[2026-08-15T07:40:07.427Z] Обработано 1197 записей в таблице products
[2026-08-15T07:40:07.852Z] Обработано 1197 записей в таблице shopProduct
[2026-08-15T07:40:07.852Z] [syncTenant:default] Товары синхронизированы по 1 магазинам
[2026-08-15T07:40:08.302Z] [syncTenant:default] Остатки синхронизированы
[2026-08-15T07:40:11.385Z] Обработано 1197 записей в таблице products
[2026-08-15T07:40:11.798Z] Обработано 1197 записей в таблице shopProduct
[2026-08-15T07:40:11.799Z] [syncTenant:default] Товары синхронизированы по 1 магазинам
[2026-08-15T07:40:12.251Z] [syncTenant:default] Остатки синхронизированы
[2026-08-15T07:40:14.529Z] Successfully inserted 141 documents (duplicates skipped)
[2026-08-15T07:40:14.529Z] [syncTenant:default] Документы (20251229-316B-40A1-80F7-C59E5B8E6831): 141 шт, last_close_date=2026-08-15T07:30:46.000+0000
[2026-08-15T07:40:16.739Z] Successfully inserted 61 documents (duplicates skipped)
[2026-08-15T07:40:16.740Z] [syncTenant:default] Документы (20260103-7090-403D-8015-DE08E5B1138E): 61 шт, last_close_date=2026-08-15T07:37:38.000+0000
[2026-08-15T07:40:18.975Z] Successfully inserted 86 documents (duplicates skipped)
[2026-08-15T07:40:18.976Z] [syncTenant:default] Документы (20260103-425F-4044-8093-F2008B89A33B): 86 шт, last_close_date=2026-08-15T07:22:42.000+0000
[2026-08-15T07:40:20.976Z] [syncTenant:default] Цикл завершён
[2026-08-15T07:40:20.977Z] [cron] syncEngine — завершено (20964ms)
[2026-08-15T07:44:36.632Z] 🚀 Запуск локального сервера на http://localhost:3000
[2026-08-15T07:44:36.633Z]    БД: ./data/local.db
[2026-08-15T07:44:36.633Z]    Файлы: ./data/storage/
[2026-08-15T07:44:36.633Z]    Логи: ./data/logs/
[2026-08-15T07:44:36.634Z] ✅ Сервер слушает порт 3000
[2026-08-15T07:44:36.644Z] [cron] Планировщик запущен:
[2026-08-15T07:44:36.644Z]   syncEngine          — каждые 5 минут (все тенанты, все ресурсы)
[2026-08-15T07:44:36.644Z]     documents — 5 мин | meta — 20 мин | products — 25 мин | stock — 30 мин
[2026-08-15T07:44:36.645Z]   updatePlans         — каждый день в 01:00
[2026-08-15T07:44:36.645Z]   updateSalesByPlan   — каждый день в 01:00
[2026-08-15T07:44:36.645Z]   calcSalary          — каждый день в 01:00
[2026-08-15T07:44:38.637Z] [cron] первичная синхронизация (syncEngine) — запуск...
[2026-08-15T07:44:38.639Z] [syncEngine] Тенантов активных: 1
[2026-08-15T07:44:38.641Z] Таблица 'index_documents' успешно создана или уже существует
[2026-08-15T07:44:38.641Z] [migration] Запуск миграций...
[2026-08-15T07:44:38.643Z] [migration] Миграции завершены.
[2026-08-15T07:44:38.643Z] Таблица 'products' успешно создана или уже существует.
[2026-08-15T07:44:38.643Z] Таблица 'shopProduct' успешно создана или уже существует.
[2026-08-15T07:44:38.643Z] Таблица 'shops' успешно создана или уже существует.
[2026-08-15T07:44:38.644Z] Таблица 'employees' успешно создана или уже существует.
[2026-08-15T07:44:40.404Z] Синхронизировано магазинов: 3
[2026-08-15T07:44:40.405Z] [syncTenant:default] Магазинов: 3
[2026-08-15T07:44:51.635Z] [startup] Расчет планов и зарплат...
[2026-08-15T07:44:51.637Z] [cron] План продаж — запуск...
[2026-08-15T07:44:51.637Z] Старт функции updatePlan
[2026-08-15T07:44:51.637Z] Дата для плана: 15-08-2026
[2026-08-15T07:44:51.638Z] Получены UUID товаров: 0 шт.
[2026-08-15T07:44:52.411Z] [syncTenant:default] Цикл завершён
[2026-08-15T07:44:52.415Z] [cron] первичная синхронизация (syncEngine) — завершено (13778ms)
[2026-08-15T07:45:00.002Z] [cron] syncEngine — запуск...
[2026-08-15T07:45:00.004Z] [syncEngine] Тенантов активных: 1
[2026-08-15T07:45:00.005Z] Таблица 'index_documents' успешно создана или уже существует
[2026-08-15T07:45:00.005Z] Таблица 'products' успешно создана или уже существует.
[2026-08-15T07:45:00.005Z] Таблица 'shopProduct' успешно создана или уже существует.
[2026-08-15T07:45:00.005Z] Таблица 'shops' успешно создана или уже существует.
[2026-08-15T07:45:00.006Z] Таблица 'employees' успешно создана или уже существует.
[2026-08-15T07:45:00.430Z] Синхронизировано магазинов: 3
[2026-08-15T07:45:00.430Z] [syncTenant:default] Магазинов: 3
[2026-08-15T07:45:01.636Z] [cron] Telegram-алерты — запуск...
[2026-08-15T07:45:01.637Z] [alerts] Telegram not configured, skipping
[2026-08-15T07:45:01.638Z] [cron] Telegram-алерты — завершено (2ms)
[2026-08-15T07:45:05.750Z] Получено записей плана: 3
[2026-08-15T07:45:05.751Z] План обновлён: 3 магазинов за 15-08-2026
[2026-08-15T07:45:05.751Z] Обновление базы данных плана завершено успешно
[2026-08-15T07:45:05.752Z] [cron] План продаж — завершено (14115ms)
[2026-08-15T07:45:05.752Z] [cron] Продажи по плану — запуск...
[2026-08-15T07:45:05.753Z] Таблица 'SaleByPlan' успешно создана или уже существует.
[2026-08-15T07:45:05.754Z] Initialized dates: [object Object]
[2026-08-15T07:45:05.786Z] Данные SaleByPlan обновлены.
[2026-08-15T07:45:05.804Z] Данные SaleByPlan обновлены.
[2026-08-15T07:45:05.815Z] Данные SaleByPlan обновлены.
[2026-08-15T07:45:05.815Z] Final sales data: [object Object]
[2026-08-15T07:45:05.816Z] [cron] Продажи по плану — завершено (64ms)
[2026-08-15T07:45:05.816Z] [cron] Зарплата — запуск...
[2026-08-15T07:45:05.816Z] Accessories UUIDs: 
[2026-08-15T07:45:05.817Z] Salary and bonus: 
[2026-08-15T07:45:12.437Z] [syncTenant:default] Цикл завершён
[2026-08-15T07:45:12.438Z] [cron] syncEngine — завершено (12436ms)
[2026-08-15T07:45:26.821Z] [cron] Зарплата — завершено (21005ms)
[2026-08-15T07:45:26.821Z] [startup] Планы и зарплаты — готово
[2026-08-15T07:45:35.119Z] 🚀 Запуск локального сервера на http://localhost:3000
[2026-08-15T07:45:35.119Z]    БД: ./data/local.db
[2026-08-15T07:45:35.119Z]    Файлы: ./data/storage/
[2026-08-15T07:45:35.119Z]    Логи: ./data/logs/
[2026-08-15T07:45:35.120Z] ✅ Сервер слушает порт 3000
[2026-08-15T07:45:35.129Z] [cron] Планировщик запущен:
[2026-08-15T07:45:35.130Z]   syncEngine          — каждые 5 минут (все тенанты, все ресурсы)
[2026-08-15T07:45:35.130Z]     documents — 5 мин | meta — 20 мин | products — 25 мин | stock — 30 мин
[2026-08-15T07:45:35.130Z]   updatePlans         — каждый день в 01:00
[2026-08-15T07:45:35.130Z]   updateSalesByPlan   — каждый день в 01:00
[2026-08-15T07:45:35.130Z]   calcSalary          — каждый день в 01:00
[2026-08-15T07:45:37.120Z] [cron] первичная синхронизация (syncEngine) — запуск...
[2026-08-15T07:45:37.122Z] [syncEngine] Тенантов активных: 1
[2026-08-15T07:45:37.124Z] Таблица 'index_documents' успешно создана или уже существует
[2026-08-15T07:45:37.124Z] [migration] Запуск миграций...
[2026-08-15T07:45:37.126Z] [migration] Миграции завершены.
[2026-08-15T07:45:37.126Z] Таблица 'products' успешно создана или уже существует.
[2026-08-15T07:45:37.126Z] Таблица 'shopProduct' успешно создана или уже существует.
[2026-08-15T07:45:37.126Z] Таблица 'shops' успешно создана или уже существует.
[2026-08-15T07:45:37.126Z] Таблица 'employees' успешно создана или уже существует.
[2026-08-15T07:45:45.152Z] Successfully inserted 141 documents (duplicates skipped)
[2026-08-15T07:45:45.153Z] [syncTenant:default] Документы (20251229-316B-40A1-80F7-C59E5B8E6831): 141 шт, last_close_date=2026-08-15T07:30:46.000+0000
[2026-08-15T07:45:47.838Z] Successfully inserted 88 documents (duplicates skipped)
[2026-08-15T07:45:47.839Z] [syncTenant:default] Документы (20260103-425F-4044-8093-F2008B89A33B): 88 шт, last_close_date=2026-08-15T07:44:31.000+0000
[2026-08-15T07:45:50.069Z] Successfully inserted 61 documents (duplicates skipped)
[2026-08-15T07:45:50.070Z] [syncTenant:default] Документы (20260103-7090-403D-8015-DE08E5B1138E): 61 шт, last_close_date=2026-08-15T07:37:38.000+0000
[2026-08-15T07:45:50.122Z] [startup] Расчет планов и зарплат...
[2026-08-15T07:45:50.122Z] [cron] План продаж — запуск...
[2026-08-15T07:45:50.122Z] Старт функции updatePlan
[2026-08-15T07:45:50.123Z] Дата для плана: 15-08-2026
[2026-08-15T07:45:50.123Z] Получены UUID товаров: 0 шт.
[2026-08-15T07:45:52.072Z] [syncTenant:default] Цикл завершён
[2026-08-15T07:45:52.073Z] [cron] первичная синхронизация (syncEngine) — завершено (14953ms)
[2026-08-15T07:45:53.991Z] Получено записей плана: 3
[2026-08-15T07:45:53.992Z] План обновлён: 3 магазинов за 15-08-2026
[2026-08-15T07:45:53.993Z] Обновление базы данных плана завершено успешно
[2026-08-15T07:45:53.993Z] [cron] План продаж — завершено (3871ms)
[2026-08-15T07:45:53.993Z] [cron] Продажи по плану — запуск...
[2026-08-15T07:45:53.993Z] Таблица 'SaleByPlan' успешно создана или уже существует.
[2026-08-15T07:45:53.993Z] Initialized dates: [object Object]
[2026-08-15T07:45:54.035Z] Данные SaleByPlan обновлены.
[2026-08-15T07:45:54.055Z] Данные SaleByPlan обновлены.
[2026-08-15T07:45:54.066Z] Данные SaleByPlan обновлены.
[2026-08-15T07:45:54.066Z] Final sales data: [object Object]
[2026-08-15T07:45:54.066Z] [cron] Продажи по плану — завершено (73ms)
[2026-08-15T07:45:54.066Z] [cron] Зарплата — запуск...
[2026-08-15T07:45:54.067Z] Accessories UUIDs: 
[2026-08-15T07:45:54.067Z] Salary and bonus: 
[2026-08-15T07:46:00.122Z] [cron] Telegram-алерты — запуск...
[2026-08-15T07:46:00.123Z] [alerts] Telegram not configured, skipping
[2026-08-15T07:46:00.123Z] [cron] Telegram-алерты — завершено (1ms)
[2026-08-15T07:46:15.073Z] [cron] Зарплата — завершено (21007ms)
[2026-08-15T07:46:15.074Z] [startup] Планы и зарплаты — готово
[2026-08-15T07:50:00.011Z] [cron] syncEngine — запуск...
[2026-08-15T07:50:00.018Z] [syncEngine] Тенантов активных: 1
[2026-08-15T07:50:00.019Z] Таблица 'index_documents' успешно создана или уже существует
[2026-08-15T07:50:00.019Z] Таблица 'products' успешно создана или уже существует.
[2026-08-15T07:50:00.019Z] Таблица 'shopProduct' успешно создана или уже существует.
[2026-08-15T07:50:00.019Z] Таблица 'shops' успешно создана или уже существует.
[2026-08-15T07:50:00.019Z] Таблица 'employees' успешно создана или уже существует.
[2026-08-15T07:50:12.028Z] [syncTenant:default] Цикл завершён
[2026-08-15T07:50:12.029Z] [cron] syncEngine — завершено (12018ms)
[2026-08-15T07:52:46.033Z] Таблица 'index_documents' успешно создана или уже существует
[2026-08-15T07:52:46.034Z] Таблица 'products' успешно создана или уже существует.
[2026-08-15T07:52:46.035Z] [migration] product_cost_prices v2 (SCD Type 2) — таблица готова
[2026-08-15T07:52:46.035Z] Таблица 'shops' успешно создана или уже существует.
[2026-08-15T07:52:46.035Z] Таблица 'employees' успешно создана или уже существует.
[2026-08-15T07:55:00.009Z] [cron] syncEngine — запуск...
[2026-08-15T07:55:00.013Z] [syncEngine] Тенантов активных: 1
[2026-08-15T07:55:00.014Z] Таблица 'index_documents' успешно создана или уже существует
[2026-08-15T07:55:00.014Z] Таблица 'products' успешно создана или уже существует.
[2026-08-15T07:55:00.014Z] Таблица 'shopProduct' успешно создана или уже существует.
[2026-08-15T07:55:00.014Z] Таблица 'shops' успешно создана или уже существует.
[2026-08-15T07:55:00.014Z] Таблица 'employees' успешно создана или уже существует.
[2026-08-15T07:55:08.495Z] Successfully inserted 143 documents (duplicates skipped)
[2026-08-15T07:55:08.496Z] [syncTenant:default] Документы (20251229-316B-40A1-80F7-C59E5B8E6831): 143 шт, last_close_date=2026-08-15T07:53:37.000+0000
[2026-08-15T07:55:10.736Z] Successfully inserted 88 documents (duplicates skipped)
[2026-08-15T07:55:10.736Z] [syncTenant:default] Документы (20260103-425F-4044-8093-F2008B89A33B): 88 шт, last_close_date=2026-08-15T07:44:31.000+0000
[2026-08-15T07:55:12.990Z] Successfully inserted 61 documents (duplicates skipped)
[2026-08-15T07:55:12.991Z] [syncTenant:default] Документы (20260103-7090-403D-8015-DE08E5B1138E): 61 шт, last_close_date=2026-08-15T07:37:38.000+0000
[2026-08-15T07:55:14.992Z] [syncTenant:default] Цикл завершён
[2026-08-15T07:55:14.992Z] [cron] syncEngine — завершено (14983ms)
[2026-08-15T08:05:00.004Z] [cron] syncEngine — запуск...
[2026-08-15T08:05:00.008Z] [syncEngine] Тенантов активных: 1
[2026-08-15T08:05:00.009Z] Таблица 'index_documents' успешно создана или уже существует
[2026-08-15T08:05:00.010Z] Таблица 'products' успешно создана или уже существует.
[2026-08-15T08:05:00.010Z] Таблица 'shopProduct' успешно создана или уже существует.
[2026-08-15T08:05:00.010Z] Таблица 'shops' успешно создана или уже существует.
[2026-08-15T08:05:00.010Z] Таблица 'employees' успешно создана или уже существует.
[2026-08-15T08:05:16.400Z] 🚀 Запуск локального сервера на http://localhost:3000
[2026-08-15T08:05:16.400Z]    БД: ./data/local.db
[2026-08-15T08:05:16.400Z]    Файлы: ./data/storage/
[2026-08-15T08:05:16.400Z]    Логи: ./data/logs/
[2026-08-15T08:05:16.401Z] ✅ Сервер слушает порт 3000
[2026-08-15T08:05:16.428Z] [cron] Планировщик запущен:
[2026-08-15T08:05:16.428Z]   syncEngine          — каждые 5 минут (все тенанты, все ресурсы)
[2026-08-15T08:05:16.428Z]     documents — 5 мин | meta — 20 мин | products — 25 мин | stock — 30 мин
[2026-08-15T08:05:16.428Z]   updatePlans         — каждый день в 01:00
[2026-08-15T08:05:16.428Z]   updateSalesByPlan   — каждый день в 01:00
[2026-08-15T08:05:16.428Z]   calcSalary          — каждый день в 01:00
[2026-08-15T08:05:18.404Z] [cron] первичная синхронизация (syncEngine) — запуск...
[2026-08-15T08:05:18.409Z] [syncEngine] Тенантов активных: 1
[2026-08-15T08:05:18.410Z] Таблица 'index_documents' успешно создана или уже существует
[2026-08-15T08:05:18.411Z] [migration] Запуск миграций...
[2026-08-15T08:05:18.412Z] [migration] Миграции завершены.
[2026-08-15T08:05:18.413Z] Таблица 'products' успешно создана или уже существует.
[2026-08-15T08:05:18.413Z] Таблица 'shopProduct' успешно создана или уже существует.
[2026-08-15T08:05:18.413Z] Таблица 'shops' успешно создана или уже существует.
[2026-08-15T08:05:18.413Z] Таблица 'employees' успешно создана или уже существует.
[2026-08-15T08:05:20.375Z] Синхронизировано магазинов: 3
[2026-08-15T08:05:20.375Z] [syncTenant:default] Магазинов: 3
[2026-08-15T08:05:20.475Z] Синхронизировано сотрудников: 9
[2026-08-15T08:05:20.475Z] [syncTenant:default] Сотрудников: 9
[2026-08-15T08:05:20.999Z] [syncTenant:default] Терминалов: 3
[2026-08-15T08:05:21.899Z] Обработано 1357 записей в таблице products
[2026-08-15T08:05:22.841Z] Обработано 1357 записей в таблице shopProduct
[2026-08-15T08:05:22.841Z] [syncTenant:default] Товары синхронизированы по 1 магазинам
[2026-08-15T08:05:25.740Z] Обработано 1197 записей в таблице products
[2026-08-15T08:05:26.177Z] Обработано 1197 записей в таблице shopProduct
[2026-08-15T08:05:26.178Z] [syncTenant:default] Товары синхронизированы по 1 магазинам
[2026-08-15T08:05:29.032Z] Обработано 1197 записей в таблице products
[2026-08-15T08:05:29.789Z] Обработано 1197 записей в таблице shopProduct
[2026-08-15T08:05:29.789Z] [syncTenant:default] Товары синхронизированы по 1 магазинам
[2026-08-15T08:05:31.402Z] [startup] Расчет планов и зарплат...
[2026-08-15T08:05:31.403Z] [cron] План продаж — запуск...
[2026-08-15T08:05:31.403Z] Старт функции updatePlan
[2026-08-15T08:05:31.403Z] Дата для плана: 15-08-2026
[2026-08-15T08:05:31.404Z] Получены UUID товаров: 0 шт.
[2026-08-15T08:05:33.679Z] Successfully inserted 143 documents (duplicates skipped)
[2026-08-15T08:05:33.680Z] [syncTenant:default] Документы (20251229-316B-40A1-80F7-C59E5B8E6831): 143 шт, last_close_date=2026-08-15T07:53:37.000+0000
[2026-08-15T08:05:35.376Z] Таблица 'index_documents' успешно создана или уже существует
[2026-08-15T08:05:35.377Z] Таблица 'products' успешно создана или уже существует.
[2026-08-15T08:05:35.377Z] [migration] product_cost_prices v2 (SCD Type 2) — таблица готова
[2026-08-15T08:05:35.378Z] Таблица 'shops' успешно создана или уже существует.
[2026-08-15T08:05:35.379Z] Таблица 'employees' успешно создана или уже существует.
[2026-08-15T08:05:36.426Z] Successfully inserted 61 documents (duplicates skipped)
[2026-08-15T08:05:36.430Z] [syncTenant:default] Документы (20260103-7090-403D-8015-DE08E5B1138E): 61 шт, last_close_date=2026-08-15T07:37:38.000+0000
[2026-08-15T08:05:38.941Z] Successfully inserted 91 documents (duplicates skipped)
[2026-08-15T08:05:38.942Z] [syncTenant:default] Документы (20260103-425F-4044-8093-F2008B89A33B): 91 шт, last_close_date=2026-08-15T08:05:21.000+0000
[2026-08-15T08:05:40.943Z] [syncTenant:default] Цикл завершён
[2026-08-15T08:05:40.944Z] [cron] первичная синхронизация (syncEngine) — завершено (22540ms)
[2026-08-15T08:05:41.403Z] [cron] Telegram-алерты — запуск...
[2026-08-15T08:05:41.404Z] [alerts] Telegram not configured, skipping
[2026-08-15T08:05:41.404Z] [cron] Telegram-алерты — завершено (1ms)
[2026-08-15T08:05:59.015Z] [syncEngine] Тенантов активных: 1
[2026-08-15T08:05:59.016Z] Таблица 'index_documents' успешно создана или уже существует
[2026-08-15T08:05:59.016Z] Таблица 'products' успешно создана или уже существует.
[2026-08-15T08:05:59.016Z] Таблица 'shopProduct' успешно создана или уже существует.
[2026-08-15T08:05:59.016Z] Таблица 'shops' успешно создана или уже существует.
[2026-08-15T08:05:59.016Z] Таблица 'employees' успешно создана или уже существует.
[2026-08-15T08:06:11.023Z] [syncTenant:default] Цикл завершён
[2026-08-15T08:06:31.983Z] Получено записей плана: 3
[2026-08-15T08:06:31.984Z] План обновлён: 3 магазинов за 15-08-2026
[2026-08-15T08:06:31.984Z] Обновление базы данных плана завершено успешно
[2026-08-15T08:06:31.985Z] [cron] План продаж — завершено (60582ms)
[2026-08-15T08:06:31.985Z] [cron] Продажи по плану — запуск...
[2026-08-15T08:06:31.985Z] Таблица 'SaleByPlan' успешно создана или уже существует.
[2026-08-15T08:06:31.985Z] Initialized dates: [object Object]
[2026-08-15T08:06:32.066Z] Данные SaleByPlan обновлены.
[2026-08-15T08:06:32.131Z] Данные SaleByPlan обновлены.
[2026-08-15T08:06:32.175Z] Данные SaleByPlan обновлены.
[2026-08-15T08:06:32.175Z] Final sales data: [object Object]
[2026-08-15T08:06:32.176Z] [cron] Продажи по плану — завершено (191ms)
[2026-08-15T08:06:32.176Z] [cron] Зарплата — запуск...
[2026-08-15T08:06:32.176Z] Accessories UUIDs: 
[2026-08-15T08:06:32.177Z] Salary and bonus: 
[2026-08-15T08:06:54.922Z] 🚀 Запуск локального сервера на http://localhost:3000
[2026-08-15T08:06:54.922Z]    БД: ./data/local.db
[2026-08-15T08:06:54.922Z]    Файлы: ./data/storage/
[2026-08-15T08:06:54.922Z]    Логи: ./data/logs/
[2026-08-15T08:06:54.924Z] ✅ Сервер слушает порт 3000
[2026-08-15T08:06:54.933Z] [cron] Планировщик запущен:
[2026-08-15T08:06:54.933Z]   syncEngine          — каждые 5 минут (все тенанты, все ресурсы)
[2026-08-15T08:06:54.933Z]     documents — 5 мин | meta — 20 мин | products — 25 мин | stock — 30 мин
[2026-08-15T08:06:54.933Z]   updatePlans         — каждый день в 01:00
[2026-08-15T08:06:54.933Z]   updateSalesByPlan   — каждый день в 01:00
[2026-08-15T08:06:54.933Z]   calcSalary          — каждый день в 01:00
[2026-08-15T08:06:56.925Z] [cron] первичная синхронизация (syncEngine) — запуск...
[2026-08-15T08:06:56.930Z] [syncEngine] Тенантов активных: 1
[2026-08-15T08:06:56.931Z] Таблица 'index_documents' успешно создана или уже существует
[2026-08-15T08:06:56.931Z] [migration] Запуск миграций...
[2026-08-15T08:06:56.932Z] [migration] Миграции завершены.
[2026-08-15T08:06:56.932Z] Таблица 'products' успешно создана или уже существует.
[2026-08-15T08:06:56.932Z] Таблица 'shopProduct' успешно создана или уже существует.
[2026-08-15T08:06:56.932Z] Таблица 'shops' успешно создана или уже существует.
[2026-08-15T08:06:56.932Z] Таблица 'employees' успешно создана или уже существует.
[2026-08-15T08:07:00.169Z] Таблица 'index_documents' успешно создана или уже существует
[2026-08-15T08:07:00.170Z] Таблица 'products' успешно создана или уже существует.
[2026-08-15T08:07:00.170Z] [migration] product_cost_prices v2 (SCD Type 2) — таблица готова
[2026-08-15T08:07:00.171Z] Таблица 'shops' успешно создана или уже существует.
[2026-08-15T08:07:00.171Z] Таблица 'employees' успешно создана или уже существует.
[2026-08-15T08:07:00.191Z] [syncEngine] Тенантов активных: 1 (force)
[2026-08-15T08:07:00.191Z] [syncTenant:default] Уже выполняется, пропускаем
[2026-08-15T08:08:09.138Z] 🚀 Запуск локального сервера на http://localhost:3000
[2026-08-15T08:08:09.138Z]    БД: ./data/local.db
[2026-08-15T08:08:09.138Z]    Файлы: ./data/storage/
[2026-08-15T08:08:09.138Z]    Логи: ./data/logs/
[2026-08-15T08:08:09.139Z] ✅ Сервер слушает порт 3000
[2026-08-15T08:08:09.149Z] [cron] Планировщик запущен:
[2026-08-15T08:08:09.149Z]   syncEngine          — каждые 5 минут (все тенанты, все ресурсы)
[2026-08-15T08:08:09.149Z]     documents — 5 мин | meta — 20 мин | products — 25 мин | stock — 30 мин
[2026-08-15T08:08:09.149Z]   updatePlans         — каждый день в 01:00
[2026-08-15T08:08:09.149Z]   updateSalesByPlan   — каждый день в 01:00
[2026-08-15T08:08:09.149Z]   calcSalary          — каждый день в 01:00
[2026-08-15T08:08:11.141Z] [cron] первичная синхронизация (syncEngine) — запуск...
[2026-08-15T08:08:11.147Z] [syncEngine] Тенантов активных: 1
[2026-08-15T08:08:11.148Z] Таблица 'index_documents' успешно создана или уже существует
[2026-08-15T08:08:11.148Z] [migration] Запуск миграций...
[2026-08-15T08:08:11.150Z] [migration] Миграции завершены.
[2026-08-15T08:08:11.150Z] Таблица 'products' успешно создана или уже существует.
[2026-08-15T08:08:11.150Z] Таблица 'shopProduct' успешно создана или уже существует.
[2026-08-15T08:08:11.151Z] Таблица 'shops' успешно создана или уже существует.
[2026-08-15T08:08:11.151Z] Таблица 'employees' успешно создана или уже существует.
[2026-08-15T08:08:23.162Z] [syncTenant:default] Цикл завершён
[2026-08-15T08:08:23.162Z] [cron] первичная синхронизация (syncEngine) — завершено (12021ms)
[2026-08-15T08:08:24.141Z] [startup] Расчет планов и зарплат...
[2026-08-15T08:08:24.142Z] [cron] План продаж — запуск...
[2026-08-15T08:08:24.144Z] Старт функции updatePlan
[2026-08-15T08:08:24.144Z] Дата для плана: 15-08-2026
[2026-08-15T08:08:24.145Z] Получены UUID товаров: 0 шт.
[2026-08-15T08:08:34.142Z] [cron] Telegram-алерты — запуск...
[2026-08-15T08:08:34.142Z] [alerts] Telegram not configured, skipping
[2026-08-15T08:08:34.142Z] [cron] Telegram-алерты — завершено (0ms)
[2026-08-15T08:08:34.678Z] [cron] План продаж — завершено (10536ms)
[2026-08-15T08:08:34.678Z] [cron] Продажи по плану — запуск...
[2026-08-15T08:08:34.678Z] Таблица 'SaleByPlan' успешно создана или уже существует.
[2026-08-15T08:08:34.678Z] Initialized dates: [object Object]
[2026-08-15T08:08:34.798Z] Данные SaleByPlan обновлены.
[2026-08-15T08:08:34.892Z] Данные SaleByPlan обновлены.
[2026-08-15T08:08:34.957Z] Данные SaleByPlan обновлены.
[2026-08-15T08:08:34.957Z] Final sales data: [object Object]
[2026-08-15T08:08:34.957Z] [cron] Продажи по плану — завершено (279ms)
[2026-08-15T08:08:34.957Z] [cron] Зарплата — запуск...
[2026-08-15T08:08:34.958Z] Accessories UUIDs: 
[2026-08-15T08:08:34.959Z] Salary and bonus: 
[2026-08-15T08:08:40.348Z] Таблица 'index_documents' успешно создана или уже существует
[2026-08-15T08:08:40.348Z] Таблица 'products' успешно создана или уже существует.
[2026-08-15T08:08:40.349Z] [migration] product_cost_prices v2 (SCD Type 2) — таблица готова
[2026-08-15T08:08:40.349Z] Таблица 'shops' успешно создана или уже существует.
[2026-08-15T08:08:40.349Z] Таблица 'employees' успешно создана или уже существует.
[2026-08-15T08:08:40.353Z] [syncEngine] Тенантов активных: 1 (force)
[2026-08-15T08:08:40.353Z] Таблица 'index_documents' успешно создана или уже существует
[2026-08-15T08:08:40.353Z] Таблица 'products' успешно создана или уже существует.
[2026-08-15T08:08:40.353Z] Таблица 'shopProduct' успешно создана или уже существует.
[2026-08-15T08:08:40.353Z] Таблица 'shops' успешно создана или уже существует.
[2026-08-15T08:08:40.353Z] Таблица 'employees' успешно создана или уже существует.
[2026-08-15T08:08:55.965Z] [cron] Зарплата — завершено (21008ms)
[2026-08-15T08:08:55.969Z] [startup] Планы и зарплаты — готово
[2026-08-15T08:08:56.595Z] [syncEngine] Тенантов активных: 1 (force)
[2026-08-15T08:08:56.595Z] [syncTenant:default] Уже выполняется, пропускаем
[2026-08-15T08:14:55.025Z] [syncTenant:default] Остатки синхронизированы
[2026-08-15T08:14:58.013Z] Обработано 1197 записей в таблице products
[2026-08-15T08:14:58.380Z] Обработано 1197 записей в таблице shopProduct
[2026-08-15T08:14:58.380Z] [syncTenant:default] Товары синхронизированы по 1 магазинам
[2026-08-15T08:14:58.998Z] [syncTenant:default] Остатки синхронизированы
[2026-08-15T08:15:00.006Z] [cron] syncEngine — запуск...
[2026-08-15T08:15:00.008Z] [syncEngine] Тенантов активных: 1
[2026-08-15T08:15:00.008Z] [syncTenant:default] Уже выполняется, пропускаем
[2026-08-15T08:15:00.008Z] [cron] syncEngine — завершено (2ms)
[2026-08-15T08:15:01.297Z] Successfully inserted 143 documents (duplicates skipped)
[2026-08-15T08:15:01.298Z] [syncTenant:default] Документы (20251229-316B-40A1-80F7-C59E5B8E6831): 143 шт, last_close_date=2026-08-15T07:53:37.000+0000
[2026-08-15T08:15:03.633Z] Successfully inserted 91 documents (duplicates skipped)
[2026-08-15T08:15:03.634Z] [syncTenant:default] Документы (20260103-425F-4044-8093-F2008B89A33B): 91 шт, last_close_date=2026-08-15T08:05:21.000+0000
[2026-08-15T08:15:05.926Z] Successfully inserted 61 documents (duplicates skipped)
[2026-08-15T08:15:05.927Z] [syncTenant:default] Документы (20260103-7090-403D-8015-DE08E5B1138E): 61 шт, last_close_date=2026-08-15T07:37:38.000+0000
[2026-08-15T08:15:07.930Z] [syncTenant:default] Цикл завершён
[2026-08-15T08:16:51.342Z] employeeRole: null
[2026-08-15T08:40:00.005Z] [cron] syncEngine — запуск...
[2026-08-15T08:40:00.011Z] [syncEngine] Тенантов активных: 1
[2026-08-15T08:40:00.012Z] Таблица 'index_documents' успешно создана или уже существует
[2026-08-15T08:40:00.013Z] Таблица 'products' успешно создана или уже существует.
[2026-08-15T08:40:00.013Z] Таблица 'shopProduct' успешно создана или уже существует.
[2026-08-15T08:40:00.013Z] Таблица 'shops' успешно создана или уже существует.
[2026-08-15T08:40:00.013Z] Таблица 'employees' успешно создана или уже существует.
[2026-08-15T08:41:40.402Z] Обработано 1197 записей в таблице products
[2026-08-15T08:41:40.694Z] Обработано 1197 записей в таблице shopProduct
[2026-08-15T08:41:40.695Z] [syncTenant:default] Товары синхронизированы по 1 магазинам
[2026-08-15T08:41:42.939Z] Successfully inserted 143 documents (duplicates skipped)
[2026-08-15T08:41:42.940Z] [syncTenant:default] Документы (20251229-316B-40A1-80F7-C59E5B8E6831): 143 шт, last_close_date=2026-08-15T07:53:37.000+0000
[2026-08-15T08:41:45.294Z] Successfully inserted 93 documents (duplicates skipped)
[2026-08-15T08:41:45.295Z] [syncTenant:default] Документы (20260103-425F-4044-8093-F2008B89A33B): 93 шт, last_close_date=2026-08-15T08:36:50.000+0000
[2026-08-15T08:41:47.639Z] Successfully inserted 62 documents (duplicates skipped)
[2026-08-15T08:41:47.640Z] [syncTenant:default] Документы (20260103-7090-403D-8015-DE08E5B1138E): 62 шт, last_close_date=2026-08-15T08:32:51.000+0000
[2026-08-15T08:41:49.641Z] [syncTenant:default] Цикл завершён
[2026-08-15T08:41:49.642Z] [cron] syncEngine — завершено (109637ms)
[2026-08-15T10:20:00.004Z] [cron] syncEngine — запуск...
[2026-08-15T10:20:00.005Z] [syncEngine] Тенантов активных: 1
[2026-08-15T10:20:00.005Z] Таблица 'index_documents' успешно создана или уже существует
[2026-08-15T10:20:00.006Z] Таблица 'products' успешно создана или уже существует.
[2026-08-15T10:20:00.006Z] Таблица 'shopProduct' успешно создана или уже существует.
[2026-08-15T10:20:00.006Z] Таблица 'shops' успешно создана или уже существует.
[2026-08-15T10:20:00.006Z] Таблица 'employees' успешно создана или уже существует.
[2026-08-15T10:20:02.467Z] Синхронизировано магазинов: 3
[2026-08-15T10:20:02.468Z] [syncTenant:default] Магазинов: 3
[2026-08-15T10:20:02.593Z] Синхронизировано сотрудников: 9
[2026-08-15T10:20:02.594Z] [syncTenant:default] Сотрудников: 9
[2026-08-15T10:20:03.309Z] [syncTenant:default] Терминалов: 3
[2026-08-15T10:20:04.291Z] Обработано 1357 записей в таблице products
[2026-08-15T10:20:04.743Z] Обработано 1357 записей в таблице shopProduct
[2026-08-15T10:20:04.744Z] [syncTenant:default] Товары синхронизированы по 1 магазинам
[2026-08-15T10:20:05.143Z] [syncTenant:default] Остатки синхронизированы
[2026-08-15T10:20:08.160Z] Обработано 1197 записей в таблице products
[2026-08-15T10:20:08.420Z] Обработано 1197 записей в таблице shopProduct
[2026-08-15T10:20:08.421Z] [syncTenant:default] Товары синхронизированы по 1 магазинам
[2026-08-15T10:20:08.942Z] [syncTenant:default] Остатки синхронизированы
[2026-08-15T10:20:11.789Z] Обработано 1197 записей в таблице products
[2026-08-15T10:20:12.243Z] Обработано 1197 записей в таблице shopProduct
[2026-08-15T10:20:12.244Z] [syncTenant:default] Товары синхронизированы по 1 магазинам
[2026-08-15T10:20:12.844Z] [syncTenant:default] Остатки синхронизированы
[2026-08-15T10:20:15.165Z] Successfully inserted 147 documents (duplicates skipped)
[2026-08-15T10:20:15.166Z] [syncTenant:default] Документы (20251229-316B-40A1-80F7-C59E5B8E6831): 147 шт, last_close_date=2026-08-15T10:13:53.000+0000
[2026-08-15T10:20:17.526Z] Successfully inserted 70 documents (duplicates skipped)
[2026-08-15T10:20:17.527Z] [syncTenant:default] Документы (20260103-7090-403D-8015-DE08E5B1138E): 70 шт, last_close_date=2026-08-15T10:16:50.000+0000
[2026-08-15T10:20:20.388Z] Successfully inserted 96 documents (duplicates skipped)
[2026-08-15T10:20:20.389Z] [syncTenant:default] Документы (20260103-425F-4044-8093-F2008B89A33B): 96 шт, last_close_date=2026-08-15T10:02:00.000+0000
[2026-08-15T10:20:22.392Z] [syncTenant:default] Цикл завершён
[2026-08-15T10:20:22.393Z] [cron] syncEngine — завершено (22390ms)
[2026-08-15T11:10:00.002Z] [cron] syncEngine — запуск...
[2026-08-15T11:10:00.005Z] [syncEngine] Тенантов активных: 1
[2026-08-15T11:10:00.006Z] Таблица 'index_documents' успешно создана или уже существует
[2026-08-15T11:10:00.006Z] Таблица 'products' успешно создана или уже существует.
[2026-08-15T11:10:00.007Z] Таблица 'shopProduct' успешно создана или уже существует.
[2026-08-15T11:10:00.007Z] Таблица 'shops' успешно создана или уже существует.
[2026-08-15T11:10:00.007Z] Таблица 'employees' успешно создана или уже существует.
[2026-08-15T11:10:01.961Z] Синхронизировано магазинов: 3
[2026-08-15T11:10:01.962Z] [syncTenant:default] Магазинов: 3
[2026-08-15T11:10:02.158Z] Синхронизировано сотрудников: 9
[2026-08-15T11:10:02.158Z] [syncTenant:default] Сотрудников: 9
[2026-08-15T11:10:02.874Z] [syncTenant:default] Терминалов: 3
[2026-08-15T11:20:52.777Z] [syncTenant:default] Остатки синхронизированы
[2026-08-15T11:20:55.611Z] Обработано 1197 записей в таблице products
[2026-08-15T11:20:56.147Z] Обработано 1197 записей в таблице shopProduct
[2026-08-15T11:20:56.148Z] [syncTenant:default] Товары синхронизированы по 1 магазинам
[2026-08-15T11:20:56.533Z] [syncTenant:default] Остатки синхронизированы
[2026-08-15T11:20:59.490Z] Обработано 1197 записей в таблице products
[2026-08-15T11:20:59.851Z] Обработано 1197 записей в таблице shopProduct
[2026-08-15T11:20:59.852Z] [syncTenant:default] Товары синхронизированы по 1 магазинам
[2026-08-15T11:21:00.518Z] [syncTenant:default] Остатки синхронизированы
[2026-08-15T11:21:02.733Z] Successfully inserted 151 documents (duplicates skipped)
[2026-08-15T11:21:02.734Z] [syncTenant:default] Документы (20251229-316B-40A1-80F7-C59E5B8E6831): 151 шт, last_close_date=2026-08-15T11:19:12.000+0000
[2026-08-15T11:21:04.999Z] Successfully inserted 71 documents (duplicates skipped)
[2026-08-15T11:21:05.000Z] [syncTenant:default] Документы (20260103-7090-403D-8015-DE08E5B1138E): 71 шт, last_close_date=2026-08-15T10:39:28.000+0000
[2026-08-15T11:21:07.238Z] Successfully inserted 102 documents (duplicates skipped)
[2026-08-15T11:21:07.238Z] [syncTenant:default] Документы (20260103-425F-4044-8093-F2008B89A33B): 102 шт, last_close_date=2026-08-15T11:20:52.000+0000
[2026-08-15T11:21:09.240Z] [syncTenant:default] Цикл завершён
[2026-08-15T11:21:09.241Z] [cron] syncEngine — завершено (669239ms)
[2026-08-15T15:00:01.355Z] [cron] syncEngine — запуск...
[2026-08-15T15:00:01.361Z] [syncEngine] Тенантов активных: 1
[2026-08-15T15:00:01.362Z] Таблица 'index_documents' успешно создана или уже существует
[2026-08-15T15:00:01.362Z] Таблица 'products' успешно создана или уже существует.
[2026-08-15T15:00:01.362Z] Таблица 'shopProduct' успешно создана или уже существует.
[2026-08-15T15:00:01.362Z] Таблица 'shops' успешно создана или уже существует.
[2026-08-15T15:00:01.362Z] Таблица 'employees' успешно создана или уже существует.
[2026-08-15T15:00:04.508Z] Синхронизировано магазинов: 3
[2026-08-15T15:00:04.508Z] [syncTenant:default] Магазинов: 3
[2026-08-15T15:00:04.662Z] Синхронизировано сотрудников: 9
[2026-08-15T15:00:04.663Z] [syncTenant:default] Сотрудников: 9
[2026-08-15T15:00:05.132Z] [syncTenant:default] Терминалов: 3
[2026-08-15T15:17:09.752Z] [syncTenant:default] Остатки синхронизированы
[2026-08-15T15:17:12.616Z] Обработано 1197 записей в таблице products
[2026-08-15T15:17:12.988Z] Обработано 1197 записей в таблице shopProduct
[2026-08-15T15:17:12.989Z] [syncTenant:default] Товары синхронизированы по 1 магазинам
[2026-08-15T15:17:13.475Z] [syncTenant:default] Остатки синхронизированы
[2026-08-15T15:17:16.480Z] Обработано 1197 записей в таблице products
[2026-08-15T15:17:16.853Z] Обработано 1197 записей в таблице shopProduct
[2026-08-15T15:17:16.854Z] [syncTenant:default] Товары синхронизированы по 1 магазинам
[2026-08-15T15:17:17.324Z] [syncTenant:default] Остатки синхронизированы
[2026-08-15T15:17:19.693Z] Successfully inserted 187 documents (duplicates skipped)
[2026-08-15T15:17:19.694Z] [syncTenant:default] Документы (20251229-316B-40A1-80F7-C59E5B8E6831): 187 шт, last_close_date=2026-08-15T15:06:30.000+0000
[2026-08-15T15:17:22.146Z] Successfully inserted 91 documents (duplicates skipped)
[2026-08-15T15:17:22.147Z] [syncTenant:default] Документы (20260103-7090-403D-8015-DE08E5B1138E): 91 шт, last_close_date=2026-08-15T14:58:17.000+0000
[2026-08-15T15:17:24.505Z] Successfully inserted 118 documents (duplicates skipped)
[2026-08-15T15:17:24.506Z] [syncTenant:default] Документы (20260103-425F-4044-8093-F2008B89A33B): 118 шт, last_close_date=2026-08-15T15:14:53.000+0000
[2026-08-15T15:17:26.507Z] [syncTenant:default] Цикл завершён
[2026-08-15T15:17:26.508Z] [cron] syncEngine — завершено (1045153ms)
[2026-08-15T15:25:00.001Z] [cron] syncEngine — запуск...
[2026-08-15T15:25:00.002Z] [syncEngine] Тенантов активных: 1
[2026-08-15T15:25:00.003Z] Таблица 'index_documents' успешно создана или уже существует
[2026-08-15T15:25:00.003Z] Таблица 'products' успешно создана или уже существует.
[2026-08-15T15:25:00.003Z] Таблица 'shopProduct' успешно создана или уже существует.
[2026-08-15T15:25:00.003Z] Таблица 'shops' успешно создана или уже существует.
[2026-08-15T15:25:00.003Z] Таблица 'employees' успешно создана или уже существует.
[2026-08-15T15:25:02.201Z] Синхронизировано магазинов: 3
[2026-08-15T15:25:02.202Z] [syncTenant:default] Магазинов: 3
[2026-08-15T15:25:02.345Z] Синхронизировано сотрудников: 9
[2026-08-15T15:25:02.346Z] [syncTenant:default] Сотрудников: 9
[2026-08-15T15:25:02.853Z] [syncTenant:default] Терминалов: 3
[2026-08-15T15:25:03.917Z] Обработано 1357 записей в таблице products
[2026-08-15T15:25:04.387Z] Обработано 1357 записей в таблице shopProduct
[2026-08-15T15:25:04.387Z] [syncTenant:default] Товары синхронизированы по 1 магазинам
[2026-08-15T15:25:13.828Z] Successfully inserted 187 documents (duplicates skipped)
[2026-08-15T15:25:13.832Z] [syncTenant:default] Документы (20251229-316B-40A1-80F7-C59E5B8E6831): 187 шт, last_close_date=2026-08-15T15:06:30.000+0000
[2026-08-15T15:25:16.074Z] Successfully inserted 91 documents (duplicates skipped)
[2026-08-15T15:25:16.075Z] [syncTenant:default] Документы (20260103-7090-403D-8015-DE08E5B1138E): 91 шт, last_close_date=2026-08-15T14:58:17.000+0000
[2026-08-15T15:25:18.599Z] Successfully inserted 118 documents (duplicates skipped)
[2026-08-15T15:25:18.600Z] [syncTenant:default] Документы (20260103-425F-4044-8093-F2008B89A33B): 118 шт, last_close_date=2026-08-15T15:14:53.000+0000
[2026-08-15T15:25:20.602Z] [syncTenant:default] Цикл завершён
[2026-08-15T15:25:20.602Z] [cron] syncEngine — завершено (20601ms)
[2026-08-15T18:20:00.002Z] [cron] syncEngine — запуск...
[2026-08-15T18:20:00.006Z] [syncEngine] Тенантов активных: 1
[2026-08-15T18:20:00.007Z] Таблица 'index_documents' успешно создана или уже существует
[2026-08-15T18:20:00.007Z] Таблица 'products' успешно создана или уже существует.
[2026-08-15T18:20:00.007Z] Таблица 'shopProduct' успешно создана или уже существует.
[2026-08-15T18:20:00.008Z] Таблица 'shops' успешно создана или уже существует.
[2026-08-15T18:20:00.008Z] Таблица 'employees' успешно создана или уже существует.
[2026-08-15T18:27:52.230Z] Обработано 1364 записей в таблице products
[2026-08-15T18:27:52.480Z] Обработано 1364 записей в таблице shopProduct
[2026-08-15T18:27:52.480Z] [syncTenant:default] Товары синхронизированы по 1 магазинам
[2026-08-15T18:27:53.087Z] [syncTenant:default] Остатки синхронизированы
[2026-08-15T18:27:56.154Z] Обработано 1202 записей в таблице products
[2026-08-15T18:27:56.390Z] Обработано 1202 записей в таблице shopProduct
[2026-08-15T18:27:56.391Z] [syncTenant:default] Товары синхронизированы по 1 магазинам
[2026-08-15T18:27:56.886Z] [syncTenant:default] Остатки синхронизированы
[2026-08-15T18:27:59.959Z] Обработано 1197 записей в таблице products
[2026-08-15T18:28:00.185Z] Обработано 1197 записей в таблице shopProduct
[2026-08-15T18:28:00.186Z] [syncTenant:default] Товары синхронизированы по 1 магазинам
[2026-08-15T18:28:00.780Z] [syncTenant:default] Остатки синхронизированы
[2026-08-15T18:28:03.045Z] Successfully inserted 210 documents (duplicates skipped)
[2026-08-15T18:28:03.046Z] [syncTenant:default] Документы (20251229-316B-40A1-80F7-C59E5B8E6831): 210 шт, last_close_date=2026-08-15T18:02:03.000+0000
[2026-08-15T18:28:05.267Z] Successfully inserted 128 documents (duplicates skipped)
[2026-08-15T18:28:05.268Z] [syncTenant:default] Документы (20260103-425F-4044-8093-F2008B89A33B): 128 шт, last_close_date=2026-08-15T18:00:28.000+0000
[2026-08-15T18:28:07.462Z] Successfully inserted 105 documents (duplicates skipped)
[2026-08-15T18:28:07.463Z] [syncTenant:default] Документы (20260103-7090-403D-8015-DE08E5B1138E): 105 шт, last_close_date=2026-08-15T18:00:37.000+0000
[2026-08-15T18:28:09.464Z] [syncTenant:default] Цикл завершён
[2026-08-15T18:28:09.465Z] [cron] syncEngine — завершено (489463ms)
[2026-08-15T19:00:00.002Z] [cron] syncEngine — запуск...
[2026-08-15T19:00:00.006Z] [syncEngine] Тенантов активных: 1
[2026-08-15T19:00:00.006Z] Таблица 'index_documents' успешно создана или уже существует
[2026-08-15T19:00:00.007Z] Таблица 'products' успешно создана или уже существует.
[2026-08-15T19:00:00.007Z] Таблица 'shopProduct' успешно создана или уже существует.
[2026-08-15T19:00:00.007Z] Таблица 'shops' успешно создана или уже существует.
[2026-08-15T19:00:00.007Z] Таблица 'employees' успешно создана или уже существует.
[2026-08-15T19:00:00.139Z] Синхронизировано магазинов: 3
[2026-08-15T19:00:00.139Z] [syncTenant:default] Магазинов: 3
[2026-08-15T19:00:00.555Z] Синхронизировано сотрудников: 9
[2026-08-15T19:00:00.555Z] [syncTenant:default] Сотрудников: 9
[2026-08-15T19:00:01.051Z] [syncTenant:default] Терминалов: 3
[2026-08-15T19:00:01.852Z] Обработано 1364 записей в таблице products
[2026-08-15T19:00:02.258Z] Обработано 1364 записей в таблице shopProduct
[2026-08-15T19:00:02.259Z] [syncTenant:default] Товары синхронизированы по 1 магазинам
[2026-08-15T19:00:02.738Z] [syncTenant:default] Остатки синхронизированы
[2026-08-15T19:00:05.566Z] Обработано 1197 записей в таблице products
[2026-08-15T19:00:05.937Z] Обработано 1197 записей в таблице shopProduct
[2026-08-15T19:00:05.938Z] [syncTenant:default] Товары синхронизированы по 1 магазинам
[2026-08-15T19:00:06.445Z] [syncTenant:default] Остатки синхронизированы
[2026-08-15T19:00:09.226Z] Обработано 1202 записей в таблице products
[2026-08-15T19:00:09.648Z] Обработано 1202 записей в таблице shopProduct
[2026-08-15T19:00:09.648Z] [syncTenant:default] Товары синхронизированы по 1 магазинам
[2026-08-15T19:00:10.163Z] [syncTenant:default] Остатки синхронизированы
[2026-08-15T19:00:12.362Z] Successfully inserted 210 documents (duplicates skipped)
[2026-08-15T19:00:12.363Z] [syncTenant:default] Документы (20251229-316B-40A1-80F7-C59E5B8E6831): 210 шт, last_close_date=2026-08-15T18:02:03.000+0000
[2026-08-15T19:00:14.530Z] Successfully inserted 105 documents (duplicates skipped)
[2026-08-15T19:00:14.531Z] [syncTenant:default] Документы (20260103-7090-403D-8015-DE08E5B1138E): 105 шт, last_close_date=2026-08-15T18:00:37.000+0000
[2026-08-15T19:00:16.704Z] Successfully inserted 128 documents (duplicates skipped)
[2026-08-15T19:00:16.705Z] [syncTenant:default] Документы (20260103-425F-4044-8093-F2008B89A33B): 128 шт, last_close_date=2026-08-15T18:00:28.000+0000
[2026-08-15T19:00:18.706Z] [syncTenant:default] Цикл завершён
[2026-08-15T19:00:18.707Z] [cron] syncEngine — завершено (18705ms)
[2026-08-15T19:05:00.006Z] [cron] syncEngine — запуск...
[2026-08-15T19:05:00.012Z] [syncEngine] Тенантов активных: 1
[2026-08-15T19:05:00.012Z] Таблица 'index_documents' успешно создана или уже существует
[2026-08-15T19:05:00.013Z] Таблица 'products' успешно создана или уже существует.
[2026-08-15T19:05:00.013Z] Таблица 'shopProduct' успешно создана или уже существует.
[2026-08-15T19:05:00.013Z] Таблица 'shops' успешно создана или уже существует.
[2026-08-15T19:05:00.013Z] Таблица 'employees' успешно создана или уже существует.
[2026-08-15T19:05:12.021Z] [syncTenant:default] Цикл завершён
[2026-08-15T19:05:12.021Z] [cron] syncEngine — завершено (12015ms)
[2026-08-15T19:10:00.006Z] [cron] syncEngine — запуск...
[2026-08-15T19:10:00.011Z] [syncEngine] Тенантов активных: 1
[2026-08-15T19:10:00.012Z] Таблица 'index_documents' успешно создана или уже существует
[2026-08-15T19:10:00.012Z] Таблица 'products' успешно создана или уже существует.
[2026-08-15T19:10:00.012Z] Таблица 'shopProduct' успешно создана или уже существует.
[2026-08-15T19:10:00.012Z] Таблица 'shops' успешно создана или уже существует.
[2026-08-15T19:10:00.012Z] Таблица 'employees' успешно создана или уже существует.
[2026-08-15T19:10:06.266Z] Successfully inserted 210 documents (duplicates skipped)
[2026-08-15T19:10:06.268Z] [syncTenant:default] Документы (20251229-316B-40A1-80F7-C59E5B8E6831): 210 шт, last_close_date=2026-08-15T18:02:03.000+0000
[2026-08-15T19:10:08.463Z] Successfully inserted 128 documents (duplicates skipped)
[2026-08-15T19:10:08.464Z] [syncTenant:default] Документы (20260103-425F-4044-8093-F2008B89A33B): 128 шт, last_close_date=2026-08-15T18:00:28.000+0000
[2026-08-15T19:10:10.610Z] Successfully inserted 105 documents (duplicates skipped)
[2026-08-15T19:10:10.611Z] [syncTenant:default] Документы (20260103-7090-403D-8015-DE08E5B1138E): 105 шт, last_close_date=2026-08-15T18:00:37.000+0000
[2026-08-15T19:10:12.612Z] [syncTenant:default] Цикл завершён
[2026-08-15T19:10:12.613Z] [cron] syncEngine — завершено (12607ms)
[2026-08-15T19:15:00.004Z] [cron] syncEngine — запуск...
[2026-08-15T19:15:00.013Z] [syncEngine] Тенантов активных: 1
[2026-08-15T19:15:00.014Z] Таблица 'index_documents' успешно создана или уже существует
[2026-08-15T19:15:00.015Z] Таблица 'products' успешно создана или уже существует.
[2026-08-15T19:15:00.015Z] Таблица 'shopProduct' успешно создана или уже существует.
[2026-08-15T19:15:00.016Z] Таблица 'shops' успешно создана или уже существует.
[2026-08-15T19:15:00.016Z] Таблица 'employees' успешно создана или уже существует.
[2026-08-15T19:15:12.026Z] [syncTenant:default] Цикл завершён
[2026-08-15T19:15:12.027Z] [cron] syncEngine — завершено (12023ms)
[2026-08-15T19:20:00.150Z] [cron] syncEngine — запуск...
[2026-08-15T19:20:00.159Z] [syncEngine] Тенантов активных: 1
[2026-08-15T19:20:00.159Z] Таблица 'index_documents' успешно создана или уже существует
[2026-08-15T19:20:00.160Z] Таблица 'products' успешно создана или уже существует.
[2026-08-15T19:20:00.160Z] Таблица 'shopProduct' успешно создана или уже существует.
[2026-08-15T19:20:00.160Z] Таблица 'shops' успешно создана или уже существует.
[2026-08-15T19:20:00.160Z] Таблица 'employees' успешно создана или уже существует.
[2026-08-15T19:20:00.286Z] Синхронизировано магазинов: 3
[2026-08-15T19:20:00.287Z] [syncTenant:default] Магазинов: 3
[2026-08-15T19:20:06.540Z] Successfully inserted 210 documents (duplicates skipped)
[2026-08-15T19:20:06.541Z] [syncTenant:default] Документы (20251229-316B-40A1-80F7-C59E5B8E6831): 210 шт, last_close_date=2026-08-15T18:02:03.000+0000
[2026-08-15T19:20:08.769Z] Successfully inserted 105 documents (duplicates skipped)
[2026-08-15T19:20:08.769Z] [syncTenant:default] Документы (20260103-7090-403D-8015-DE08E5B1138E): 105 шт, last_close_date=2026-08-15T18:00:37.000+0000
[2026-08-15T19:20:10.909Z] Successfully inserted 128 documents (duplicates skipped)
[2026-08-15T19:20:10.910Z] [syncTenant:default] Документы (20260103-425F-4044-8093-F2008B89A33B): 128 шт, last_close_date=2026-08-15T18:00:28.000+0000
[2026-08-15T19:20:12.912Z] [syncTenant:default] Цикл завершён
[2026-08-15T19:20:12.913Z] [cron] syncEngine — завершено (12763ms)
[2026-08-15T19:25:00.010Z] [cron] syncEngine — запуск...
[2026-08-15T19:25:00.015Z] [syncEngine] Тенантов активных: 1
[2026-08-15T19:25:00.016Z] Таблица 'index_documents' успешно создана или уже существует
[2026-08-15T19:25:00.016Z] Таблица 'products' успешно создана или уже существует.
[2026-08-15T19:25:00.016Z] Таблица 'shopProduct' успешно создана или уже существует.
[2026-08-15T19:25:00.016Z] Таблица 'shops' успешно создана или уже существует.
[2026-08-15T19:25:00.016Z] Таблица 'employees' успешно создана или уже существует.
[2026-08-15T19:25:20.544Z] No documents provided to saveNewIndexDocuments
[2026-08-15T19:25:20.544Z] [syncTenant:default] Документы (20260103-7090-403D-8015-DE08E5B1138E): 0 шт, last_close_date=null
[2026-08-15T19:25:22.546Z] [syncTenant:default] Цикл завершён
[2026-08-15T19:25:22.547Z] [cron] syncEngine — завершено (22537ms)
[2026-08-15T19:30:00.006Z] [cron] syncEngine — запуск...
[2026-08-15T19:30:00.015Z] [syncEngine] Тенантов активных: 1
[2026-08-15T19:30:00.016Z] Таблица 'index_documents' успешно создана или уже существует
[2026-08-15T19:30:00.016Z] Таблица 'products' успешно создана или уже существует.
[2026-08-15T19:30:00.017Z] Таблица 'shopProduct' успешно создана или уже существует.
[2026-08-15T19:30:00.017Z] Таблица 'shops' успешно создана или уже существует.
[2026-08-15T19:30:00.017Z] Таблица 'employees' успешно создана или уже существует.
[2026-08-15T19:30:00.968Z] Обработано 1364 записей в таблице products
[2026-08-15T19:30:01.214Z] Обработано 1364 записей в таблице shopProduct
[2026-08-15T19:30:01.214Z] [syncTenant:default] Товары синхронизированы по 1 магазинам
[2026-08-15T19:30:04.042Z] Обработано 1202 записей в таблице products
[2026-08-15T19:30:04.451Z] Обработано 1202 записей в таблице shopProduct
[2026-08-15T19:30:04.452Z] [syncTenant:default] Товары синхронизированы по 1 магазинам
[2026-08-15T19:30:07.332Z] Обработано 1197 записей в таблице products
[2026-08-15T19:30:07.734Z] Обработано 1197 записей в таблице shopProduct
[2026-08-15T19:30:07.734Z] [syncTenant:default] Товары синхронизированы по 1 магазинам
[2026-08-15T19:30:08.176Z] [syncTenant:default] Остатки синхронизированы
[2026-08-15T19:30:10.415Z] Successfully inserted 210 documents (duplicates skipped)
[2026-08-15T19:30:10.416Z] [syncTenant:default] Документы (20251229-316B-40A1-80F7-C59E5B8E6831): 210 шт, last_close_date=2026-08-15T18:02:03.000+0000
[2026-08-15T19:30:12.659Z] Successfully inserted 128 documents (duplicates skipped)
[2026-08-15T19:30:12.660Z] [syncTenant:default] Документы (20260103-425F-4044-8093-F2008B89A33B): 128 шт, last_close_date=2026-08-15T18:00:28.000+0000
[2026-08-15T19:30:16.661Z] [syncTenant:default] Цикл завершён
[2026-08-15T19:30:16.662Z] [cron] syncEngine — завершено (16656ms)
[2026-08-15T19:35:00.006Z] [cron] syncEngine — запуск...
[2026-08-15T19:35:00.011Z] [syncEngine] Тенантов активных: 1
[2026-08-15T19:35:00.011Z] Таблица 'index_documents' успешно создана или уже существует
[2026-08-15T19:35:00.012Z] Таблица 'products' успешно создана или уже существует.
[2026-08-15T19:35:00.012Z] Таблица 'shopProduct' успешно создана или уже существует.
[2026-08-15T19:35:00.012Z] Таблица 'shops' успешно создана или уже существует.
[2026-08-15T19:35:00.012Z] Таблица 'employees' успешно создана или уже существует.
[2026-08-15T19:35:00.315Z] [syncTenant:default] Остатки синхронизированы
[2026-08-15T19:35:02.513Z] [syncTenant:default] Остатки синхронизированы
[2026-08-15T19:35:10.751Z] Successfully inserted 105 documents (duplicates skipped)
[2026-08-15T19:35:10.751Z] [syncTenant:default] Документы (20260103-7090-403D-8015-DE08E5B1138E): 105 шт, last_close_date=2026-08-15T18:00:37.000+0000
[2026-08-15T19:35:12.753Z] [syncTenant:default] Цикл завершён
[2026-08-15T19:35:12.753Z] [cron] syncEngine — завершено (12747ms)
[2026-08-15T19:40:00.007Z] [cron] syncEngine — запуск...
[2026-08-15T19:40:00.015Z] [syncEngine] Тенантов активных: 1
[2026-08-15T19:40:00.016Z] Таблица 'index_documents' успешно создана или уже существует
[2026-08-15T19:40:00.016Z] Таблица 'products' успешно создана или уже существует.
[2026-08-15T19:40:00.016Z] Таблица 'shopProduct' успешно создана или уже существует.
[2026-08-15T19:40:00.016Z] Таблица 'shops' успешно создана или уже существует.
[2026-08-15T19:40:00.016Z] Таблица 'employees' успешно создана или уже существует.
[2026-08-15T19:40:09.291Z] Successfully inserted 210 documents (duplicates skipped)
[2026-08-15T19:40:09.292Z] [syncTenant:default] Документы (20251229-316B-40A1-80F7-C59E5B8E6831): 210 шт, last_close_date=2026-08-15T18:02:03.000+0000
[2026-08-15T19:40:11.675Z] Successfully inserted 128 documents (duplicates skipped)
[2026-08-15T19:40:11.676Z] [syncTenant:default] Документы (20260103-425F-4044-8093-F2008B89A33B): 128 шт, last_close_date=2026-08-15T18:00:28.000+0000
[2026-08-15T19:40:14.098Z] Successfully inserted 105 documents (duplicates skipped)
[2026-08-15T19:40:14.099Z] [syncTenant:default] Документы (20260103-7090-403D-8015-DE08E5B1138E): 105 шт, last_close_date=2026-08-15T18:00:37.000+0000
[2026-08-15T19:40:16.100Z] [syncTenant:default] Цикл завершён
[2026-08-15T19:40:16.101Z] [cron] syncEngine — завершено (16094ms)
[2026-08-15T19:45:00.006Z] [cron] syncEngine — запуск...
[2026-08-15T19:45:00.013Z] [syncEngine] Тенантов активных: 1
[2026-08-15T19:45:00.013Z] Таблица 'index_documents' успешно создана или уже существует
[2026-08-15T19:45:00.014Z] Таблица 'products' успешно создана или уже существует.
[2026-08-15T19:45:00.014Z] Таблица 'shopProduct' успешно создана или уже существует.
[2026-08-15T19:45:00.014Z] Таблица 'shops' успешно создана или уже существует.
[2026-08-15T19:45:00.014Z] Таблица 'employees' успешно создана или уже существует.
[2026-08-15T19:45:01.393Z] Синхронизировано магазинов: 3
[2026-08-15T19:45:01.396Z] [syncTenant:default] Магазинов: 3
[2026-08-15T19:45:01.540Z] Синхронизировано сотрудников: 9
[2026-08-15T19:45:01.541Z] [syncTenant:default] Сотрудников: 9
[2026-08-15T19:45:02.056Z] [syncTenant:default] Терминалов: 3
[2026-08-15T19:45:14.097Z] Successfully inserted 128 documents (duplicates skipped)
[2026-08-15T19:45:14.097Z] [syncTenant:default] Документы (20260103-425F-4044-8093-F2008B89A33B): 128 шт, last_close_date=2026-08-15T18:00:28.000+0000
[2026-08-15T19:45:16.099Z] [syncTenant:default] Цикл завершён
[2026-08-15T19:45:16.100Z] [cron] syncEngine — завершено (16094ms)
[2026-08-15T19:50:00.005Z] [cron] syncEngine — запуск...
[2026-08-15T19:50:00.012Z] [syncEngine] Тенантов активных: 1
[2026-08-15T19:50:00.012Z] Таблица 'index_documents' успешно создана или уже существует
[2026-08-15T19:50:00.013Z] Таблица 'products' успешно создана или уже существует.
[2026-08-15T19:50:00.013Z] Таблица 'shopProduct' успешно создана или уже существует.
[2026-08-15T19:50:00.013Z] Таблица 'shops' успешно создана или уже существует.
[2026-08-15T19:50:00.013Z] Таблица 'employees' успешно создана или уже существует.
[2026-08-15T19:50:09.763Z] Successfully inserted 210 documents (duplicates skipped)
[2026-08-15T19:50:09.764Z] [syncTenant:default] Документы (20251229-316B-40A1-80F7-C59E5B8E6831): 210 шт, last_close_date=2026-08-15T18:02:03.000+0000
[2026-08-15T19:50:16.263Z] Successfully inserted 105 documents (duplicates skipped)
[2026-08-15T19:50:16.264Z] [syncTenant:default] Документы (20260103-7090-403D-8015-DE08E5B1138E): 105 шт, last_close_date=2026-08-15T18:00:37.000+0000
[2026-08-15T19:50:18.265Z] [syncTenant:default] Цикл завершён
[2026-08-15T19:50:18.266Z] [cron] syncEngine — завершено (18261ms)
[2026-08-15T19:55:00.003Z] [cron] syncEngine — запуск...
[2026-08-15T19:55:00.015Z] [syncEngine] Тенантов активных: 1
[2026-08-15T19:55:00.015Z] Таблица 'index_documents' успешно создана или уже существует
[2026-08-15T19:55:00.016Z] Таблица 'products' успешно создана или уже существует.
[2026-08-15T19:55:00.016Z] Таблица 'shopProduct' успешно создана или уже существует.
[2026-08-15T19:55:00.016Z] Таблица 'shops' успешно создана или уже существует.
[2026-08-15T19:55:00.016Z] Таблица 'employees' успешно создана или уже существует.
[2026-08-15T19:55:09.243Z] Successfully inserted 128 documents (duplicates skipped)
[2026-08-15T19:55:09.243Z] [syncTenant:default] Документы (20260103-425F-4044-8093-F2008B89A33B): 128 шт, last_close_date=2026-08-15T18:00:28.000+0000
[2026-08-15T19:55:13.247Z] [syncTenant:default] Цикл завершён
[2026-08-15T19:55:13.247Z] [cron] syncEngine — завершено (13244ms)
[2026-08-15T20:05:00.002Z] [cron] syncEngine — запуск...
[2026-08-15T20:05:00.009Z] [syncEngine] Тенантов активных: 1
[2026-08-15T20:05:00.010Z] Таблица 'index_documents' успешно создана или уже существует
[2026-08-15T20:05:00.010Z] Таблица 'products' успешно создана или уже существует.
[2026-08-15T20:05:00.010Z] Таблица 'shopProduct' успешно создана или уже существует.
[2026-08-15T20:05:00.010Z] Таблица 'shops' успешно создана или уже существует.
[2026-08-15T20:05:00.010Z] Таблица 'employees' успешно создана или уже существует.
[2026-08-15T20:05:01.957Z] Обработано 1364 записей в таблице products
[2026-08-15T20:05:02.364Z] Обработано 1364 записей в таблице shopProduct
[2026-08-15T20:05:02.365Z] [syncTenant:default] Товары синхронизированы по 1 магазинам
[2026-08-15T20:05:02.746Z] [syncTenant:default] Остатки синхронизированы
[2026-08-15T20:05:05.643Z] Обработано 1202 записей в таблице products
[2026-08-15T20:05:06.162Z] Обработано 1202 записей в таблице shopProduct
[2026-08-15T20:05:06.164Z] [syncTenant:default] Товары синхронизированы по 1 магазинам
[2026-08-15T20:05:06.672Z] [syncTenant:default] Остатки синхронизированы
[2026-08-15T20:05:09.600Z] Обработано 1197 записей в таблице products
[2026-08-15T20:05:10.059Z] Обработано 1197 записей в таблице shopProduct
[2026-08-15T20:05:10.060Z] [syncTenant:default] Товары синхронизированы по 1 магазинам
[2026-08-15T20:05:10.459Z] [syncTenant:default] Остатки синхронизированы
[2026-08-15T20:05:12.796Z] Successfully inserted 210 documents (duplicates skipped)
[2026-08-15T20:05:12.797Z] [syncTenant:default] Документы (20251229-316B-40A1-80F7-C59E5B8E6831): 210 шт, last_close_date=2026-08-15T18:02:03.000+0000
[2026-08-15T20:05:15.055Z] Successfully inserted 128 documents (duplicates skipped)
[2026-08-15T20:05:15.058Z] [syncTenant:default] Документы (20260103-425F-4044-8093-F2008B89A33B): 128 шт, last_close_date=2026-08-15T18:00:28.000+0000
[2026-08-15T20:05:17.412Z] Successfully inserted 105 documents (duplicates skipped)
[2026-08-15T20:05:17.413Z] [syncTenant:default] Документы (20260103-7090-403D-8015-DE08E5B1138E): 105 шт, last_close_date=2026-08-15T18:00:37.000+0000
[2026-08-15T20:05:19.415Z] [syncTenant:default] Цикл завершён
[2026-08-15T20:05:19.416Z] [cron] syncEngine — завершено (19414ms)
[2026-08-15T20:10:00.008Z] [cron] syncEngine — запуск...
[2026-08-15T20:10:00.010Z] [syncEngine] Тенантов активных: 1
[2026-08-15T20:10:00.010Z] Таблица 'index_documents' успешно создана или уже существует
[2026-08-15T20:10:00.010Z] Таблица 'products' успешно создана или уже существует.
[2026-08-15T20:10:00.010Z] Таблица 'shopProduct' успешно создана или уже существует.
[2026-08-15T20:10:00.010Z] Таблица 'shops' успешно создана или уже существует.
[2026-08-15T20:10:00.010Z] Таблица 'employees' успешно создана или уже существует.
[2026-08-15T20:10:01.500Z] Синхронизировано магазинов: 3
[2026-08-15T20:10:01.501Z] [syncTenant:default] Магазинов: 3
[2026-08-15T20:10:01.672Z] Синхронизировано сотрудников: 9
[2026-08-15T20:10:01.672Z] [syncTenant:default] Сотрудников: 9
[2026-08-15T20:10:02.184Z] [syncTenant:default] Терминалов: 3
[2026-08-15T20:10:14.192Z] [syncTenant:default] Цикл завершён
[2026-08-15T20:10:14.193Z] [cron] syncEngine — завершено (14185ms)
[2026-08-15T20:15:00.003Z] [cron] syncEngine — запуск...
[2026-08-15T20:15:00.004Z] [syncEngine] Тенантов активных: 1
[2026-08-15T20:15:00.004Z] Таблица 'index_documents' успешно создана или уже существует
[2026-08-15T20:15:00.004Z] Таблица 'products' успешно создана или уже существует.
[2026-08-15T20:15:00.005Z] Таблица 'shopProduct' успешно создана или уже существует.
[2026-08-15T20:15:00.005Z] Таблица 'shops' успешно создана или уже существует.
[2026-08-15T20:15:00.005Z] Таблица 'employees' успешно создана или уже существует.
[2026-08-15T20:15:08.073Z] Successfully inserted 210 documents (duplicates skipped)
[2026-08-15T20:15:08.073Z] [syncTenant:default] Документы (20251229-316B-40A1-80F7-C59E5B8E6831): 210 шт, last_close_date=2026-08-15T18:02:03.000+0000
[2026-08-15T20:15:10.431Z] Successfully inserted 128 documents (duplicates skipped)
[2026-08-15T20:15:10.432Z] [syncTenant:default] Документы (20260103-425F-4044-8093-F2008B89A33B): 128 шт, last_close_date=2026-08-15T18:00:28.000+0000
[2026-08-15T20:15:12.671Z] Successfully inserted 105 documents (duplicates skipped)
[2026-08-15T20:15:12.672Z] [syncTenant:default] Документы (20260103-7090-403D-8015-DE08E5B1138E): 105 шт, last_close_date=2026-08-15T18:00:37.000+0000
[2026-08-15T20:15:14.674Z] [syncTenant:default] Цикл завершён
[2026-08-15T20:15:14.674Z] [cron] syncEngine — завершено (14671ms)
[2026-08-15T20:20:00.002Z] [cron] syncEngine — запуск...
[2026-08-15T20:20:00.005Z] [syncEngine] Тенантов активных: 1
[2026-08-15T20:20:00.005Z] Таблица 'index_documents' успешно создана или уже существует
[2026-08-15T20:20:00.005Z] Таблица 'products' успешно создана или уже существует.
[2026-08-15T20:20:00.005Z] Таблица 'shopProduct' успешно создана или уже существует.
[2026-08-15T20:20:00.005Z] Таблица 'shops' успешно создана или уже существует.
[2026-08-15T20:20:00.005Z] Таблица 'employees' успешно создана или уже существует.
[2026-08-15T20:20:12.003Z] [syncTenant:default] Цикл завершён
[2026-08-15T20:20:12.004Z] [cron] syncEngine — завершено (12002ms)
[2026-08-15T20:25:00.001Z] [cron] syncEngine — запуск...
[2026-08-15T20:25:00.004Z] [syncEngine] Тенантов активных: 1
[2026-08-15T20:25:00.004Z] Таблица 'index_documents' успешно создана или уже существует
[2026-08-15T20:25:00.004Z] Таблица 'products' успешно создана или уже существует.
[2026-08-15T20:25:00.004Z] Таблица 'shopProduct' успешно создана или уже существует.
[2026-08-15T20:25:00.004Z] Таблица 'shops' успешно создана или уже существует.
[2026-08-15T20:25:00.004Z] Таблица 'employees' успешно создана или уже существует.
[2026-08-15T20:25:07.688Z] Successfully inserted 210 documents (duplicates skipped)
[2026-08-15T20:25:07.689Z] [syncTenant:default] Документы (20251229-316B-40A1-80F7-C59E5B8E6831): 210 шт, last_close_date=2026-08-15T18:02:03.000+0000
[2026-08-15T20:25:09.937Z] Successfully inserted 128 documents (duplicates skipped)
[2026-08-15T20:25:09.937Z] [syncTenant:default] Документы (20260103-425F-4044-8093-F2008B89A33B): 128 шт, last_close_date=2026-08-15T18:00:28.000+0000
[2026-08-15T20:25:12.190Z] Successfully inserted 105 documents (duplicates skipped)
[2026-08-15T20:25:12.191Z] [syncTenant:default] Документы (20260103-7090-403D-8015-DE08E5B1138E): 105 шт, last_close_date=2026-08-15T18:00:37.000+0000
[2026-08-15T20:25:14.192Z] [syncTenant:default] Цикл завершён
[2026-08-15T20:25:14.193Z] [cron] syncEngine — завершено (14192ms)
[2026-08-15T20:30:00.001Z] [cron] syncEngine — запуск...
[2026-08-15T20:30:00.005Z] [syncEngine] Тенантов активных: 1
[2026-08-15T20:30:00.006Z] Таблица 'index_documents' успешно создана или уже существует
[2026-08-15T20:30:00.006Z] Таблица 'products' успешно создана или уже существует.
[2026-08-15T20:30:00.006Z] Таблица 'shopProduct' успешно создана или уже существует.
[2026-08-15T20:30:00.007Z] Таблица 'shops' успешно создана или уже существует.
[2026-08-15T20:30:00.007Z] Таблица 'employees' успешно создана или уже существует.
[2026-08-15T20:30:12.015Z] [syncTenant:default] Цикл завершён
[2026-08-15T20:30:12.016Z] [cron] syncEngine — завершено (12015ms)
[2026-08-16T12:40:01.344Z] [cron] syncEngine — запуск...
[2026-08-16T12:40:01.352Z] [syncEngine] Тенантов активных: 1
[2026-08-16T12:40:01.353Z] Таблица 'index_documents' успешно создана или уже существует
[2026-08-16T12:40:01.353Z] Таблица 'products' успешно создана или уже существует.
[2026-08-16T12:40:01.353Z] Таблица 'shopProduct' успешно создана или уже существует.
[2026-08-16T12:40:01.353Z] Таблица 'shops' успешно создана или уже существует.
[2026-08-16T12:40:01.353Z] Таблица 'employees' успешно создана или уже существует.
[2026-08-16T12:40:03.874Z] Синхронизировано магазинов: 3
[2026-08-16T12:40:03.875Z] [syncTenant:default] Магазинов: 3
[2026-08-16T12:40:04.084Z] Синхронизировано сотрудников: 9
[2026-08-16T12:40:04.085Z] [syncTenant:default] Сотрудников: 9
[2026-08-16T12:40:04.568Z] [syncTenant:default] Терминалов: 3
[2026-08-16T12:40:05.751Z] Обработано 1364 записей в таблице products
[2026-08-16T12:40:06.222Z] Обработано 1364 записей в таблице shopProduct
[2026-08-16T12:40:06.223Z] [syncTenant:default] Товары синхронизированы по 1 магазинам
[2026-08-16T12:40:06.698Z] [syncTenant:default] Остатки синхронизированы
[2026-08-16T12:40:09.897Z] Обработано 1197 записей в таблице products
[2026-08-16T12:40:10.797Z] Обработано 1197 записей в таблице shopProduct
[2026-08-16T12:40:10.798Z] [syncTenant:default] Товары синхронизированы по 1 магазинам
[2026-08-16T12:40:11.285Z] [syncTenant:default] Остатки синхронизированы
[2026-08-16T12:40:14.377Z] Обработано 1202 записей в таблице products
[2026-08-16T12:40:14.989Z] Обработано 1202 записей в таблице shopProduct
[2026-08-16T12:40:14.990Z] [syncTenant:default] Товары синхронизированы по 1 магазинам
[2026-08-16T12:40:15.700Z] [syncTenant:default] Остатки синхронизированы
[2026-08-16T12:40:18.314Z] Successfully inserted 111 documents (duplicates skipped)
[2026-08-16T12:40:18.315Z] [syncTenant:default] Документы (20251229-316B-40A1-80F7-C59E5B8E6831): 111 шт, last_close_date=2026-08-16T11:30:19.000+0000
[2026-08-16T12:40:20.702Z] Successfully inserted 72 documents (duplicates skipped)
[2026-08-16T12:40:20.703Z] [syncTenant:default] Документы (20260103-7090-403D-8015-DE08E5B1138E): 72 шт, last_close_date=2026-08-16T11:31:34.000+0000
[2026-08-16T12:40:23.097Z] Successfully inserted 76 documents (duplicates skipped)
[2026-08-16T12:40:23.098Z] [syncTenant:default] Документы (20260103-425F-4044-8093-F2008B89A33B): 76 шт, last_close_date=2026-08-16T11:35:55.000+0000
[2026-08-16T12:40:25.101Z] [syncTenant:default] Цикл завершён
[2026-08-16T12:40:25.102Z] [cron] syncEngine — завершено (23758ms)
[2026-08-16T16:15:00.000Z] [cron] syncEngine — запуск...
[2026-08-16T16:15:00.007Z] [syncEngine] Тенантов активных: 1
[2026-08-16T16:15:00.007Z] Таблица 'index_documents' успешно создана или уже существует
[2026-08-16T16:15:00.007Z] Таблица 'products' успешно создана или уже существует.
[2026-08-16T16:15:00.007Z] Таблица 'shopProduct' успешно создана или уже существует.
[2026-08-16T16:15:00.008Z] Таблица 'shops' успешно создана или уже существует.
[2026-08-16T16:15:00.008Z] Таблица 'employees' успешно создана или уже существует.
[2026-08-16T16:15:01.557Z] Синхронизировано магазинов: 3
[2026-08-16T16:15:01.558Z] [syncTenant:default] Магазинов: 3
[2026-08-16T16:15:01.991Z] Синхронизировано сотрудников: 9
[2026-08-16T16:15:01.992Z] [syncTenant:default] Сотрудников: 9
[2026-08-16T16:15:02.201Z] [syncTenant:default] Терминалов: 3
[2026-08-16T16:15:03.346Z] Обработано 1364 записей в таблице products
[2026-08-16T16:15:03.841Z] Обработано 1364 записей в таблице shopProduct
[2026-08-16T16:15:03.841Z] [syncTenant:default] Товары синхронизированы по 1 магазинам
[2026-08-16T16:15:04.274Z] [syncTenant:default] Остатки синхронизированы
[2026-08-16T16:30:16.494Z] Обработано 1197 записей в таблице products
[2026-08-16T16:30:16.943Z] Обработано 1197 записей в таблице shopProduct
[2026-08-16T16:30:16.944Z] [syncTenant:default] Товары синхронизированы по 1 магазинам
[2026-08-16T16:30:17.341Z] [syncTenant:default] Остатки синхронизированы
[2026-08-16T16:30:20.248Z] Обработано 1202 записей в таблице products
[2026-08-16T16:30:20.784Z] Обработано 1202 записей в таблице shopProduct
[2026-08-16T16:30:20.784Z] [syncTenant:default] Товары синхронизированы по 1 магазинам
[2026-08-16T16:30:21.185Z] [syncTenant:default] Остатки синхронизированы
[2026-08-16T16:30:23.500Z] Successfully inserted 151 documents (duplicates skipped)
[2026-08-16T16:30:23.501Z] [syncTenant:default] Документы (20251229-316B-40A1-80F7-C59E5B8E6831): 151 шт, last_close_date=2026-08-16T16:21:43.000+0000
[2026-08-16T16:30:25.740Z] Successfully inserted 87 documents (duplicates skipped)
[2026-08-16T16:30:25.741Z] [syncTenant:default] Документы (20260103-7090-403D-8015-DE08E5B1138E): 87 шт, last_close_date=2026-08-16T16:14:03.000+0000
[2026-08-16T16:30:28.004Z] Successfully inserted 87 documents (duplicates skipped)
[2026-08-16T16:30:28.007Z] [syncTenant:default] Документы (20260103-425F-4044-8093-F2008B89A33B): 87 шт, last_close_date=2026-08-16T16:24:57.000+0000
[2026-08-16T16:30:30.009Z] [syncTenant:default] Цикл завершён
[2026-08-16T16:30:30.010Z] [cron] syncEngine — завершено (930010ms)
[2026-08-16T17:55:00.003Z] [cron] syncEngine — запуск...
[2026-08-16T17:55:00.009Z] [syncEngine] Тенантов активных: 1
[2026-08-16T17:55:00.010Z] Таблица 'index_documents' успешно создана или уже существует
[2026-08-16T17:55:00.010Z] Таблица 'products' успешно создана или уже существует.
[2026-08-16T17:55:00.010Z] Таблица 'shopProduct' успешно создана или уже существует.
[2026-08-16T17:55:00.010Z] Таблица 'shops' успешно создана или уже существует.
[2026-08-16T17:55:00.010Z] Таблица 'employees' успешно создана или уже существует.
[2026-08-16T17:55:01.335Z] Синхронизировано магазинов: 3
[2026-08-16T17:55:01.336Z] [syncTenant:default] Магазинов: 3
[2026-08-16T17:55:01.489Z] Синхронизировано сотрудников: 9
[2026-08-16T17:55:01.492Z] [syncTenant:default] Сотрудников: 9
[2026-08-16T17:55:01.995Z] [syncTenant:default] Терминалов: 3
[2026-08-16T17:55:03.027Z] Обработано 1364 записей в таблице products
[2026-08-16T17:55:03.490Z] Обработано 1364 записей в таблице shopProduct
[2026-08-16T17:55:03.491Z] [syncTenant:default] Товары синхронизированы по 1 магазинам
[2026-08-16T17:55:03.852Z] [syncTenant:default] Остатки синхронизированы
[2026-08-16T17:55:06.837Z] Обработано 1197 записей в таблице products
[2026-08-16T17:55:07.183Z] Обработано 1197 записей в таблице shopProduct
[2026-08-16T17:55:07.184Z] [syncTenant:default] Товары синхронизированы по 1 магазинам
[2026-08-16T17:55:07.643Z] [syncTenant:default] Остатки синхронизированы
[2026-08-16T17:55:10.667Z] Обработано 1202 записей в таблице products
[2026-08-16T17:55:11.105Z] Обработано 1202 записей в таблице shopProduct
[2026-08-16T17:55:11.105Z] [syncTenant:default] Товары синхронизированы по 1 магазинам
[2026-08-16T17:55:11.515Z] [syncTenant:default] Остатки синхронизированы
[2026-08-16T17:55:14.015Z] Successfully inserted 163 documents (duplicates skipped)
[2026-08-16T17:55:14.015Z] [syncTenant:default] Документы (20251229-316B-40A1-80F7-C59E5B8E6831): 163 шт, last_close_date=2026-08-16T17:50:42.000+0000
[2026-08-16T17:55:16.268Z] Successfully inserted 90 documents (duplicates skipped)
[2026-08-16T17:55:16.270Z] [syncTenant:default] Документы (20260103-7090-403D-8015-DE08E5B1138E): 90 шт, last_close_date=2026-08-16T16:46:46.000+0000
[2026-08-16T17:55:18.538Z] Successfully inserted 92 documents (duplicates skipped)
[2026-08-16T17:55:18.539Z] [syncTenant:default] Документы (20260103-425F-4044-8093-F2008B89A33B): 92 шт, last_close_date=2026-08-16T17:49:30.000+0000
[2026-08-16T17:55:20.540Z] [syncTenant:default] Цикл завершён
[2026-08-16T17:55:20.541Z] [cron] syncEngine — завершено (20538ms)
[2026-08-16T18:00:00.007Z] [cron] syncEngine — запуск...
[2026-08-16T18:00:00.011Z] [syncEngine] Тенантов активных: 1
[2026-08-16T18:00:00.012Z] Таблица 'index_documents' успешно создана или уже существует
[2026-08-16T18:00:00.012Z] Таблица 'products' успешно создана или уже существует.
[2026-08-16T18:00:00.012Z] Таблица 'shopProduct' успешно создана или уже существует.
[2026-08-16T18:00:00.012Z] Таблица 'shops' успешно создана или уже существует.
[2026-08-16T18:00:00.012Z] Таблица 'employees' успешно создана или уже существует.
[2026-08-16T18:00:12.020Z] [syncTenant:default] Цикл завершён
[2026-08-16T18:00:12.023Z] [cron] syncEngine — завершено (12016ms)
[2026-08-16T18:10:00.000Z] [cron] syncEngine — запуск...
[2026-08-16T18:10:00.004Z] [syncEngine] Тенантов активных: 1
[2026-08-16T18:10:00.004Z] Таблица 'index_documents' успешно создана или уже существует
[2026-08-16T18:10:00.004Z] Таблица 'products' успешно создана или уже существует.
[2026-08-16T18:10:00.005Z] Таблица 'shopProduct' успешно создана или уже существует.
[2026-08-16T18:10:00.005Z] Таблица 'shops' успешно создана или уже существует.
[2026-08-16T18:10:00.005Z] Таблица 'employees' успешно создана или уже существует.
[2026-08-16T18:10:06.476Z] Successfully inserted 165 documents (duplicates skipped)
[2026-08-16T18:10:06.476Z] [syncTenant:default] Документы (20251229-316B-40A1-80F7-C59E5B8E6831): 165 шт, last_close_date=2026-08-16T18:00:24.000+0000
[2026-08-16T18:10:08.655Z] Successfully inserted 94 documents (duplicates skipped)
[2026-08-16T18:10:08.656Z] [syncTenant:default] Документы (20260103-425F-4044-8093-F2008B89A33B): 94 шт, last_close_date=2026-08-16T18:01:15.000+0000
[2026-08-16T18:10:10.929Z] Successfully inserted 90 documents (duplicates skipped)
[2026-08-16T18:10:10.930Z] [syncTenant:default] Документы (20260103-7090-403D-8015-DE08E5B1138E): 90 шт, last_close_date=2026-08-16T16:46:46.000+0000
[2026-08-16T18:10:12.930Z] [syncTenant:default] Цикл завершён
[2026-08-16T18:10:12.931Z] [cron] syncEngine — завершено (12931ms)
[2026-08-16T18:20:00.020Z] [cron] syncEngine — запуск...
[2026-08-16T18:20:00.028Z] [syncEngine] Тенантов активных: 1
[2026-08-16T18:20:00.028Z] Таблица 'index_documents' успешно создана или уже существует
[2026-08-16T18:20:00.029Z] Таблица 'products' успешно создана или уже существует.
[2026-08-16T18:20:00.029Z] Таблица 'shopProduct' успешно создана или уже существует.
[2026-08-16T18:20:00.029Z] Таблица 'shops' успешно создана или уже существует.
[2026-08-16T18:20:00.029Z] Таблица 'employees' успешно создана или уже существует.
[2026-08-16T18:20:02.490Z] Синхронизировано магазинов: 3
[2026-08-16T18:20:02.491Z] [syncTenant:default] Магазинов: 3
[2026-08-16T18:20:02.615Z] Синхронизировано сотрудников: 9
[2026-08-16T18:20:02.615Z] [syncTenant:default] Сотрудников: 9
[2026-08-16T18:20:03.119Z] [syncTenant:default] Терминалов: 3
[2026-08-16T18:20:11.492Z] Successfully inserted 165 documents (duplicates skipped)
[2026-08-16T18:20:11.497Z] [syncTenant:default] Документы (20251229-316B-40A1-80F7-C59E5B8E6831): 165 шт, last_close_date=2026-08-16T18:00:24.000+0000
[2026-08-16T18:20:13.785Z] Successfully inserted 90 documents (duplicates skipped)
[2026-08-16T18:20:13.785Z] [syncTenant:default] Документы (20260103-7090-403D-8015-DE08E5B1138E): 90 шт, last_close_date=2026-08-16T16:46:46.000+0000
[2026-08-16T18:20:16.082Z] Successfully inserted 94 documents (duplicates skipped)
[2026-08-16T18:20:16.082Z] [syncTenant:default] Документы (20260103-425F-4044-8093-F2008B89A33B): 94 шт, last_close_date=2026-08-16T18:01:15.000+0000
[2026-08-16T18:20:18.084Z] [syncTenant:default] Цикл завершён
[2026-08-16T18:20:18.085Z] [cron] syncEngine — завершено (18065ms)
[2026-08-16T18:40:00.001Z] [cron] syncEngine — запуск...
[2026-08-16T18:40:00.008Z] [syncEngine] Тенантов активных: 1
[2026-08-16T18:40:00.009Z] Таблица 'index_documents' успешно создана или уже существует
[2026-08-16T18:40:00.009Z] Таблица 'products' успешно создана или уже существует.
[2026-08-16T18:40:00.009Z] Таблица 'shopProduct' успешно создана или уже существует.
[2026-08-16T18:40:00.009Z] Таблица 'shops' успешно создана или уже существует.
[2026-08-16T18:40:00.010Z] Таблица 'employees' успешно создана или уже существует.
[2026-08-16T18:40:02.987Z] Обработано 1364 записей в таблице products
[2026-08-16T18:40:03.262Z] Обработано 1364 записей в таблице shopProduct
[2026-08-16T18:40:03.262Z] [syncTenant:default] Товары синхронизированы по 1 магазинам
[2026-08-16T18:40:03.838Z] [syncTenant:default] Остатки синхронизированы
[2026-08-16T18:40:06.675Z] Обработано 1202 записей в таблице products
[2026-08-16T18:40:07.207Z] Обработано 1202 записей в таблице shopProduct
[2026-08-16T18:40:07.208Z] [syncTenant:default] Товары синхронизированы по 1 магазинам
[2026-08-16T18:40:07.630Z] [syncTenant:default] Остатки синхронизированы
[2026-08-16T18:40:10.596Z] Обработано 1197 записей в таблице products
[2026-08-16T18:40:10.884Z] Обработано 1197 записей в таблице shopProduct
[2026-08-16T18:40:10.885Z] [syncTenant:default] Товары синхронизированы по 1 магазинам
[2026-08-16T18:40:11.395Z] [syncTenant:default] Остатки синхронизированы
[2026-08-16T18:40:13.635Z] Successfully inserted 165 documents (duplicates skipped)
[2026-08-16T18:40:13.636Z] [syncTenant:default] Документы (20251229-316B-40A1-80F7-C59E5B8E6831): 165 шт, last_close_date=2026-08-16T18:00:24.000+0000
[2026-08-16T18:40:15.837Z] Successfully inserted 94 documents (duplicates skipped)
[2026-08-16T18:40:15.838Z] [syncTenant:default] Документы (20260103-425F-4044-8093-F2008B89A33B): 94 шт, last_close_date=2026-08-16T18:01:15.000+0000
[2026-08-16T18:40:18.040Z] Successfully inserted 90 documents (duplicates skipped)
[2026-08-16T18:40:18.041Z] [syncTenant:default] Документы (20260103-7090-403D-8015-DE08E5B1138E): 90 шт, last_close_date=2026-08-16T16:46:46.000+0000
[2026-08-16T18:40:20.042Z] [syncTenant:default] Цикл завершён
[2026-08-16T18:40:20.043Z] [cron] syncEngine — завершено (20042ms)
[2026-08-16T19:00:00.045Z] [cron] syncEngine — запуск...
[2026-08-16T19:00:00.051Z] [syncEngine] Тенантов активных: 1
[2026-08-16T19:00:00.052Z] Таблица 'index_documents' успешно создана или уже существует
[2026-08-16T19:00:00.052Z] Таблица 'products' успешно создана или уже существует.
[2026-08-16T19:00:00.052Z] Таблица 'shopProduct' успешно создана или уже существует.
[2026-08-16T19:00:00.052Z] Таблица 'shops' успешно создана или уже существует.
[2026-08-16T19:00:00.052Z] Таблица 'employees' успешно создана или уже существует.
[2026-08-16T19:00:03.025Z] Синхронизировано магазинов: 3
[2026-08-16T19:00:03.026Z] [syncTenant:default] Магазинов: 3
[2026-08-16T19:00:03.221Z] Синхронизировано сотрудников: 9
[2026-08-16T19:00:03.222Z] [syncTenant:default] Сотрудников: 9
[2026-08-16T19:00:03.678Z] [syncTenant:default] Терминалов: 3
[2026-08-16T19:00:11.267Z] Successfully inserted 165 documents (duplicates skipped)
[2026-08-16T19:00:11.270Z] [syncTenant:default] Документы (20251229-316B-40A1-80F7-C59E5B8E6831): 165 шт, last_close_date=2026-08-16T18:00:24.000+0000
[2026-08-16T19:00:13.546Z] Successfully inserted 90 documents (duplicates skipped)
[2026-08-16T19:00:13.547Z] [syncTenant:default] Документы (20260103-7090-403D-8015-DE08E5B1138E): 90 шт, last_close_date=2026-08-16T16:46:46.000+0000
[2026-08-16T19:00:15.779Z] Successfully inserted 94 documents (duplicates skipped)
[2026-08-16T19:00:15.780Z] [syncTenant:default] Документы (20260103-425F-4044-8093-F2008B89A33B): 94 шт, last_close_date=2026-08-16T18:01:15.000+0000
[2026-08-16T19:00:17.781Z] [syncTenant:default] Цикл завершён
[2026-08-16T19:00:17.783Z] [cron] syncEngine — завершено (17738ms)
[2026-08-16T19:05:00.000Z] [cron] syncEngine — запуск...
[2026-08-16T19:05:00.002Z] [syncEngine] Тенантов активных: 1
[2026-08-16T19:05:00.002Z] Таблица 'index_documents' успешно создана или уже существует
[2026-08-16T19:05:00.003Z] Таблица 'products' успешно создана или уже существует.
[2026-08-16T19:05:00.003Z] Таблица 'shopProduct' успешно создана или уже существует.
[2026-08-16T19:05:00.003Z] Таблица 'shops' успешно создана или уже существует.
[2026-08-16T19:05:00.003Z] Таблица 'employees' успешно создана или уже существует.
[2026-08-16T19:05:12.010Z] [syncTenant:default] Цикл завершён
[2026-08-16T19:05:12.011Z] [cron] syncEngine — завершено (12011ms)
[2026-08-16T19:06:29.409Z] employeeRole: SUPERADMIN
[2026-08-16T19:06:29.500Z] Таблица 'shop_schedules' создана или уже существует.
[2026-08-16T19:06:29.503Z] Таблица 'shop_schedules' создана или уже существует.
[2026-08-16T19:06:32.126Z] [plan-for-today] План не найден, считаем из D1 продаж
[2026-08-16T19:06:32.161Z] [getAveragePlan] shop=20251229-316B-40A1-80F7-C59E5B8E6831 date=16-08-2026: 4 таких же дней недели, средние продажи = 4263, план (+5%) = 5200
[2026-08-16T19:06:32.187Z] [getAveragePlan] shop=20260103-425F-4044-8093-F2008B89A33B date=16-08-2026: 4 таких же дней недели, средние продажи = 2688, план (+5%) = 5200
[2026-08-16T19:06:32.210Z] [getAveragePlan] shop=20260103-7090-403D-8015-DE08E5B1138E date=16-08-2026: 4 таких же дней недели, средние продажи = 4113, план (+5%) = 5200
[2026-08-16T19:06:32.601Z] [getAveragePlan] shop=20251229-316B-40A1-80F7-C59E5B8E6831 date=16-08-2026: 4 таких же дней недели, средние продажи = 4263, план (+5%) = 5200
[2026-08-16T19:06:32.614Z] [getAveragePlan] shop=20260103-425F-4044-8093-F2008B89A33B date=16-08-2026: 4 таких же дней недели, средние продажи = 2688, план (+5%) = 5200
[2026-08-16T19:06:32.624Z] [getAveragePlan] shop=20260103-7090-403D-8015-DE08E5B1138E date=16-08-2026: 4 таких же дней недели, средние продажи = 4113, план (+5%) = 5200
[2026-08-16T19:06:32.679Z] Таблица 'shop_schedules' создана или уже существует.
[2026-08-16T19:06:33.933Z] [plan-for-today] План не найден, считаем из D1 продаж
[2026-08-16T19:06:33.949Z] [getAveragePlan] shop=20251229-316B-40A1-80F7-C59E5B8E6831 date=09-08-2026: 4 таких же дней недели, средние продажи = 5025, план (+5%) = 5276
[2026-08-16T19:06:33.966Z] [getAveragePlan] shop=20260103-425F-4044-8093-F2008B89A33B date=09-08-2026: 4 таких же дней недели, средние продажи = 2825, план (+5%) = 5200
[2026-08-16T19:06:33.976Z] [getAveragePlan] shop=20260103-7090-403D-8015-DE08E5B1138E date=09-08-2026: 4 таких же дней недели, средние продажи = 3138, план (+5%) = 5200
[2026-08-16T19:10:00.001Z] [cron] syncEngine — запуск...
[2026-08-16T19:10:00.006Z] [syncEngine] Тенантов активных: 1
[2026-08-16T19:10:00.006Z] Таблица 'index_documents' успешно создана или уже существует
[2026-08-16T19:10:00.006Z] Таблица 'products' успешно создана или уже существует.
[2026-08-16T19:10:00.006Z] Таблица 'shopProduct' успешно создана или уже существует.
[2026-08-16T19:10:00.006Z] Таблица 'shops' успешно создана или уже существует.
[2026-08-16T19:10:00.007Z] Таблица 'employees' успешно создана или уже существует.
[2026-08-16T19:10:01.880Z] Обработано 1364 записей в таблице products
[2026-08-16T19:10:02.192Z] Обработано 1364 записей в таблице shopProduct
[2026-08-16T19:10:02.192Z] [syncTenant:default] Товары синхронизированы по 1 магазинам
[2026-08-16T19:10:05.115Z] Обработано 1202 записей в таблице products
[2026-08-16T19:10:05.544Z] Обработано 1202 записей в таблице shopProduct
[2026-08-16T19:10:05.545Z] [syncTenant:default] Товары синхронизированы по 1 магазинам
[2026-08-16T19:10:08.801Z] Обработано 1197 записей в таблице products
[2026-08-16T19:10:09.247Z] Обработано 1197 записей в таблице shopProduct
[2026-08-16T19:10:09.247Z] [syncTenant:default] Товары синхронизированы по 1 магазинам
[2026-08-16T19:10:11.509Z] Successfully inserted 165 documents (duplicates skipped)
[2026-08-16T19:10:11.510Z] [syncTenant:default] Документы (20251229-316B-40A1-80F7-C59E5B8E6831): 165 шт, last_close_date=2026-08-16T18:00:24.000+0000
[2026-08-16T19:10:13.770Z] Successfully inserted 94 documents (duplicates skipped)
[2026-08-16T19:10:13.771Z] [syncTenant:default] Документы (20260103-425F-4044-8093-F2008B89A33B): 94 шт, last_close_date=2026-08-16T18:01:15.000+0000
[2026-08-16T19:10:15.991Z] Successfully inserted 90 documents (duplicates skipped)
[2026-08-16T19:10:15.992Z] [syncTenant:default] Документы (20260103-7090-403D-8015-DE08E5B1138E): 90 шт, last_close_date=2026-08-16T16:46:46.000+0000
[2026-08-16T19:10:17.993Z] [syncTenant:default] Цикл завершён
[2026-08-16T19:10:17.994Z] [cron] syncEngine — завершено (17993ms)
[2026-08-16T19:12:14.883Z] Таблица 'shop_schedules' создана или уже существует.
[2026-08-16T19:12:14.888Z] Таблица 'shop_schedules' создана или уже существует.
[2026-08-16T19:12:18.199Z] employeeRole: SUPERADMIN
[2026-08-16T19:15:00.002Z] [cron] syncEngine — запуск...
[2026-08-16T19:15:00.004Z] [syncEngine] Тенантов активных: 1
[2026-08-16T19:15:00.004Z] Таблица 'index_documents' успешно создана или уже существует
[2026-08-16T19:15:00.004Z] Таблица 'products' успешно создана или уже существует.
[2026-08-16T19:15:00.004Z] Таблица 'shopProduct' успешно создана или уже существует.
[2026-08-16T19:15:00.004Z] Таблица 'shops' успешно создана или уже существует.
[2026-08-16T19:15:00.005Z] Таблица 'employees' успешно создана или уже существует.
[2026-08-16T19:15:01.477Z] [syncTenant:default] Остатки синхронизированы
[2026-08-16T19:15:03.816Z] [syncTenant:default] Остатки синхронизированы
[2026-08-16T19:15:06.114Z] [syncTenant:default] Остатки синхронизированы
[2026-08-16T19:15:14.117Z] [syncTenant:default] Цикл завершён
[2026-08-16T19:15:14.118Z] [cron] syncEngine — завершено (14116ms)
[2026-08-16T19:20:00.005Z] [cron] syncEngine — запуск...
[2026-08-16T19:20:00.012Z] [syncEngine] Тенантов активных: 1
[2026-08-16T19:20:00.012Z] Таблица 'index_documents' успешно создана или уже существует
[2026-08-16T19:20:00.013Z] Таблица 'products' успешно создана или уже существует.
[2026-08-16T19:20:00.013Z] Таблица 'shopProduct' успешно создана или уже существует.
[2026-08-16T19:20:00.013Z] Таблица 'shops' успешно создана или уже существует.
[2026-08-16T19:20:00.013Z] Таблица 'employees' успешно создана или уже существует.
[2026-08-16T19:20:07.420Z] Successfully inserted 165 documents (duplicates skipped)
[2026-08-16T19:20:07.421Z] [syncTenant:default] Документы (20251229-316B-40A1-80F7-C59E5B8E6831): 165 шт, last_close_date=2026-08-16T18:00:24.000+0000
[2026-08-16T19:20:09.745Z] Successfully inserted 94 documents (duplicates skipped)
[2026-08-16T19:20:09.746Z] [syncTenant:default] Документы (20260103-425F-4044-8093-F2008B89A33B): 94 шт, last_close_date=2026-08-16T18:01:15.000+0000
[2026-08-16T19:20:12.057Z] Successfully inserted 90 documents (duplicates skipped)
[2026-08-16T19:20:12.058Z] [syncTenant:default] Документы (20260103-7090-403D-8015-DE08E5B1138E): 90 шт, last_close_date=2026-08-16T16:46:46.000+0000
[2026-08-16T19:20:14.058Z] [syncTenant:default] Цикл завершён
[2026-08-16T19:20:14.059Z] [cron] syncEngine — завершено (14054ms)
[2026-08-16T19:25:00.001Z] [cron] syncEngine — запуск...
[2026-08-16T19:25:00.003Z] [syncEngine] Тенантов активных: 1
[2026-08-16T19:25:00.004Z] Таблица 'index_documents' успешно создана или уже существует
[2026-08-16T19:25:00.004Z] Таблица 'products' успешно создана или уже существует.
[2026-08-16T19:25:00.004Z] Таблица 'shopProduct' успешно создана или уже существует.
[2026-08-16T19:25:00.004Z] Таблица 'shops' успешно создана или уже существует.
[2026-08-16T19:25:00.004Z] Таблица 'employees' успешно создана или уже существует.
[2026-08-16T19:25:02.968Z] Синхронизировано магазинов: 3
[2026-08-16T19:25:02.969Z] [syncTenant:default] Магазинов: 3
[2026-08-16T19:25:03.096Z] Синхронизировано сотрудников: 9
[2026-08-16T19:25:03.098Z] [syncTenant:default] Сотрудников: 9
[2026-08-16T19:25:03.686Z] [syncTenant:default] Терминалов: 3
[2026-08-16T19:25:12.437Z] Successfully inserted 165 documents (duplicates skipped)
[2026-08-16T19:25:12.439Z] [syncTenant:default] Документы (20251229-316B-40A1-80F7-C59E5B8E6831): 165 шт, last_close_date=2026-08-16T18:00:24.000+0000
[2026-08-16T19:25:14.726Z] Successfully inserted 90 documents (duplicates skipped)
[2026-08-16T19:25:14.727Z] [syncTenant:default] Документы (20260103-7090-403D-8015-DE08E5B1138E): 90 шт, last_close_date=2026-08-16T16:46:46.000+0000
[2026-08-16T19:25:17.076Z] Successfully inserted 94 documents (duplicates skipped)
[2026-08-16T19:25:17.077Z] [syncTenant:default] Документы (20260103-425F-4044-8093-F2008B89A33B): 94 шт, last_close_date=2026-08-16T18:01:15.000+0000
[2026-08-16T19:25:19.078Z] [syncTenant:default] Цикл завершён
[2026-08-16T19:25:19.079Z] [cron] syncEngine — завершено (19078ms)
[2026-08-16T19:30:00.014Z] [cron] syncEngine — запуск...
[2026-08-16T19:30:00.022Z] [syncEngine] Тенантов активных: 1
[2026-08-16T19:30:00.022Z] Таблица 'index_documents' успешно создана или уже существует
[2026-08-16T19:30:00.023Z] Таблица 'products' успешно создана или уже существует.
[2026-08-16T19:30:00.023Z] Таблица 'shopProduct' успешно создана или уже существует.
[2026-08-16T19:30:00.023Z] Таблица 'shops' успешно создана или уже существует.
[2026-08-16T19:30:00.023Z] Таблица 'employees' успешно создана или уже существует.
[2026-08-16T19:30:12.031Z] [syncTenant:default] Цикл завершён
[2026-08-16T19:30:12.032Z] [cron] syncEngine — завершено (12018ms)
[2026-08-16T19:35:00.001Z] [cron] syncEngine — запуск...
[2026-08-16T19:35:00.003Z] [syncEngine] Тенантов активных: 1
[2026-08-16T19:35:00.003Z] Таблица 'index_documents' успешно создана или уже существует
[2026-08-16T19:35:00.003Z] Таблица 'products' успешно создана или уже существует.
[2026-08-16T19:35:00.003Z] Таблица 'shopProduct' успешно создана или уже существует.
[2026-08-16T19:35:00.003Z] Таблица 'shops' успешно создана или уже существует.
[2026-08-16T19:35:00.004Z] Таблица 'employees' успешно создана или уже существует.
[2026-08-16T19:35:09.322Z] Successfully inserted 165 documents (duplicates skipped)
[2026-08-16T19:35:09.324Z] [syncTenant:default] Документы (20251229-316B-40A1-80F7-C59E5B8E6831): 165 шт, last_close_date=2026-08-16T18:00:24.000+0000
[2026-08-16T19:35:11.546Z] Successfully inserted 94 documents (duplicates skipped)
[2026-08-16T19:35:11.547Z] [syncTenant:default] Документы (20260103-425F-4044-8093-F2008B89A33B): 94 шт, last_close_date=2026-08-16T18:01:15.000+0000
[2026-08-16T19:35:13.774Z] Successfully inserted 90 documents (duplicates skipped)
[2026-08-16T19:35:13.775Z] [syncTenant:default] Документы (20260103-7090-403D-8015-DE08E5B1138E): 90 шт, last_close_date=2026-08-16T16:46:46.000+0000
[2026-08-16T19:35:15.776Z] [syncTenant:default] Цикл завершён
[2026-08-16T19:35:15.777Z] [cron] syncEngine — завершено (15776ms)
[2026-08-16T19:35:16.333Z] employeeRole: SUPERADMIN
[2026-08-16T19:35:33.562Z] employeeRole: SUPERADMIN
[2026-08-17T05:00:00.000Z] [cron] syncEngine — запуск...
[2026-08-17T05:00:00.006Z] [syncEngine] Тенантов активных: 1
[2026-08-17T05:00:00.006Z] Таблица 'index_documents' успешно создана или уже существует
[2026-08-17T05:00:00.006Z] Таблица 'products' успешно создана или уже существует.
[2026-08-17T05:00:00.006Z] Таблица 'shopProduct' успешно создана или уже существует.
[2026-08-17T05:00:00.006Z] Таблица 'shops' успешно создана или уже существует.
[2026-08-17T05:00:00.007Z] Таблица 'employees' успешно создана или уже существует.
[2026-08-17T05:00:00.748Z] Синхронизировано магазинов: 3
[2026-08-17T05:00:00.748Z] [syncTenant:default] Магазинов: 3
[2026-08-17T05:00:00.904Z] Синхронизировано сотрудников: 9
[2026-08-17T05:00:00.904Z] [syncTenant:default] Сотрудников: 9
[2026-08-17T05:00:01.400Z] [syncTenant:default] Терминалов: 3
[2026-08-17T05:00:02.684Z] Обработано 1364 записей в таблице products
[2026-08-17T05:00:03.157Z] Обработано 1364 записей в таблице shopProduct
[2026-08-17T05:00:03.158Z] [syncTenant:default] Товары синхронизированы по 1 магазинам
[2026-08-17T05:00:03.563Z] [syncTenant:default] Остатки синхронизированы
[2026-08-17T05:00:06.589Z] Обработано 1197 записей в таблице products
[2026-08-17T05:00:08.388Z] Обработано 1197 записей в таблице shopProduct
[2026-08-17T05:00:08.391Z] [syncTenant:default] Товары синхронизированы по 1 магазинам
[2026-08-17T05:00:08.666Z] [syncTenant:default] Остатки синхронизированы
[2026-08-17T05:00:11.541Z] Обработано 1202 записей в таблице products
[2026-08-17T05:00:12.020Z] Обработано 1202 записей в таблице shopProduct
[2026-08-17T05:00:12.021Z] [syncTenant:default] Товары синхронизированы по 1 магазинам
[2026-08-17T05:00:12.517Z] [syncTenant:default] Остатки синхронизированы
[2026-08-17T05:00:14.764Z] Successfully inserted 84 documents (duplicates skipped)
[2026-08-17T05:00:14.765Z] [syncTenant:default] Документы (20251229-316B-40A1-80F7-C59E5B8E6831): 84 шт, last_close_date=2026-08-16T18:00:24.000+0000
[2026-08-17T05:00:17.022Z] Successfully inserted 39 documents (duplicates skipped)
[2026-08-17T05:00:17.023Z] [syncTenant:default] Документы (20260103-7090-403D-8015-DE08E5B1138E): 39 шт, last_close_date=2026-08-16T16:46:46.000+0000
[2026-08-17T05:00:19.279Z] Successfully inserted 45 documents (duplicates skipped)
[2026-08-17T05:00:19.280Z] [syncTenant:default] Документы (20260103-425F-4044-8093-F2008B89A33B): 45 шт, last_close_date=2026-08-17T04:50:30.000+0000
[2026-08-17T05:00:21.281Z] [syncTenant:default] Цикл завершён
[2026-08-17T05:00:21.283Z] [cron] syncEngine — завершено (21283ms)
[2026-08-17T05:05:00.001Z] [cron] syncEngine — запуск...
[2026-08-17T05:05:00.003Z] [syncEngine] Тенантов активных: 1
[2026-08-17T05:05:00.003Z] Таблица 'index_documents' успешно создана или уже существует
[2026-08-17T05:05:00.003Z] Таблица 'products' успешно создана или уже существует.
[2026-08-17T05:05:00.003Z] Таблица 'shopProduct' успешно создана или уже существует.
[2026-08-17T05:05:00.004Z] Таблица 'shops' успешно создана или уже существует.
[2026-08-17T05:05:00.004Z] Таблица 'employees' успешно создана или уже существует.
[2026-08-17T05:05:12.009Z] [syncTenant:default] Цикл завершён
[2026-08-17T05:05:12.010Z] [cron] syncEngine — завершено (12009ms)
[2026-08-17T05:06:15.511Z] employeeRole: SUPERADMIN
[2026-08-17T05:19:19.834Z] employeeRole: SUPERADMIN
[2026-08-17T05:20:00.016Z] [cron] syncEngine — запуск...
[2026-08-17T05:20:00.020Z] [syncEngine] Тенантов активных: 1
[2026-08-17T05:20:00.021Z] Таблица 'index_documents' успешно создана или уже существует
[2026-08-17T05:20:00.021Z] Таблица 'products' успешно создана или уже существует.
[2026-08-17T05:20:00.021Z] Таблица 'shopProduct' успешно создана или уже существует.
[2026-08-17T05:20:00.021Z] Таблица 'shops' успешно создана или уже существует.
[2026-08-17T05:20:00.021Z] Таблица 'employees' успешно создана или уже существует.
[2026-08-17T05:20:06.871Z] Successfully inserted 88 documents (duplicates skipped)
[2026-08-17T05:20:06.872Z] [syncTenant:default] Документы (20251229-316B-40A1-80F7-C59E5B8E6831): 88 шт, last_close_date=2026-08-17T05:19:24.000+0000
[2026-08-17T05:20:09.103Z] Successfully inserted 49 documents (duplicates skipped)
[2026-08-17T05:20:09.112Z] [syncTenant:default] Документы (20260103-425F-4044-8093-F2008B89A33B): 49 шт, last_close_date=2026-08-17T05:18:08.000+0000
[2026-08-17T05:20:11.368Z] Successfully inserted 39 documents (duplicates skipped)
[2026-08-17T05:20:11.369Z] [syncTenant:default] Документы (20260103-7090-403D-8015-DE08E5B1138E): 39 шт, last_close_date=2026-08-16T16:46:46.000+0000
[2026-08-17T05:20:13.371Z] [syncTenant:default] Цикл завершён
[2026-08-17T05:20:13.372Z] [cron] syncEngine — завершено (13356ms)
[2026-08-17T06:00:00.001Z] [cron] syncEngine — запуск...
[2026-08-17T06:00:00.006Z] [syncEngine] Тенантов активных: 1
[2026-08-17T06:00:00.007Z] Таблица 'index_documents' успешно создана или уже существует
[2026-08-17T06:00:00.007Z] Таблица 'products' успешно создана или уже существует.
[2026-08-17T06:00:00.007Z] Таблица 'shopProduct' успешно создана или уже существует.
[2026-08-17T06:00:00.007Z] Таблица 'shops' успешно создана или уже существует.
[2026-08-17T06:00:00.007Z] Таблица 'employees' успешно создана или уже существует.
[2026-08-17T06:00:01.262Z] Синхронизировано магазинов: 3
[2026-08-17T06:00:01.264Z] [syncTenant:default] Магазинов: 3
[2026-08-17T06:00:01.420Z] Синхронизировано сотрудников: 9
[2026-08-17T06:00:01.421Z] [syncTenant:default] Сотрудников: 9
[2026-08-17T06:00:02.029Z] [syncTenant:default] Терминалов: 3
[2026-08-17T06:00:03.245Z] Обработано 1364 записей в таблице products
[2026-08-17T06:00:03.684Z] Обработано 1364 записей в таблице shopProduct
[2026-08-17T06:00:03.685Z] [syncTenant:default] Товары синхронизированы по 1 магазинам
[2026-08-17T06:00:04.226Z] [syncTenant:default] Остатки синхронизированы
[2026-08-17T06:00:07.094Z] Обработано 1197 записей в таблице products
[2026-08-17T06:00:07.501Z] Обработано 1197 записей в таблице shopProduct
[2026-08-17T06:00:07.502Z] [syncTenant:default] Товары синхронизированы по 1 магазинам
[2026-08-17T06:00:08.027Z] [syncTenant:default] Остатки синхронизированы
[2026-08-17T06:00:10.932Z] Обработано 1202 записей в таблице products
[2026-08-17T06:00:11.294Z] Обработано 1202 записей в таблице shopProduct
[2026-08-17T06:00:11.295Z] [syncTenant:default] Товары синхронизированы по 1 магазинам
[2026-08-17T06:00:11.819Z] [syncTenant:default] Остатки синхронизированы
[2026-08-17T06:00:14.162Z] Successfully inserted 98 documents (duplicates skipped)
[2026-08-17T06:00:14.163Z] [syncTenant:default] Документы (20251229-316B-40A1-80F7-C59E5B8E6831): 98 шт, last_close_date=2026-08-17T05:59:01.000+0000
[2026-08-17T06:00:16.452Z] Successfully inserted 39 documents (duplicates skipped)
[2026-08-17T06:00:16.453Z] [syncTenant:default] Документы (20260103-7090-403D-8015-DE08E5B1138E): 39 шт, last_close_date=2026-08-16T16:46:46.000+0000
[2026-08-17T06:00:18.676Z] Successfully inserted 59 documents (duplicates skipped)
[2026-08-17T06:00:18.677Z] [syncTenant:default] Документы (20260103-425F-4044-8093-F2008B89A33B): 59 шт, last_close_date=2026-08-17T05:53:12.000+0000
[2026-08-17T06:00:20.677Z] [syncTenant:default] Цикл завершён
[2026-08-17T06:00:20.678Z] [cron] syncEngine — завершено (20677ms)
[2026-08-17T06:04:13.970Z] employeeRole: SUPERADMIN
[2026-08-17T06:05:00.007Z] [cron] syncEngine — запуск...
[2026-08-17T06:05:00.008Z] [syncEngine] Тенантов активных: 1
[2026-08-17T06:05:00.009Z] Таблица 'index_documents' успешно создана или уже существует
[2026-08-17T06:05:00.009Z] Таблица 'products' успешно создана или уже существует.
[2026-08-17T06:05:00.009Z] Таблица 'shopProduct' успешно создана или уже существует.
[2026-08-17T06:05:00.009Z] Таблица 'shops' успешно создана или уже существует.
[2026-08-17T06:05:00.009Z] Таблица 'employees' успешно создана или уже существует.
[2026-08-17T06:05:12.016Z] [syncTenant:default] Цикл завершён
[2026-08-17T06:05:12.017Z] [cron] syncEngine — завершено (12010ms)
[2026-08-17T06:10:00.001Z] [cron] syncEngine — запуск...
[2026-08-17T06:10:00.006Z] [syncEngine] Тенантов активных: 1
[2026-08-17T06:10:00.007Z] Таблица 'index_documents' успешно создана или уже существует
[2026-08-17T06:10:00.007Z] Таблица 'products' успешно создана или уже существует.
[2026-08-17T06:10:00.007Z] Таблица 'shopProduct' успешно создана или уже существует.
[2026-08-17T06:10:00.007Z] Таблица 'shops' успешно создана или уже существует.
[2026-08-17T06:10:00.007Z] Таблица 'employees' успешно создана или уже существует.
[2026-08-17T06:10:08.424Z] Successfully inserted 98 documents (duplicates skipped)
[2026-08-17T06:10:08.425Z] [syncTenant:default] Документы (20251229-316B-40A1-80F7-C59E5B8E6831): 98 шт, last_close_date=2026-08-17T05:59:01.000+0000
[2026-08-17T06:10:10.907Z] Successfully inserted 61 documents (duplicates skipped)
[2026-08-17T06:10:10.907Z] [syncTenant:default] Документы (20260103-425F-4044-8093-F2008B89A33B): 61 шт, last_close_date=2026-08-17T06:02:07.000+0000
[2026-08-17T06:10:13.216Z] Successfully inserted 39 documents (duplicates skipped)
[2026-08-17T06:10:13.217Z] [syncTenant:default] Документы (20260103-7090-403D-8015-DE08E5B1138E): 39 шт, last_close_date=2026-08-16T16:46:46.000+0000
[2026-08-17T06:10:15.218Z] [syncTenant:default] Цикл завершён
[2026-08-17T06:10:15.219Z] [cron] syncEngine — завершено (15218ms)
[2026-08-17T06:15:00.001Z] [cron] syncEngine — запуск...
[2026-08-17T06:15:00.002Z] [syncEngine] Тенантов активных: 1
[2026-08-17T06:15:00.003Z] Таблица 'index_documents' успешно создана или уже существует
[2026-08-17T06:15:00.003Z] Таблица 'products' успешно создана или уже существует.
[2026-08-17T06:15:00.003Z] Таблица 'shopProduct' успешно создана или уже существует.
[2026-08-17T06:15:00.003Z] Таблица 'shops' успешно создана или уже существует.
[2026-08-17T06:15:00.003Z] Таблица 'employees' успешно создана или уже существует.
[2026-08-17T06:15:12.013Z] [syncTenant:default] Цикл завершён
[2026-08-17T06:15:12.015Z] [cron] syncEngine — завершено (12014ms)
[2026-08-17T06:15:28.401Z] employeeRole: SUPERADMIN
[2026-08-17T06:15:47.448Z] Таблица 'shop_schedules' создана или уже существует.
[2026-08-17T06:15:47.452Z] Таблица 'shop_schedules' создана или уже существует.
[2026-08-17T06:17:21.151Z] Таблица 'shop_schedules' создана или уже существует.
[2026-08-17T06:17:21.155Z] Таблица 'shop_schedules' создана или уже существует.
[2026-08-17T06:17:58.174Z] employeeRole: SUPERADMIN
[2026-08-17T06:17:58.201Z] Таблица 'shop_schedules' создана или уже существует.
[2026-08-17T06:17:58.209Z] Таблица 'shop_schedules' создана или уже существует.
[2026-08-17T06:18:00.414Z] employeeRole: SUPERADMIN
[2026-08-17T06:18:00.437Z] Таблица 'shop_schedules' создана или уже существует.
[2026-08-17T06:18:00.441Z] Таблица 'shop_schedules' создана или уже существует.
[2026-08-17T06:18:14.574Z] 🚀 Запуск локального сервера на http://localhost:3000
[2026-08-17T06:18:14.574Z]    БД: ./data/local.db
[2026-08-17T06:18:14.574Z]    Файлы: ./data/storage/
[2026-08-17T06:18:14.574Z]    Логи: ./data/logs/
[2026-08-17T06:18:14.576Z] ✅ Сервер слушает порт 3000
[2026-08-17T06:18:14.596Z] [cron] Планировщик запущен:
[2026-08-17T06:18:14.597Z]   syncEngine          — каждые 5 минут (все тенанты, все ресурсы)
[2026-08-17T06:18:14.597Z]     documents — 5 мин | meta — 20 мин | products — 25 мин | stock — 30 мин
[2026-08-17T06:18:14.597Z]   updatePlans         — каждый день в 01:00
[2026-08-17T06:18:14.597Z]   updateSalesByPlan   — каждый день в 01:00
[2026-08-17T06:18:14.597Z]   calcSalary          — каждый день в 01:00
[2026-08-17T06:18:16.578Z] [cron] первичная синхронизация (syncEngine) — запуск...
[2026-08-17T06:18:16.586Z] [syncEngine] Тенантов активных: 1
[2026-08-17T06:18:16.586Z] Таблица 'index_documents' успешно создана или уже существует
[2026-08-17T06:18:16.587Z] [migration] Запуск миграций...
[2026-08-17T06:18:16.588Z] [migration] employees.tenant_id — добавлена
[2026-08-17T06:18:16.589Z] [migration] shops.tenant_id — добавлена
[2026-08-17T06:18:16.589Z] [migration] Миграции завершены.
[2026-08-17T06:18:16.589Z] Таблица 'products' успешно создана или уже существует.
[2026-08-17T06:18:16.589Z] Таблица 'shopProduct' успешно создана или уже существует.
[2026-08-17T06:18:16.590Z] Таблица 'shops' успешно создана или уже существует.
[2026-08-17T06:18:16.590Z] Таблица 'employees' успешно создана или уже существует.
[2026-08-17T06:18:20.688Z] Таблица 'index_documents' успешно создана или уже существует
[2026-08-17T06:18:20.689Z] Таблица 'products' успешно создана или уже существует.
[2026-08-17T06:18:20.689Z] [migration] product_cost_prices v2 (SCD Type 2) — таблица готова
[2026-08-17T06:18:20.694Z] Таблица 'shops' успешно создана или уже существует.
[2026-08-17T06:18:20.694Z] Таблица 'employees' успешно создана или уже существует.
[2026-08-17T06:18:26.924Z] Successfully inserted 101 documents (duplicates skipped)
[2026-08-17T06:18:26.926Z] [syncTenant:default] Документы (20251229-316B-40A1-80F7-C59E5B8E6831): 101 шт, last_close_date=2026-08-17T06:15:10.000+0000
[2026-08-17T06:18:29.578Z] [startup] Расчет планов и зарплат...
[2026-08-17T06:18:29.578Z] [cron] План продаж — запуск...
[2026-08-17T06:18:29.578Z] Старт функции updatePlan
[2026-08-17T06:18:29.579Z] Дата для плана: 17-08-2026
[2026-08-17T06:18:29.579Z] Получены UUID товаров: 0 шт.
[2026-08-17T06:18:29.637Z] Successfully inserted 61 documents (duplicates skipped)
[2026-08-17T06:18:29.637Z] [syncTenant:default] Документы (20260103-425F-4044-8093-F2008B89A33B): 61 шт, last_close_date=2026-08-17T06:02:07.000+0000
[2026-08-17T06:18:32.012Z] Successfully inserted 39 documents (duplicates skipped)
[2026-08-17T06:18:32.013Z] [syncTenant:default] Документы (20260103-7090-403D-8015-DE08E5B1138E): 39 шт, last_close_date=2026-08-16T16:46:46.000+0000
[2026-08-17T06:18:34.014Z] [syncTenant:default] Цикл завершён
[2026-08-17T06:18:34.015Z] [cron] первичная синхронизация (syncEngine) — завершено (17437ms)
[2026-08-17T06:18:39.267Z] Получено записей плана: 3
[2026-08-17T06:18:39.270Z] План обновлён: 3 магазинов за 17-08-2026
[2026-08-17T06:18:39.271Z] Обновление базы данных плана завершено успешно
[2026-08-17T06:18:39.271Z] [cron] План продаж — завершено (9693ms)
[2026-08-17T06:18:39.271Z] [cron] Продажи по плану — запуск...
[2026-08-17T06:18:39.271Z] Таблица 'SaleByPlan' успешно создана или уже существует.
[2026-08-17T06:18:39.271Z] Initialized dates: [object Object]
[2026-08-17T06:18:39.290Z] Данные SaleByPlan обновлены.
[2026-08-17T06:18:39.298Z] Данные SaleByPlan обновлены.
[2026-08-17T06:18:39.308Z] Данные SaleByPlan обновлены.
[2026-08-17T06:18:39.308Z] Final sales data: [object Object]
[2026-08-17T06:18:39.309Z] [cron] Продажи по плану — завершено (38ms)
[2026-08-17T06:18:39.309Z] [cron] Зарплата — запуск...
[2026-08-17T06:18:39.310Z] Accessories UUIDs: 
[2026-08-17T06:18:39.310Z] Salary and bonus: 
[2026-08-17T06:18:39.577Z] [cron] Telegram-алерты — запуск...
[2026-08-17T06:18:39.578Z] [alerts] Telegram not configured, skipping
[2026-08-17T06:18:39.578Z] [cron] Telegram-алерты — завершено (1ms)
[2026-08-17T06:18:46.312Z] Salary report: [object Object]
[2026-08-17T06:18:46.313Z] Таблица 'salaryData' успешно создана или уже существует.
[2026-08-17T06:18:46.314Z] Данные сохранены в таблицу salaryData.
[2026-08-17T06:18:53.314Z] Salary report: [object Object]
[2026-08-17T06:18:53.318Z] Таблица 'salaryData' успешно создана или уже существует.
[2026-08-17T06:18:53.318Z] Данные сохранены в таблицу salaryData.
[2026-08-17T06:19:00.319Z] Salary report: [object Object]
[2026-08-17T06:19:00.319Z] Таблица 'salaryData' успешно создана или уже существует.
[2026-08-17T06:19:00.320Z] Данные сохранены в таблицу salaryData.
[2026-08-17T06:19:00.320Z] [cron] Зарплата — завершено (21011ms)
[2026-08-17T06:19:00.320Z] [startup] Планы и зарплаты — готово
[2026-08-17T06:20:00.002Z] [cron] syncEngine — запуск...
[2026-08-17T06:20:00.004Z] [syncEngine] Тенантов активных: 1
[2026-08-17T06:20:00.004Z] Таблица 'index_documents' успешно создана или уже существует
[2026-08-17T06:20:00.005Z] Таблица 'products' успешно создана или уже существует.
[2026-08-17T06:20:00.005Z] Таблица 'shopProduct' успешно создана или уже существует.
[2026-08-17T06:20:00.005Z] Таблица 'shops' успешно создана или уже существует.
[2026-08-17T06:20:00.005Z] Таблица 'employees' успешно создана или уже существует.
[2026-08-17T06:20:12.014Z] [syncTenant:default] Цикл завершён
[2026-08-17T06:20:12.014Z] [cron] syncEngine — завершено (12012ms)
[2026-08-17T06:20:36.445Z] employeeRole: SUPERADMIN
[2026-08-17T06:20:36.485Z] Таблица 'shop_schedules' создана или уже существует.
[2026-08-17T06:20:36.491Z] Таблица 'shop_schedules' создана или уже существует.
[2026-08-17T06:23:27.337Z] employeeRole: SUPERADMIN
[2026-08-17T06:23:27.360Z] Таблица 'shop_schedules' создана или уже существует.
[2026-08-17T06:23:27.362Z] Таблица 'shop_schedules' создана или уже существует.
[2026-08-17T06:28:12.876Z] 🚀 Запуск локального сервера на http://localhost:3000
[2026-08-17T06:28:12.877Z]    БД: ./data/local.db
[2026-08-17T06:28:12.878Z]    Файлы: ./data/storage/
[2026-08-17T06:28:12.878Z]    Логи: ./data/logs/
[2026-08-17T06:28:12.879Z] ✅ Сервер слушает порт 3000
[2026-08-17T06:28:12.888Z] [cron] Планировщик запущен:
[2026-08-17T06:28:12.889Z]   syncEngine          — каждые 5 минут (все тенанты, все ресурсы)
[2026-08-17T06:28:12.889Z]     documents — 5 мин | meta — 20 мин | products — 25 мин | stock — 30 мин
[2026-08-17T06:28:12.889Z]   updatePlans         — каждый день в 01:00
[2026-08-17T06:28:12.889Z]   updateSalesByPlan   — каждый день в 01:00
[2026-08-17T06:28:12.889Z]   calcSalary          — каждый день в 01:00
[2026-08-17T06:28:14.882Z] [cron] первичная синхронизация (syncEngine) — запуск...
[2026-08-17T06:28:14.888Z] [syncEngine] Тенантов активных: 1
[2026-08-17T06:28:14.890Z] Таблица 'index_documents' успешно создана или уже существует
[2026-08-17T06:28:14.890Z] [migration] Запуск миграций...
[2026-08-17T06:28:14.891Z] [migration] Миграции завершены.
[2026-08-17T06:28:14.892Z] Таблица 'products' успешно создана или уже существует.
[2026-08-17T06:28:14.892Z] Таблица 'shopProduct' успешно создана или уже существует.
[2026-08-17T06:28:14.892Z] Таблица 'shops' успешно создана или уже существует.
[2026-08-17T06:28:14.892Z] Таблица 'employees' успешно создана или уже существует.
[2026-08-17T06:28:17.713Z] Синхронизировано магазинов: 3
[2026-08-17T06:28:17.714Z] [syncTenant:default] Магазинов: 3
[2026-08-17T06:28:18.067Z] Синхронизировано сотрудников: 9
[2026-08-17T06:28:18.068Z] [syncTenant:default] Сотрудников: 9
[2026-08-17T06:28:19.056Z] [syncTenant:default] Терминалов: 3
[2026-08-17T06:28:20.529Z] Обработано 1364 записей в таблице products
[2026-08-17T06:28:21.095Z] Обработано 1364 записей в таблице shopProduct
[2026-08-17T06:28:21.096Z] [syncTenant:default] Товары синхронизированы по 1 магазинам
[2026-08-17T06:28:22.065Z] Таблица 'index_documents' успешно создана или уже существует
[2026-08-17T06:28:22.066Z] Таблица 'products' успешно создана или уже существует.
[2026-08-17T06:28:22.066Z] [migration] product_cost_prices v2 (SCD Type 2) — таблица готова
[2026-08-17T06:28:22.068Z] Таблица 'shops' успешно создана или уже существует.
[2026-08-17T06:28:22.069Z] Таблица 'employees' успешно создана или уже существует.
[2026-08-17T06:28:24.084Z] Обработано 1197 записей в таблице products
[2026-08-17T06:28:24.660Z] Обработано 1197 записей в таблице shopProduct
[2026-08-17T06:28:24.661Z] [syncTenant:default] Товары синхронизированы по 1 магазинам
[2026-08-17T06:28:27.880Z] [startup] Расчет планов и зарплат...
[2026-08-17T06:28:27.882Z] [cron] План продаж — запуск...
[2026-08-17T06:28:27.882Z] Старт функции updatePlan
[2026-08-17T06:28:27.883Z] Дата для плана: 17-08-2026
[2026-08-17T06:28:27.883Z] Получены UUID товаров: 0 шт.
[2026-08-17T06:28:28.102Z] Обработано 1202 записей в таблице products
[2026-08-17T06:28:28.506Z] Обработано 1202 записей в таблице shopProduct
[2026-08-17T06:28:28.507Z] [syncTenant:default] Товары синхронизированы по 1 магазинам
[2026-08-17T06:28:30.904Z] Successfully inserted 106 documents (duplicates skipped)
[2026-08-17T06:28:30.907Z] [syncTenant:default] Документы (20251229-316B-40A1-80F7-C59E5B8E6831): 106 шт, last_close_date=2026-08-17T06:26:58.000+0000
[2026-08-17T06:28:33.403Z] Successfully inserted 39 documents (duplicates skipped)
[2026-08-17T06:28:33.407Z] [syncTenant:default] Документы (20260103-7090-403D-8015-DE08E5B1138E): 39 шт, last_close_date=2026-08-16T16:46:46.000+0000
[2026-08-17T06:28:33.690Z] Получено записей плана: 3
[2026-08-17T06:28:33.691Z] План обновлён: 3 магазинов за 17-08-2026
[2026-08-17T06:28:33.691Z] Обновление базы данных плана завершено успешно
[2026-08-17T06:28:33.691Z] [cron] План продаж — завершено (5809ms)
[2026-08-17T06:28:33.691Z] [cron] Продажи по плану — запуск...
[2026-08-17T06:28:33.692Z] Таблица 'SaleByPlan' успешно создана или уже существует.
[2026-08-17T06:28:33.692Z] Initialized dates: [object Object]
[2026-08-17T06:28:33.710Z] Данные SaleByPlan обновлены.
[2026-08-17T06:28:33.719Z] Данные SaleByPlan обновлены.
[2026-08-17T06:28:33.724Z] Данные SaleByPlan обновлены.
[2026-08-17T06:28:33.724Z] Final sales data: [object Object]
[2026-08-17T06:28:33.724Z] [cron] Продажи по плану — завершено (33ms)
[2026-08-17T06:28:33.724Z] [cron] Зарплата — запуск...
[2026-08-17T06:28:33.725Z] Accessories UUIDs: 
[2026-08-17T06:28:33.725Z] Salary and bonus: 
[2026-08-17T06:28:35.653Z] Successfully inserted 63 documents (duplicates skipped)
[2026-08-17T06:28:35.654Z] [syncTenant:default] Документы (20260103-425F-4044-8093-F2008B89A33B): 63 шт, last_close_date=2026-08-17T06:23:22.000+0000
[2026-08-17T06:28:37.655Z] [syncTenant:default] Цикл завершён
[2026-08-17T06:28:37.656Z] [cron] первичная синхронизация (syncEngine) — завершено (22774ms)
[2026-08-17T06:28:37.879Z] [cron] Telegram-алерты — запуск...
[2026-08-17T06:28:37.879Z] [alerts] Telegram not configured, skipping
[2026-08-17T06:28:37.879Z] [cron] Telegram-алерты — завершено (1ms)
[2026-08-17T06:28:40.728Z] Salary report: [object Object]
[2026-08-17T06:28:40.729Z] Таблица 'salaryData' успешно создана или уже существует.
[2026-08-17T06:28:40.729Z] Данные сохранены в таблицу salaryData.
[2026-08-17T06:28:47.731Z] Salary report: [object Object]
[2026-08-17T06:28:47.733Z] Таблица 'salaryData' успешно создана или уже существует.
[2026-08-17T06:28:47.733Z] Данные сохранены в таблицу salaryData.
[2026-08-17T06:28:54.734Z] Salary report: [object Object]
[2026-08-17T06:28:54.735Z] Таблица 'salaryData' успешно создана или уже существует.
[2026-08-17T06:28:54.735Z] Данные сохранены в таблицу salaryData.
[2026-08-17T06:28:54.736Z] [cron] Зарплата — завершено (21012ms)
[2026-08-17T06:28:54.736Z] [startup] Планы и зарплаты — готово
[2026-08-17T06:50:01.285Z] 🚀 Запуск локального сервера на http://localhost:3000
[2026-08-17T06:50:01.285Z]    БД: ./data/local.db
[2026-08-17T06:50:01.285Z]    Файлы: ./data/storage/
[2026-08-17T06:50:01.285Z]    Логи: ./data/logs/
[2026-08-17T06:50:01.287Z] ✅ Сервер слушает порт 3000
[2026-08-17T06:50:01.296Z] [cron] Планировщик запущен:
[2026-08-17T06:50:01.296Z]   syncEngine          — каждые 5 минут (все тенанты, все ресурсы)
[2026-08-17T06:50:01.296Z]     documents — 5 мин | meta — 20 мин | products — 25 мин | stock — 30 мин
[2026-08-17T06:50:01.296Z]   updatePlans         — каждый день в 01:00
[2026-08-17T06:50:01.296Z]   updateSalesByPlan   — каждый день в 01:00
[2026-08-17T06:50:01.296Z]   calcSalary          — каждый день в 01:00
[2026-08-17T06:50:03.288Z] [cron] первичная синхронизация (syncEngine) — запуск...
[2026-08-17T06:50:03.290Z] [syncEngine] Тенантов активных: 1
[2026-08-17T06:50:03.290Z] Таблица 'index_documents' успешно создана или уже существует
[2026-08-17T06:50:03.291Z] [migration] Запуск миграций...
[2026-08-17T06:50:03.291Z] [migration] Миграции завершены.
[2026-08-17T06:50:03.291Z] Таблица 'products' успешно создана или уже существует.
[2026-08-17T06:50:03.291Z] Таблица 'shopProduct' успешно создана или уже существует.
[2026-08-17T06:50:03.292Z] Таблица 'shops' успешно создана или уже существует.
[2026-08-17T06:50:03.292Z] Таблица 'employees' успешно создана или уже существует.
[2026-08-17T06:50:05.006Z] Синхронизировано магазинов: 3
[2026-08-17T06:50:05.007Z] [syncTenant:default] Магазинов: 3
[2026-08-17T06:50:05.171Z] Синхронизировано сотрудников: 9
[2026-08-17T06:50:05.171Z] [syncTenant:default] Сотрудников: 9
[2026-08-17T06:50:05.663Z] [syncTenant:default] Терминалов: 3
[2026-08-17T06:50:06.397Z] [syncTenant:default] Остатки синхронизированы
[2026-08-17T06:50:08.782Z] [syncTenant:default] Остатки синхронизированы
[2026-08-17T06:50:11.071Z] [syncTenant:default] Остатки синхронизированы
[2026-08-17T06:50:13.339Z] Successfully inserted 106 documents (duplicates skipped)
[2026-08-17T06:50:13.340Z] [syncTenant:default] Документы (20251229-316B-40A1-80F7-C59E5B8E6831): 106 шт, last_close_date=2026-08-17T06:26:58.000+0000
[2026-08-17T06:50:15.559Z] Successfully inserted 40 documents (duplicates skipped)
[2026-08-17T06:50:15.560Z] [syncTenant:default] Документы (20260103-7090-403D-8015-DE08E5B1138E): 40 шт, last_close_date=2026-08-17T06:39:23.000+0000
[2026-08-17T06:50:16.288Z] [startup] Расчет планов и зарплат...
[2026-08-17T06:50:16.291Z] [cron] План продаж — запуск...
[2026-08-17T06:50:16.292Z] Старт функции updatePlan
[2026-08-17T06:50:16.292Z] Дата для плана: 17-08-2026
[2026-08-17T06:50:16.293Z] Получены UUID товаров: 0 шт.
[2026-08-17T06:50:18.452Z] Successfully inserted 63 documents (duplicates skipped)
[2026-08-17T06:50:18.454Z] [syncTenant:default] Документы (20260103-425F-4044-8093-F2008B89A33B): 63 шт, last_close_date=2026-08-17T06:23:22.000+0000
[2026-08-17T06:50:20.221Z] Таблица 'index_documents' успешно создана или уже существует
[2026-08-17T06:50:20.222Z] Таблица 'products' успешно создана или уже существует.
[2026-08-17T06:50:20.222Z] [migration] product_cost_prices v2 (SCD Type 2) — таблица готова
[2026-08-17T06:50:20.223Z] Таблица 'shops' успешно создана или уже существует.
[2026-08-17T06:50:20.223Z] Таблица 'employees' успешно создана или уже существует.
[2026-08-17T06:50:20.302Z] Получено записей плана: 3
[2026-08-17T06:50:20.303Z] План обновлён: 3 магазинов за 17-08-2026
[2026-08-17T06:50:20.303Z] Обновление базы данных плана завершено успешно
[2026-08-17T06:50:20.303Z] [cron] План продаж — завершено (4012ms)
[2026-08-17T06:50:20.303Z] [cron] Продажи по плану — запуск...
[2026-08-17T06:50:20.303Z] Таблица 'SaleByPlan' успешно создана или уже существует.
[2026-08-17T06:50:20.303Z] Initialized dates: [object Object]
[2026-08-17T06:50:20.414Z] Данные SaleByPlan обновлены.
[2026-08-17T06:50:20.507Z] Данные SaleByPlan обновлены.
[2026-08-17T06:50:20.569Z] Данные SaleByPlan обновлены.
[2026-08-17T06:50:20.570Z] Final sales data: [object Object]
[2026-08-17T06:50:20.570Z] [cron] Продажи по плану — завершено (267ms)
[2026-08-17T06:50:20.570Z] [cron] Зарплата — запуск...
[2026-08-17T06:50:20.571Z] Accessories UUIDs: 
[2026-08-17T06:50:20.571Z] Salary and bonus: 
[2026-08-17T06:50:20.571Z] [syncTenant:default] Цикл завершён
[2026-08-17T06:50:20.571Z] [cron] первичная синхронизация (syncEngine) — завершено (17283ms)
[2026-08-17T06:50:26.288Z] [cron] Telegram-алерты — запуск...
[2026-08-17T06:50:26.289Z] [alerts] Telegram not configured, skipping
[2026-08-17T06:50:26.289Z] [cron] Telegram-алерты — завершено (1ms)
[2026-08-17T06:50:27.573Z] Salary report: [object Object]
[2026-08-17T06:50:27.575Z] Таблица 'salaryData' успешно создана или уже существует.
[2026-08-17T06:50:27.575Z] Данные сохранены в таблицу salaryData.
[2026-08-17T06:50:34.576Z] Salary report: [object Object]
[2026-08-17T06:50:34.577Z] Таблица 'salaryData' успешно создана или уже существует.
[2026-08-17T06:50:34.578Z] Данные сохранены в таблицу salaryData.
[2026-08-17T06:50:41.581Z] Salary report: [object Object]
[2026-08-17T06:50:41.582Z] Таблица 'salaryData' успешно создана или уже существует.
[2026-08-17T06:50:41.583Z] Данные сохранены в таблицу salaryData.
[2026-08-17T06:50:41.583Z] [cron] Зарплата — завершено (21013ms)
[2026-08-17T06:50:41.583Z] [startup] Планы и зарплаты — готово
[2026-08-17T06:50:47.716Z] employeeRole: SUPERADMIN
[2026-08-17T06:51:19.403Z] employeeRole: SUPERADMIN
[2026-08-17T06:52:04.725Z] employeeRole: SUPERADMIN
[2026-08-17T06:52:05.101Z] [getAveragePlan] shop=20251229-316B-40A1-80F7-C59E5B8E6831 date=17-08-2026: 4 таких же дней недели, средние продажи = 5933, план (+5%) = 6230
[2026-08-17T06:52:05.133Z] [getAveragePlan] shop=20260103-425F-4044-8093-F2008B89A33B date=17-08-2026: 4 таких же дней недели, средние продажи = 3885, план (+5%) = 5200
[2026-08-17T06:52:05.159Z] [getAveragePlan] shop=20260103-7090-403D-8015-DE08E5B1138E date=17-08-2026: 3 таких же дней недели, средние продажи = 2593, план (+5%) = 5200
[2026-08-17T06:52:05.526Z] Таблица 'shop_schedules' создана или уже существует.
[2026-08-17T06:52:06.704Z] [plan-for-today] План не найден, считаем из D1 продаж
[2026-08-17T06:52:06.724Z] [getAveragePlan] shop=20251229-316B-40A1-80F7-C59E5B8E6831 date=10-08-2026: 4 таких же дней недели, средние продажи = 7113, план (+5%) = 7469
[2026-08-17T06:52:06.739Z] [getAveragePlan] shop=20260103-425F-4044-8093-F2008B89A33B date=10-08-2026: 4 таких же дней недели, средние продажи = 6158, план (+5%) = 6466
[2026-08-17T06:52:06.748Z] [getAveragePlan] shop=20260103-7090-403D-8015-DE08E5B1138E date=10-08-2026: 3 таких же дней недели, средние продажи = 5277, план (+5%) = 5541
[2026-08-17T06:53:05.594Z] Таблица 'shop_schedules' создана или уже существует.
[2026-08-17T06:53:29.908Z] employeeRole: SUPERADMIN
[2026-08-17T06:53:29.925Z] employeeRole: SUPERADMIN
[2026-08-17T06:53:30.809Z] Таблица 'shop_schedules' создана или уже существует.
[2026-08-17T06:58:37.794Z] Таблица 'shop_schedules' создана или уже существует.
[2026-08-17T06:58:37.799Z] Таблица 'shop_schedules' создана или уже существует.
[2026-08-17T07:00:00.001Z] [cron] syncEngine — запуск...
[2026-08-17T07:00:00.002Z] [syncEngine] Тенантов активных: 1
[2026-08-17T07:00:00.003Z] Таблица 'index_documents' успешно создана или уже существует
[2026-08-17T07:00:00.003Z] Таблица 'products' успешно создана или уже существует.
[2026-08-17T07:00:00.003Z] Таблица 'shopProduct' успешно создана или уже существует.
[2026-08-17T07:00:00.003Z] Таблица 'shops' успешно создана или уже существует.
[2026-08-17T07:00:00.004Z] Таблица 'employees' успешно создана или уже существует.
[2026-08-17T07:00:02.856Z] Обработано 1364 записей в таблице products
[2026-08-17T07:00:03.256Z] Обработано 1364 записей в таблице shopProduct
[2026-08-17T07:00:03.256Z] [syncTenant:default] Товары синхронизированы по 1 магазинам
[2026-08-17T07:00:06.204Z] Обработано 1202 записей в таблице products
[2026-08-17T07:00:06.722Z] Обработано 1202 записей в таблице shopProduct
[2026-08-17T07:00:06.723Z] [syncTenant:default] Товары синхронизированы по 1 магазинам
[2026-08-17T07:00:09.807Z] Обработано 1197 записей в таблице products
[2026-08-17T07:00:10.161Z] Обработано 1197 записей в таблице shopProduct
[2026-08-17T07:00:10.162Z] [syncTenant:default] Товары синхронизированы по 1 магазинам
[2026-08-17T07:00:12.763Z] Successfully inserted 106 documents (duplicates skipped)
[2026-08-17T07:00:12.764Z] [syncTenant:default] Документы (20251229-316B-40A1-80F7-C59E5B8E6831): 106 шт, last_close_date=2026-08-17T06:26:58.000+0000
[2026-08-17T07:00:15.422Z] Successfully inserted 66 documents (duplicates skipped)
[2026-08-17T07:00:15.423Z] [syncTenant:default] Документы (20260103-425F-4044-8093-F2008B89A33B): 66 шт, last_close_date=2026-08-17T06:58:37.000+0000
[2026-08-17T07:00:17.751Z] Successfully inserted 40 documents (duplicates skipped)
[2026-08-17T07:00:17.751Z] [syncTenant:default] Документы (20260103-7090-403D-8015-DE08E5B1138E): 40 шт, last_close_date=2026-08-17T06:39:23.000+0000
[2026-08-17T07:00:19.752Z] [syncTenant:default] Цикл завершён
[2026-08-17T07:00:19.753Z] [cron] syncEngine — завершено (19752ms)
[2026-08-17T07:01:50.487Z] employeeRole: SUPERADMIN
[2026-08-17T07:01:50.517Z] Таблица 'shop_schedules' создана или уже существует.
[2026-08-17T07:01:50.523Z] Таблица 'shop_schedules' создана или уже существует.
[2026-08-17T07:01:50.545Z] employeeRole: SUPERADMIN
[2026-08-17T07:05:00.046Z] [cron] syncEngine — запуск...
[2026-08-17T07:05:00.047Z] [syncEngine] Тенантов активных: 1
[2026-08-17T07:05:00.047Z] Таблица 'index_documents' успешно создана или уже существует
[2026-08-17T07:05:00.047Z] Таблица 'products' успешно создана или уже существует.
[2026-08-17T07:05:00.047Z] Таблица 'shopProduct' успешно создана или уже существует.
[2026-08-17T07:05:00.047Z] Таблица 'shops' успешно создана или уже существует.
[2026-08-17T07:05:00.047Z] Таблица 'employees' успешно создана или уже существует.
[2026-08-17T07:05:12.054Z] [syncTenant:default] Цикл завершён
[2026-08-17T07:05:12.055Z] [cron] syncEngine — завершено (12009ms)
[2026-08-17T07:06:31.217Z] employeeRole: SUPERADMIN
[2026-08-17T07:06:31.253Z] Таблица 'shop_schedules' создана или уже существует.
[2026-08-17T07:06:31.256Z] Таблица 'shop_schedules' создана или уже существует.
[2026-08-17T07:07:04.739Z] employeeRole: SUPERADMIN
[2026-08-17T07:07:04.750Z] employeeRole: SUPERADMIN
[2026-08-17T07:07:04.767Z] Таблица 'shop_schedules' создана или уже существует.
[2026-08-17T07:07:04.773Z] Таблица 'shop_schedules' создана или уже существует.
[2026-08-17T07:07:04.789Z] Таблица 'shop_schedules' создана или уже существует.
[2026-08-17T07:07:04.793Z] Таблица 'shop_schedules' создана или уже существует.
[2026-08-17T07:07:04.797Z] employeeRole: SUPERADMIN
[2026-08-17T07:14:22.639Z] employeeRole: SUPERADMIN
[2026-08-17T07:14:22.668Z] Таблица 'shop_schedules' создана или уже существует.
[2026-08-17T07:14:22.672Z] Таблица 'shop_schedules' создана или уже существует.
[2026-08-17T07:15:00.002Z] [cron] syncEngine — запуск...
[2026-08-17T07:15:00.003Z] [syncEngine] Тенантов активных: 1
[2026-08-17T07:15:00.003Z] Таблица 'index_documents' успешно создана или уже существует
[2026-08-17T07:15:00.004Z] Таблица 'products' успешно создана или уже существует.
[2026-08-17T07:15:00.004Z] Таблица 'shopProduct' успешно создана или уже существует.
[2026-08-17T07:15:00.004Z] Таблица 'shops' успешно создана или уже существует.
[2026-08-17T07:15:00.004Z] Таблица 'employees' успешно создана или уже существует.
[2026-08-17T07:15:00.845Z] Синхронизировано магазинов: 3
[2026-08-17T07:15:00.846Z] [syncTenant:default] Магазинов: 3
[2026-08-17T07:15:01.022Z] Синхронизировано сотрудников: 9
[2026-08-17T07:15:01.023Z] [syncTenant:default] Сотрудников: 9
[2026-08-17T07:15:01.487Z] [syncTenant:default] Терминалов: 3
[2026-08-17T07:15:09.658Z] Successfully inserted 107 documents (duplicates skipped)
[2026-08-17T07:15:09.659Z] [syncTenant:default] Документы (20251229-316B-40A1-80F7-C59E5B8E6831): 107 шт, last_close_date=2026-08-17T07:03:15.000+0000
[2026-08-17T07:15:11.946Z] Successfully inserted 40 documents (duplicates skipped)
[2026-08-17T07:15:11.947Z] [syncTenant:default] Документы (20260103-7090-403D-8015-DE08E5B1138E): 40 шт, last_close_date=2026-08-17T06:39:23.000+0000
[2026-08-17T07:15:14.297Z] Successfully inserted 69 documents (duplicates skipped)
[2026-08-17T07:15:14.298Z] [syncTenant:default] Документы (20260103-425F-4044-8093-F2008B89A33B): 69 шт, last_close_date=2026-08-17T07:13:38.000+0000
[2026-08-17T07:15:16.299Z] [syncTenant:default] Цикл завершён
[2026-08-17T07:15:16.300Z] [cron] syncEngine — завершено (16298ms)
[2026-08-17T07:20:00.001Z] [cron] syncEngine — запуск...
[2026-08-17T07:20:00.005Z] [syncEngine] Тенантов активных: 1
[2026-08-17T07:20:00.005Z] Таблица 'index_documents' успешно создана или уже существует
[2026-08-17T07:20:00.005Z] Таблица 'products' успешно создана или уже существует.
[2026-08-17T07:20:00.005Z] Таблица 'shopProduct' успешно создана или уже существует.
[2026-08-17T07:20:00.005Z] Таблица 'shops' успешно создана или уже существует.
[2026-08-17T07:20:00.005Z] Таблица 'employees' успешно создана или уже существует.
[2026-08-17T07:20:12.013Z] [syncTenant:default] Цикл завершён
[2026-08-17T07:20:12.014Z] [cron] syncEngine — завершено (12013ms)
[2026-08-17T07:20:44.113Z] employeeRole: SUPERADMIN
[2026-08-17T07:20:44.151Z] Таблица 'shop_schedules' создана или уже существует.
[2026-08-17T07:20:44.158Z] Таблица 'shop_schedules' создана или уже существует.
[2026-08-17T07:20:44.175Z] employeeRole: SUPERADMIN
[2026-08-17T07:20:44.181Z] employeeRole: SUPERADMIN
[2026-08-17T07:20:44.215Z] Таблица 'shop_schedules' создана или уже существует.
[2026-08-17T07:20:44.221Z] Таблица 'shop_schedules' создана или уже существует.
[2026-08-17T07:25:00.002Z] [cron] syncEngine — запуск...
[2026-08-17T07:25:00.006Z] [syncEngine] Тенантов активных: 1
[2026-08-17T07:25:00.007Z] Таблица 'index_documents' успешно создана или уже существует
[2026-08-17T07:25:00.007Z] Таблица 'products' успешно создана или уже существует.
[2026-08-17T07:25:00.007Z] Таблица 'shopProduct' успешно создана или уже существует.
[2026-08-17T07:25:00.007Z] Таблица 'shops' успешно создана или уже существует.
[2026-08-17T07:25:00.007Z] Таблица 'employees' успешно создана или уже существует.
[2026-08-17T07:25:04.936Z] [syncTenant:default] Остатки синхронизированы
[2026-08-17T07:25:07.919Z] Обработано 1202 записей в таблице products
[2026-08-17T07:25:08.307Z] Обработано 1202 записей в таблице shopProduct
[2026-08-17T07:25:08.308Z] [syncTenant:default] Товары синхронизированы по 1 магазинам
[2026-08-17T07:25:08.788Z] [syncTenant:default] Остатки синхронизированы
[2026-08-17T07:25:11.732Z] Обработано 1197 записей в таблице products
[2026-08-17T07:25:12.268Z] Обработано 1197 записей в таблице shopProduct
[2026-08-17T07:25:12.269Z] [syncTenant:default] Товары синхронизированы по 1 магазинам
[2026-08-17T07:25:12.677Z] [syncTenant:default] Остатки синхронизированы
[2026-08-17T07:25:15.075Z] Successfully inserted 109 documents (duplicates skipped)
[2026-08-17T07:25:15.076Z] [syncTenant:default] Документы (20251229-316B-40A1-80F7-C59E5B8E6831): 109 шт, last_close_date=2026-08-17T07:17:31.000+0000
[2026-08-17T07:25:17.328Z] Successfully inserted 71 documents (duplicates skipped)
[2026-08-17T07:25:17.329Z] [syncTenant:default] Документы (20260103-425F-4044-8093-F2008B89A33B): 71 шт, last_close_date=2026-08-17T07:24:03.000+0000
[2026-08-17T07:25:19.538Z] Successfully inserted 41 documents (duplicates skipped)
[2026-08-17T07:25:19.539Z] [syncTenant:default] Документы (20260103-7090-403D-8015-DE08E5B1138E): 41 шт, last_close_date=2026-08-17T07:20:18.000+0000
[2026-08-17T07:25:21.540Z] [syncTenant:default] Цикл завершён
[2026-08-17T07:25:21.541Z] [cron] syncEngine — завершено (21539ms)
[2026-08-17T07:25:27.377Z] employeeRole: SUPERADMIN
[2026-08-17T07:25:27.407Z] Таблица 'shop_schedules' создана или уже существует.
[2026-08-17T07:25:27.412Z] Таблица 'shop_schedules' создана или уже существует.
[2026-08-17T07:25:27.429Z] employeeRole: SUPERADMIN
[2026-08-17T07:25:27.451Z] employeeRole: SUPERADMIN
[2026-08-17T07:25:27.461Z] Таблица 'shop_schedules' создана или уже существует.
[2026-08-17T07:25:27.466Z] Таблица 'shop_schedules' создана или уже существует.
[2026-08-17T07:30:00.001Z] [cron] syncEngine — запуск...
[2026-08-17T07:30:00.006Z] [syncEngine] Тенантов активных: 1
[2026-08-17T07:30:00.007Z] Таблица 'index_documents' успешно создана или уже существует
[2026-08-17T07:30:00.007Z] Таблица 'products' успешно создана или уже существует.
[2026-08-17T07:30:00.007Z] Таблица 'shopProduct' успешно создана или уже существует.
[2026-08-17T07:30:00.007Z] Таблица 'shops' успешно создана или уже существует.
[2026-08-17T07:30:00.007Z] Таблица 'employees' успешно создана или уже существует.
[2026-08-17T07:30:03.130Z] Обработано 1364 записей в таблице products
[2026-08-17T07:30:04.458Z] Обработано 1364 записей в таблице shopProduct
[2026-08-17T07:30:04.459Z] [syncTenant:default] Товары синхронизированы по 1 магазинам
[2026-08-17T07:30:15.253Z] employeeRole: SUPERADMIN
[2026-08-17T07:30:15.268Z] employeeRole: SUPERADMIN
[2026-08-17T07:30:15.288Z] employeeRole: SUPERADMIN
[2026-08-17T07:30:15.289Z] Таблица 'shop_schedules' создана или уже существует.
[2026-08-17T07:30:15.293Z] Таблица 'shop_schedules' создана или уже существует.
[2026-08-17T07:30:15.298Z] Таблица 'shop_schedules' создана или уже существует.
[2026-08-17T07:30:15.302Z] Таблица 'shop_schedules' создана или уже существует.
[2026-08-17T07:30:16.469Z] [syncTenant:default] Цикл завершён
[2026-08-17T07:30:16.470Z] [cron] syncEngine — завершено (16469ms)
[2026-08-17T07:34:02.745Z] employeeRole: SUPERADMIN
[2026-08-17T07:34:02.776Z] Таблица 'shop_schedules' создана или уже существует.
[2026-08-17T07:34:02.782Z] Таблица 'shop_schedules' создана или уже существует.
[2026-08-17T07:34:03.511Z] employeeRole: SUPERADMIN
[2026-08-17T07:34:03.516Z] employeeRole: SUPERADMIN
[2026-08-17T07:34:03.541Z] Таблица 'shop_schedules' создана или уже существует.
[2026-08-17T07:34:03.545Z] Таблица 'shop_schedules' создана или уже существует.
[2026-08-17T07:34:10.656Z] Таблица 'shop_schedules' создана или уже существует.
[2026-08-17T07:34:10.661Z] Таблица 'shop_schedules' создана или уже существует.
[2026-08-17T07:34:11.528Z] Таблица 'shop_schedules' создана или уже существует.
[2026-08-17T07:34:11.534Z] Таблица 'shop_schedules' создана или уже существует.
[2026-08-17T07:34:15.408Z] Таблица 'shop_schedules' создана или уже существует.
[2026-08-17T07:34:15.412Z] Таблица 'shop_schedules' создана или уже существует.
[2026-08-17T07:34:15.524Z] Таблица 'shop_schedules' создана или уже существует.
[2026-08-17T07:34:15.527Z] Таблица 'shop_schedules' создана или уже существует.
[2026-08-17T07:34:21.754Z] Таблица 'shop_schedules' создана или уже существует.
[2026-08-17T07:34:21.758Z] Таблица 'shop_schedules' создана или уже существует.
[2026-08-17T07:34:22.525Z] Таблица 'shop_schedules' создана или уже существует.
[2026-08-17T07:34:22.529Z] Таблица 'shop_schedules' создана или уже существует.
[2026-08-17T07:34:31.575Z] Таблица 'shop_schedules' создана или уже существует.
[2026-08-17T07:34:31.579Z] Таблица 'shop_schedules' создана или уже существует.
[2026-08-17T07:34:32.530Z] Таблица 'shop_schedules' создана или уже существует.
[2026-08-17T07:34:32.534Z] Таблица 'shop_schedules' создана или уже существует.
[2026-08-17T07:35:00.004Z] [cron] syncEngine — запуск...
[2026-08-17T07:35:00.006Z] [syncEngine] Тенантов активных: 1
[2026-08-17T07:35:00.007Z] Таблица 'index_documents' успешно создана или уже существует
[2026-08-17T07:35:00.007Z] Таблица 'products' успешно создана или уже существует.
[2026-08-17T07:35:00.008Z] Таблица 'shopProduct' успешно создана или уже существует.
[2026-08-17T07:35:00.008Z] Таблица 'shops' успешно создана или уже существует.
[2026-08-17T07:35:00.008Z] Таблица 'employees' успешно создана или уже существует.
[2026-08-17T07:35:05.032Z] employeeRole: SUPERADMIN
[2026-08-17T07:35:05.050Z] Таблица 'shop_schedules' создана или уже существует.
[2026-08-17T07:35:05.053Z] Таблица 'shop_schedules' создана или уже существует.
[2026-08-17T07:35:05.508Z] employeeRole: SUPERADMIN
[2026-08-17T07:35:05.510Z] employeeRole: SUPERADMIN
[2026-08-17T07:35:05.530Z] Таблица 'shop_schedules' создана или уже существует.
[2026-08-17T07:35:05.533Z] Таблица 'shop_schedules' создана или уже существует.
[2026-08-17T07:35:08.530Z] Successfully inserted 111 documents (duplicates skipped)
[2026-08-17T07:35:08.531Z] [syncTenant:default] Документы (20251229-316B-40A1-80F7-C59E5B8E6831): 111 шт, last_close_date=2026-08-17T07:29:50.000+0000
[2026-08-17T07:35:10.855Z] Successfully inserted 71 documents (duplicates skipped)
[2026-08-17T07:35:10.856Z] [syncTenant:default] Документы (20260103-425F-4044-8093-F2008B89A33B): 71 шт, last_close_date=2026-08-17T07:24:03.000+0000
[2026-08-17T07:35:13.122Z] Successfully inserted 41 documents (duplicates skipped)
[2026-08-17T07:35:13.122Z] [syncTenant:default] Документы (20260103-7090-403D-8015-DE08E5B1138E): 41 шт, last_close_date=2026-08-17T07:20:18.000+0000
[2026-08-17T07:35:15.125Z] [syncTenant:default] Цикл завершён
[2026-08-17T07:35:15.126Z] [cron] syncEngine — завершено (15122ms)
[2026-08-17T07:36:02.747Z] 🚀 Запуск локального сервера на http://localhost:3000
[2026-08-17T07:36:02.747Z]    БД: ./data/local.db
[2026-08-17T07:36:02.747Z]    Файлы: ./data/storage/
[2026-08-17T07:36:02.747Z]    Логи: ./data/logs/
[2026-08-17T07:36:02.749Z] ✅ Сервер слушает порт 3000
[2026-08-17T07:36:02.758Z] [cron] Планировщик запущен:
[2026-08-17T07:36:02.758Z]   syncEngine          — каждые 5 минут (все тенанты, все ресурсы)
[2026-08-17T07:36:02.758Z]     documents — 5 мин | meta — 20 мин | products — 25 мин | stock — 30 мин
[2026-08-17T07:36:02.759Z]   updatePlans         — каждый день в 01:00
[2026-08-17T07:36:02.759Z]   updateSalesByPlan   — каждый день в 01:00
[2026-08-17T07:36:02.759Z]   calcSalary          — каждый день в 01:00
[2026-08-17T07:36:04.751Z] [cron] первичная синхронизация (syncEngine) — запуск...
[2026-08-17T07:36:04.755Z] [syncEngine] Тенантов активных: 1
[2026-08-17T07:36:04.755Z] Таблица 'index_documents' успешно создана или уже существует
[2026-08-17T07:36:04.755Z] [migration] Запуск миграций...
[2026-08-17T07:36:04.756Z] [migration] Миграции завершены.
[2026-08-17T07:36:04.756Z] Таблица 'products' успешно создана или уже существует.
[2026-08-17T07:36:04.757Z] Таблица 'shopProduct' успешно создана или уже существует.
[2026-08-17T07:36:04.757Z] Таблица 'shops' успешно создана или уже существует.
[2026-08-17T07:36:04.757Z] Таблица 'employees' успешно создана или уже существует.
[2026-08-17T07:36:05.056Z] Таблица 'index_documents' успешно создана или уже существует
[2026-08-17T07:36:05.057Z] Таблица 'products' успешно создана или уже существует.
[2026-08-17T07:36:05.058Z] [migration] product_cost_prices v2 (SCD Type 2) — таблица готова
[2026-08-17T07:36:05.060Z] Таблица 'shops' успешно создана или уже существует.
[2026-08-17T07:36:05.060Z] Таблица 'employees' успешно создана или уже существует.
[2026-08-17T07:36:07.881Z] Синхронизировано магазинов: 3
[2026-08-17T07:36:07.883Z] [syncTenant:default] Магазинов: 3
[2026-08-17T07:36:08.139Z] Синхронизировано сотрудников: 9
[2026-08-17T07:36:08.140Z] [syncTenant:default] Сотрудников: 9
[2026-08-17T07:36:08.643Z] [syncTenant:default] Терминалов: 3
[2026-08-17T07:36:17.750Z] [startup] Расчет планов и зарплат...
[2026-08-17T07:36:17.755Z] [cron] План продаж — запуск...
[2026-08-17T07:36:17.756Z] Старт функции updatePlan
[2026-08-17T07:36:17.756Z] Дата для плана: 17-08-2026
[2026-08-17T07:36:17.756Z] Получены UUID товаров: 0 шт.
[2026-08-17T07:36:20.653Z] [syncTenant:default] Цикл завершён
[2026-08-17T07:36:20.654Z] [cron] первичная синхронизация (syncEngine) — завершено (15903ms)
[2026-08-17T07:36:24.542Z] Получено записей плана: 3
[2026-08-17T07:36:24.545Z] План обновлён: 3 магазинов за 17-08-2026
[2026-08-17T07:36:24.545Z] Обновление базы данных плана завершено успешно
[2026-08-17T07:36:24.545Z] [cron] План продаж — завершено (6790ms)
[2026-08-17T07:36:24.545Z] [cron] Продажи по плану — запуск...
[2026-08-17T07:36:24.545Z] Таблица 'SaleByPlan' успешно создана или уже существует.
[2026-08-17T07:36:24.545Z] Initialized dates: [object Object]
[2026-08-17T07:36:24.563Z] Данные SaleByPlan обновлены.
[2026-08-17T07:36:24.573Z] Данные SaleByPlan обновлены.
[2026-08-17T07:36:24.580Z] Данные SaleByPlan обновлены.
[2026-08-17T07:36:24.580Z] Final sales data: [object Object]
[2026-08-17T07:36:24.580Z] [cron] Продажи по плану — завершено (35ms)
[2026-08-17T07:36:24.580Z] [cron] Зарплата — запуск...
[2026-08-17T07:36:24.581Z] Accessories UUIDs: 
[2026-08-17T07:36:24.581Z] Salary and bonus: 
[2026-08-17T07:36:27.750Z] [cron] Telegram-алерты — запуск...
[2026-08-17T07:36:27.751Z] [alerts] Telegram not configured, skipping
[2026-08-17T07:36:27.751Z] [cron] Telegram-алерты — завершено (1ms)
[2026-08-17T07:36:31.582Z] Salary report: [object Object]
[2026-08-17T07:36:31.584Z] Таблица 'salaryData' успешно создана или уже существует.
[2026-08-17T07:36:31.585Z] Данные сохранены в таблицу salaryData.
[2026-08-17T07:36:38.587Z] Salary report: [object Object]
[2026-08-17T07:36:38.588Z] Таблица 'salaryData' успешно создана или уже существует.
[2026-08-17T07:36:38.588Z] Данные сохранены в таблицу salaryData.
[2026-08-17T07:36:45.589Z] Salary report: [object Object]
[2026-08-17T07:36:45.589Z] Таблица 'salaryData' успешно создана или уже существует.
[2026-08-17T07:36:45.589Z] Данные сохранены в таблицу salaryData.
[2026-08-17T07:36:45.590Z] [cron] Зарплата — завершено (21010ms)
[2026-08-17T07:36:45.590Z] [startup] Планы и зарплаты — готово
[2026-08-17T07:37:24.072Z] employeeRole: SUPERADMIN
[2026-08-17T07:38:08.843Z] employeeRole: SUPERADMIN
[2026-08-17T07:38:08.894Z] Таблица 'shop_schedules' создана или уже существует.
[2026-08-17T07:38:08.898Z] Таблица 'shop_schedules' создана или уже существует.
[2026-08-17T07:38:28.806Z] employeeRole: SUPERADMIN
[2026-08-17T07:38:28.848Z] Таблица 'shop_schedules' создана или уже существует.
[2026-08-17T07:38:28.852Z] Таблица 'shop_schedules' создана или уже существует.
[2026-08-17T07:38:47.288Z] employeeRole: SUPERADMIN
[2026-08-17T07:38:47.315Z] Таблица 'shop_schedules' создана или уже существует.
[2026-08-17T07:38:47.319Z] Таблица 'shop_schedules' создана или уже существует.
[2026-08-17T07:39:29.586Z] employeeRole: SUPERADMIN
[2026-08-17T07:39:29.615Z] Таблица 'shop_schedules' создана или уже существует.
[2026-08-17T07:39:29.618Z] Таблица 'shop_schedules' создана или уже существует.
[2026-08-17T07:40:00.001Z] [cron] syncEngine — запуск...
[2026-08-17T07:40:00.003Z] [syncEngine] Тенантов активных: 1
[2026-08-17T07:40:00.003Z] Таблица 'index_documents' успешно создана или уже существует
[2026-08-17T07:40:00.003Z] Таблица 'products' успешно создана или уже существует.
[2026-08-17T07:40:00.003Z] Таблица 'shopProduct' успешно создана или уже существует.
[2026-08-17T07:40:00.003Z] Таблица 'shops' успешно создана или уже существует.
[2026-08-17T07:40:00.003Z] Таблица 'employees' успешно создана или уже существует.
[2026-08-17T07:40:12.011Z] [syncTenant:default] Цикл завершён
[2026-08-17T07:40:12.013Z] [cron] syncEngine — завершено (12012ms)
[2026-08-17T07:40:21.658Z] employeeRole: SUPERADMIN
[2026-08-17T07:40:21.700Z] Таблица 'shop_schedules' создана или уже существует.
[2026-08-17T07:40:21.705Z] Таблица 'shop_schedules' создана или уже существует.
[2026-08-17T07:40:27.555Z] Таблица 'shop_schedules' создана или уже существует.
[2026-08-17T07:40:27.561Z] Таблица 'shop_schedules' создана или уже существует.
[2026-08-17T07:40:28.172Z] employeeRole: SUPERADMIN
[2026-08-17T07:40:28.196Z] Таблица 'shop_schedules' создана или уже существует.
[2026-08-17T07:40:28.200Z] Таблица 'shop_schedules' создана или уже существует.
[2026-08-17T07:40:28.503Z] employeeRole: SUPERADMIN
[2026-08-17T07:40:28.508Z] employeeRole: SUPERADMIN
[2026-08-17T07:40:28.509Z] employeeRole: SUPERADMIN
[2026-08-17T07:40:28.513Z] employeeRole: SUPERADMIN
[2026-08-17T07:40:28.536Z] Таблица 'shop_schedules' создана или уже существует.
[2026-08-17T07:40:28.542Z] Таблица 'shop_schedules' создана или уже существует.
[2026-08-17T07:40:28.547Z] Таблица 'shop_schedules' создана или уже существует.
[2026-08-17T07:40:28.555Z] Таблица 'shop_schedules' создана или уже существует.
[2026-08-17T07:40:28.556Z] Таблица 'shop_schedules' создана или уже существует.
[2026-08-17T07:40:28.563Z] Таблица 'shop_schedules' создана или уже существует.
[2026-08-17T07:40:28.563Z] Таблица 'shop_schedules' создана или уже существует.
[2026-08-17T07:40:28.569Z] Таблица 'shop_schedules' создана или уже существует.
[2026-08-17T07:40:54.653Z] employeeRole: SUPERADMIN
[2026-08-17T07:40:54.680Z] Таблица 'shop_schedules' создана или уже существует.
[2026-08-17T07:40:54.684Z] Таблица 'shop_schedules' создана или уже существует.
[2026-08-17T07:41:10.099Z] employeeRole: SUPERADMIN
[2026-08-17T07:41:10.124Z] Таблица 'shop_schedules' создана или уже существует.
[2026-08-17T07:41:10.128Z] Таблица 'shop_schedules' создана или уже существует.
[2026-08-17T07:42:56.884Z] employeeRole: SUPERADMIN
[2026-08-17T07:42:56.960Z] employeeRole: SUPERADMIN
[2026-08-17T07:42:56.971Z] Таблица 'shop_schedules' создана или уже существует.
[2026-08-17T07:42:56.989Z] Таблица 'shop_schedules' создана или уже существует.
[2026-08-17T07:42:57.025Z] Таблица 'shop_schedules' создана или уже существует.
[2026-08-17T07:42:57.035Z] employeeRole: SUPERADMIN
[2026-08-17T07:42:57.036Z] employeeRole: SUPERADMIN
[2026-08-17T07:42:57.041Z] Таблица 'shop_schedules' создана или уже существует.
[2026-08-17T07:42:57.049Z] employeeRole: SUPERADMIN
[2026-08-17T07:42:57.052Z] employeeRole: SUPERADMIN
[2026-08-17T07:42:57.080Z] Таблица 'shop_schedules' создана или уже существует.
[2026-08-17T07:42:57.087Z] Таблица 'shop_schedules' создана или уже существует.
[2026-08-17T07:42:57.092Z] Таблица 'shop_schedules' создана или уже существует.
[2026-08-17T07:42:57.098Z] Таблица 'shop_schedules' создана или уже существует.
[2026-08-17T07:42:57.098Z] Таблица 'shop_schedules' создана или уже существует.
[2026-08-17T07:42:57.104Z] Таблица 'shop_schedules' создана или уже существует.
[2026-08-17T07:44:07.258Z] employeeRole: SUPERADMIN
[2026-08-17T07:44:07.300Z] Таблица 'shop_schedules' создана или уже существует.
[2026-08-17T07:44:07.305Z] Таблица 'shop_schedules' создана или уже существует.
[2026-08-17T07:44:12.360Z] employeeRole: SUPERADMIN
[2026-08-17T07:44:12.386Z] Таблица 'shop_schedules' создана или уже существует.
[2026-08-17T07:44:12.390Z] Таблица 'shop_schedules' создана или уже существует.
[2026-08-17T07:45:00.105Z] [cron] syncEngine — запуск...
[2026-08-17T07:45:00.106Z] [syncEngine] Тенантов активных: 1
[2026-08-17T07:45:00.106Z] Таблица 'index_documents' успешно создана или уже существует
[2026-08-17T07:45:00.107Z] Таблица 'products' успешно создана или уже существует.
[2026-08-17T07:45:00.107Z] Таблица 'shopProduct' успешно создана или уже существует.
[2026-08-17T07:45:00.107Z] Таблица 'shops' успешно создана или уже существует.
[2026-08-17T07:45:00.108Z] Таблица 'employees' успешно создана или уже существует.
[2026-08-17T07:45:08.565Z] Successfully inserted 113 documents (duplicates skipped)
[2026-08-17T07:45:08.566Z] [syncTenant:default] Документы (20251229-316B-40A1-80F7-C59E5B8E6831): 113 шт, last_close_date=2026-08-17T07:44:29.000+0000
[2026-08-17T07:45:10.943Z] Successfully inserted 71 documents (duplicates skipped)
[2026-08-17T07:45:10.944Z] [syncTenant:default] Документы (20260103-425F-4044-8093-F2008B89A33B): 71 шт, last_close_date=2026-08-17T07:24:03.000+0000
[2026-08-17T07:45:13.323Z] Successfully inserted 42 documents (duplicates skipped)
[2026-08-17T07:45:13.324Z] [syncTenant:default] Документы (20260103-7090-403D-8015-DE08E5B1138E): 42 шт, last_close_date=2026-08-17T07:42:02.000+0000
[2026-08-17T07:45:15.326Z] [syncTenant:default] Цикл завершён
[2026-08-17T07:45:15.327Z] [cron] syncEngine — завершено (15222ms)
[2026-08-17T07:50:00.002Z] [cron] syncEngine — запуск...
[2026-08-17T07:50:00.004Z] [syncEngine] Тенантов активных: 1
[2026-08-17T07:50:00.004Z] Таблица 'index_documents' успешно создана или уже существует
[2026-08-17T07:50:00.004Z] Таблица 'products' успешно создана или уже существует.
[2026-08-17T07:50:00.004Z] Таблица 'shopProduct' успешно создана или уже существует.
[2026-08-17T07:50:00.004Z] Таблица 'shops' успешно создана или уже существует.
[2026-08-17T07:50:00.004Z] Таблица 'employees' успешно создана или уже существует.
[2026-08-17T07:50:12.012Z] [syncTenant:default] Цикл завершён
[2026-08-17T07:50:12.013Z] [cron] syncEngine — завершено (12011ms)
[2026-08-17T07:51:11.639Z] employeeRole: SUPERADMIN
[2026-08-17T07:51:11.716Z] Таблица 'shop_schedules' создана или уже существует.
[2026-08-17T07:51:11.718Z] employeeRole: SUPERADMIN
[2026-08-17T07:51:11.725Z] Таблица 'shop_schedules' создана или уже существует.
[2026-08-17T07:51:11.731Z] employeeRole: SUPERADMIN
[2026-08-17T07:51:11.741Z] employeeRole: SUPERADMIN
[2026-08-17T07:51:11.748Z] employeeRole: SUPERADMIN
[2026-08-17T07:51:11.751Z] employeeRole: SUPERADMIN
[2026-08-17T07:51:11.757Z] employeeRole: SUPERADMIN
[2026-08-17T07:51:11.777Z] Таблица 'shop_schedules' создана или уже существует.
[2026-08-17T07:51:11.784Z] Таблица 'shop_schedules' создана или уже существует.
[2026-08-17T07:51:11.797Z] Таблица 'shop_schedules' создана или уже существует.
[2026-08-17T07:51:11.802Z] Таблица 'shop_schedules' создана или уже существует.
[2026-08-17T07:51:11.805Z] Таблица 'shop_schedules' создана или уже существует.
[2026-08-17T07:51:11.810Z] Таблица 'shop_schedules' создана или уже существует.
[2026-08-17T07:51:11.821Z] Таблица 'shop_schedules' создана или уже существует.
[2026-08-17T07:51:11.830Z] Таблица 'shop_schedules' создана или уже существует.
[2026-08-17T07:51:11.835Z] Таблица 'shop_schedules' создана или уже существует.
[2026-08-17T07:51:11.840Z] Таблица 'shop_schedules' создана или уже существует.
[2026-08-17T07:51:29.308Z] 🚀 Запуск локального сервера на http://localhost:3000
[2026-08-17T07:51:29.308Z]    БД: ./data/local.db
[2026-08-17T07:51:29.308Z]    Файлы: ./data/storage/
[2026-08-17T07:51:29.308Z]    Логи: ./data/logs/
[2026-08-17T07:51:29.310Z] ✅ Сервер слушает порт 3000
[2026-08-17T07:51:29.319Z] [cron] Планировщик запущен:
[2026-08-17T07:51:29.319Z]   syncEngine          — каждые 5 минут (все тенанты, все ресурсы)
[2026-08-17T07:51:29.319Z]     documents — 5 мин | meta — 20 мин | products — 25 мин | stock — 30 мин
[2026-08-17T07:51:29.319Z]   updatePlans         — каждый день в 01:00
[2026-08-17T07:51:29.319Z]   updateSalesByPlan   — каждый день в 01:00
[2026-08-17T07:51:29.319Z]   calcSalary          — каждый день в 01:00
[2026-08-17T07:51:31.311Z] [cron] первичная синхронизация (syncEngine) — запуск...
[2026-08-17T07:51:31.316Z] [syncEngine] Тенантов активных: 1
[2026-08-17T07:51:31.317Z] Таблица 'index_documents' успешно создана или уже существует
[2026-08-17T07:51:31.318Z] [migration] Запуск миграций...
[2026-08-17T07:51:31.319Z] [migration] Миграции завершены.
[2026-08-17T07:51:31.319Z] Таблица 'products' успешно создана или уже существует.
[2026-08-17T07:51:31.320Z] Таблица 'shopProduct' успешно создана или уже существует.
[2026-08-17T07:51:31.320Z] Таблица 'shops' успешно создана или уже существует.
[2026-08-17T07:51:31.320Z] Таблица 'employees' успешно создана или уже существует.
[2026-08-17T08:01:07.632Z] [startup] Расчет планов и зарплат...
[2026-08-17T08:01:07.633Z] [cron] План продаж — запуск...
[2026-08-17T08:01:07.634Z] Старт функции updatePlan
[2026-08-17T08:01:07.634Z] Дата для плана: 17-08-2026
[2026-08-17T08:01:07.634Z] Получены UUID товаров: 0 шт.
[2026-08-17T08:01:07.656Z] [cron] Telegram-алерты — запуск...
[2026-08-17T08:01:07.656Z] [alerts] Telegram not configured, skipping
[2026-08-17T08:01:07.657Z] [cron] Telegram-алерты — завершено (1ms)
[2026-08-17T08:01:10.457Z] Таблица 'index_documents' успешно создана или уже существует
[2026-08-17T08:01:10.458Z] Таблица 'products' успешно создана или уже существует.
[2026-08-17T08:01:10.458Z] [migration] product_cost_prices v2 (SCD Type 2) — таблица готова
[2026-08-17T08:01:10.460Z] Таблица 'shops' успешно создана или уже существует.
[2026-08-17T08:01:10.460Z] Таблица 'employees' успешно создана или уже существует.
[2026-08-17T08:01:18.677Z] [syncTenant:default] Остатки синхронизированы
[2026-08-17T08:01:22.429Z] Получено записей плана: 3
[2026-08-17T08:01:22.431Z] План обновлён: 3 магазинов за 17-08-2026
[2026-08-17T08:01:22.431Z] Обновление базы данных плана завершено успешно
[2026-08-17T08:01:22.432Z] [cron] План продаж — завершено (14799ms)
[2026-08-17T08:01:22.432Z] [cron] Продажи по плану — запуск...
[2026-08-17T08:01:22.432Z] Таблица 'SaleByPlan' успешно создана или уже существует.
[2026-08-17T08:01:22.432Z] Initialized dates: [object Object]
[2026-08-17T08:01:22.449Z] Данные SaleByPlan обновлены.
[2026-08-17T08:01:22.455Z] Данные SaleByPlan обновлены.
[2026-08-17T08:01:22.460Z] Данные SaleByPlan обновлены.
[2026-08-17T08:01:22.460Z] Final sales data: [object Object]
[2026-08-17T08:01:22.460Z] [cron] Продажи по плану — завершено (28ms)
[2026-08-17T08:01:22.460Z] [cron] Зарплата — запуск...
[2026-08-17T08:01:22.461Z] Accessories UUIDs: 
[2026-08-17T08:01:22.461Z] Salary and bonus: 
[2026-08-17T08:01:22.560Z] Обработано 1197 записей в таблице products
[2026-08-17T08:01:22.982Z] Обработано 1197 записей в таблице shopProduct
[2026-08-17T08:01:22.983Z] [syncTenant:default] Товары синхронизированы по 1 магазинам
[2026-08-17T08:01:23.406Z] [syncTenant:default] Остатки синхронизированы
[2026-08-17T08:01:25.861Z] Successfully inserted 115 documents (duplicates skipped)
[2026-08-17T08:01:25.862Z] [syncTenant:default] Документы (20251229-316B-40A1-80F7-C59E5B8E6831): 115 шт, last_close_date=2026-08-17T07:48:01.000+0000
[2026-08-17T08:01:28.208Z] Successfully inserted 71 documents (duplicates skipped)
[2026-08-17T08:01:28.209Z] [syncTenant:default] Документы (20260103-425F-4044-8093-F2008B89A33B): 71 шт, last_close_date=2026-08-17T07:24:03.000+0000
[2026-08-17T08:01:29.455Z] Salary report: [object Object]
[2026-08-17T08:01:29.456Z] Таблица 'salaryData' успешно создана или уже существует.
[2026-08-17T08:01:29.456Z] Данные сохранены в таблицу salaryData.
[2026-08-17T08:01:30.578Z] Successfully inserted 43 documents (duplicates skipped)
[2026-08-17T08:01:30.578Z] [syncTenant:default] Документы (20260103-7090-403D-8015-DE08E5B1138E): 43 шт, last_close_date=2026-08-17T07:53:27.000+0000
[2026-08-17T08:01:32.578Z] [syncTenant:default] Цикл завершён
[2026-08-17T08:01:32.579Z] [cron] первичная синхронизация (syncEngine) — завершено (601268ms)
[2026-08-17T08:01:36.452Z] Salary report: [object Object]
[2026-08-17T08:01:36.453Z] Таблица 'salaryData' успешно создана или уже существует.
[2026-08-17T08:01:36.453Z] Данные сохранены в таблицу salaryData.
[2026-08-17T08:01:43.451Z] Salary report: [object Object]
[2026-08-17T08:01:43.451Z] Таблица 'salaryData' успешно создана или уже существует.
[2026-08-17T08:01:43.451Z] Данные сохранены в таблицу salaryData.
[2026-08-17T08:01:43.452Z] [cron] Зарплата — завершено (20992ms)
[2026-08-17T08:01:43.452Z] [startup] Планы и зарплаты — готово
[2026-08-17T08:03:02.655Z] employeeRole: SUPERADMIN
[2026-08-17T08:03:02.703Z] Таблица 'shop_schedules' создана или уже существует.
[2026-08-17T08:03:02.709Z] Таблица 'shop_schedules' создана или уже существует.
[2026-08-17T08:05:00.003Z] [cron] syncEngine — запуск...
[2026-08-17T08:05:00.007Z] [syncEngine] Тенантов активных: 1
[2026-08-17T08:05:00.007Z] Таблица 'index_documents' успешно создана или уже существует
[2026-08-17T08:05:00.007Z] Таблица 'products' успешно создана или уже существует.
[2026-08-17T08:05:00.007Z] Таблица 'shopProduct' успешно создана или уже существует.
[2026-08-17T08:05:00.008Z] Таблица 'shops' успешно создана или уже существует.
[2026-08-17T08:05:00.008Z] Таблица 'employees' успешно создана или уже существует.
[2026-08-17T08:05:02.912Z] Синхронизировано магазинов: 3
[2026-08-17T08:05:02.913Z] [syncTenant:default] Магазинов: 3
[2026-08-17T08:05:03.147Z] Синхронизировано сотрудников: 9
[2026-08-17T08:05:03.148Z] [syncTenant:default] Сотрудников: 9
[2026-08-17T08:05:03.544Z] [syncTenant:default] Терминалов: 3
[2026-08-17T08:05:04.554Z] Обработано 1364 записей в таблице products
[2026-08-17T08:05:04.967Z] Обработано 1364 записей в таблице shopProduct
[2026-08-17T08:05:04.968Z] [syncTenant:default] Товары синхронизированы по 1 магазинам
[2026-08-17T08:05:05.514Z] [syncTenant:default] Остатки синхронизированы
[2026-08-17T08:05:12.830Z] Обработано 1202 записей в таблице products
[2026-08-17T08:05:13.264Z] Обработано 1202 записей в таблице shopProduct
[2026-08-17T08:05:13.264Z] [syncTenant:default] Товары синхронизированы по 1 магазинам
[2026-08-17T08:05:21.269Z] [syncTenant:default] Цикл завершён
[2026-08-17T08:05:21.270Z] [cron] syncEngine — завершено (21267ms)
[2026-08-17T08:06:39.569Z] employeeRole: SUPERADMIN
[2026-08-17T08:06:39.711Z] Таблица 'shop_schedules' создана или уже существует.
[2026-08-17T08:06:39.719Z] Таблица 'shop_schedules' создана или уже существует.
[2026-08-17T08:06:39.730Z] employeeRole: SUPERADMIN
[2026-08-17T08:06:39.734Z] employeeRole: SUPERADMIN
[2026-08-17T08:06:39.740Z] employeeRole: SUPERADMIN
[2026-08-17T08:06:39.744Z] employeeRole: SUPERADMIN
[2026-08-17T08:06:39.746Z] employeeRole: SUPERADMIN
[2026-08-17T08:06:39.758Z] employeeRole: SUPERADMIN
[2026-08-17T08:06:39.762Z] employeeRole: SUPERADMIN
[2026-08-17T08:06:39.794Z] Таблица 'shop_schedules' создана или уже существует.
[2026-08-17T08:06:39.799Z] Таблица 'shop_schedules' создана или уже существует.
[2026-08-17T08:06:39.804Z] Таблица 'shop_schedules' создана или уже существует.
[2026-08-17T08:06:39.809Z] Таблица 'shop_schedules' создана или уже существует.
[2026-08-17T08:06:39.816Z] Таблица 'shop_schedules' создана или уже существует.
[2026-08-17T08:06:39.822Z] Таблица 'shop_schedules' создана или уже существует.
[2026-08-17T08:06:39.826Z] Таблица 'shop_schedules' создана или уже существует.
[2026-08-17T08:06:39.832Z] Таблица 'shop_schedules' создана или уже существует.
[2026-08-17T08:06:39.841Z] Таблица 'shop_schedules' создана или уже существует.
[2026-08-17T08:06:39.850Z] Таблица 'shop_schedules' создана или уже существует.
[2026-08-17T08:06:39.861Z] Таблица 'shop_schedules' создана или уже существует.
[2026-08-17T08:06:39.868Z] Таблица 'shop_schedules' создана или уже существует.
[2026-08-17T08:23:49.291Z] employeeRole: SUPERADMIN
[2026-08-17T08:23:49.345Z] employeeRole: SUPERADMIN
[2026-08-17T08:23:49.350Z] employeeRole: SUPERADMIN
[2026-08-17T08:23:49.359Z] employeeRole: SUPERADMIN
[2026-08-17T08:23:49.365Z] employeeRole: SUPERADMIN
[2026-08-17T08:23:49.365Z] Таблица 'shop_schedules' создана или уже существует.
[2026-08-17T08:23:49.375Z] employeeRole: SUPERADMIN
[2026-08-17T08:23:49.381Z] employeeRole: SUPERADMIN
[2026-08-17T08:23:49.381Z] Таблица 'shop_schedules' создана или уже существует.
[2026-08-17T08:23:49.398Z] employeeRole: SUPERADMIN
[2026-08-17T08:23:49.401Z] Таблица 'shop_schedules' создана или уже существует.
[2026-08-17T08:23:49.411Z] Таблица 'shop_schedules' создана или уже существует.
[2026-08-17T08:23:49.421Z] Таблица 'shop_schedules' создана или уже существует.
[2026-08-17T08:23:49.423Z] Таблица 'shop_schedules' создана или уже существует.
[2026-08-17T08:23:49.429Z] Таблица 'shop_schedules' создана или уже существует.
[2026-08-17T08:23:49.430Z] Таблица 'shop_schedules' создана или уже существует.
[2026-08-17T08:23:49.438Z] Таблица 'shop_schedules' создана или уже существует.
[2026-08-17T08:23:49.451Z] Таблица 'shop_schedules' создана или уже существует.
[2026-08-17T08:23:49.456Z] Таблица 'shop_schedules' создана или уже существует.
[2026-08-17T08:23:49.462Z] Таблица 'shop_schedules' создана или уже существует.
[2026-08-17T08:23:49.470Z] Таблица 'shop_schedules' создана или уже существует.
[2026-08-17T08:23:49.474Z] Таблица 'shop_schedules' создана или уже существует.
[2026-08-17T08:27:06.326Z] employeeRole: SUPERADMIN
[2026-08-17T08:27:06.454Z] Таблица 'shop_schedules' создана или уже существует.
[2026-08-17T08:27:06.465Z] Таблица 'shop_schedules' создана или уже существует.
[2026-08-17T08:27:06.466Z] employeeRole: SUPERADMIN
[2026-08-17T08:27:06.470Z] employeeRole: SUPERADMIN
[2026-08-17T08:27:06.476Z] employeeRole: SUPERADMIN
[2026-08-17T08:27:06.479Z] employeeRole: SUPERADMIN
[2026-08-17T08:27:06.490Z] employeeRole: SUPERADMIN
[2026-08-17T08:27:06.502Z] employeeRole: SUPERADMIN
[2026-08-17T08:27:06.514Z] employeeRole: SUPERADMIN
[2026-08-17T08:27:06.530Z] Таблица 'shop_schedules' создана или уже существует.
[2026-08-17T08:27:06.539Z] Таблица 'shop_schedules' создана или уже существует.
[2026-08-17T08:27:06.546Z] Таблица 'shop_schedules' создана или уже существует.
[2026-08-17T08:27:06.555Z] Таблица 'shop_schedules' создана или уже существует.
[2026-08-17T08:27:06.555Z] Таблица 'shop_schedules' создана или уже существует.
[2026-08-17T08:27:06.564Z] Таблица 'shop_schedules' создана или уже существует.
[2026-08-17T08:27:06.569Z] Таблица 'shop_schedules' создана или уже существует.
[2026-08-17T08:27:06.577Z] Таблица 'shop_schedules' создана или уже существует.
[2026-08-17T08:27:06.590Z] Таблица 'shop_schedules' создана или уже существует.
[2026-08-17T08:27:06.596Z] Таблица 'shop_schedules' создана или уже существует.
[2026-08-17T08:27:06.608Z] Таблица 'shop_schedules' создана или уже существует.
[2026-08-17T08:27:06.615Z] Таблица 'shop_schedules' создана или уже существует.
[2026-08-17T09:21:57.417Z] [getAveragePlan] shop=20251229-316B-40A1-80F7-C59E5B8E6831 date=17-08-2026: 4 таких же дней недели, средние продажи = 5933, план (+5%) = 6230
[2026-08-17T09:21:57.453Z] [getAveragePlan] shop=20260103-425F-4044-8093-F2008B89A33B date=17-08-2026: 4 таких же дней недели, средние продажи = 3885, план (+5%) = 5200
[2026-08-17T09:21:57.479Z] [getAveragePlan] shop=20260103-7090-403D-8015-DE08E5B1138E date=17-08-2026: 3 таких же дней недели, средние продажи = 2593, план (+5%) = 5200
[2026-08-17T09:21:57.867Z] Таблица 'shop_schedules' создана или уже существует.
[2026-08-17T09:21:58.463Z] employeeRole: SUPERADMIN
[2026-08-17T09:22:15.817Z] Таблица 'shop_schedules' создана или уже существует.
[2026-08-17T09:22:15.823Z] Таблица 'shop_schedules' создана или уже существует.
[2026-08-17T09:24:31.096Z] 🚀 Запуск локального сервера на http://localhost:3000
[2026-08-17T09:24:31.099Z]    БД: ./data/local.db
[2026-08-17T09:24:31.099Z]    Файлы: ./data/storage/
[2026-08-17T09:24:31.099Z]    Логи: ./data/logs/
[2026-08-17T09:24:31.101Z] ✅ Сервер слушает порт 3000
[2026-08-17T09:24:31.110Z] [cron] Планировщик запущен:
[2026-08-17T09:24:31.110Z]   syncEngine          — каждые 5 минут (все тенанты, все ресурсы)
[2026-08-17T09:24:31.110Z]     documents — 5 мин | meta — 20 мин | products — 25 мин | stock — 30 мин
[2026-08-17T09:24:31.111Z]   updatePlans         — каждый день в 01:00
[2026-08-17T09:24:31.111Z]   updateSalesByPlan   — каждый день в 01:00
[2026-08-17T09:24:31.111Z]   calcSalary          — каждый день в 01:00
[2026-08-17T09:24:33.103Z] [cron] первичная синхронизация (syncEngine) — запуск...
[2026-08-17T09:24:33.108Z] [syncEngine] Тенантов активных: 1
[2026-08-17T09:24:33.110Z] Таблица 'index_documents' успешно создана или уже существует
[2026-08-17T09:24:33.110Z] [migration] Запуск миграций...
[2026-08-17T09:24:33.111Z] [migration] Миграции завершены.
[2026-08-17T09:24:33.112Z] Таблица 'products' успешно создана или уже существует.
[2026-08-17T09:24:33.112Z] Таблица 'shopProduct' успешно создана или уже существует.
[2026-08-17T09:24:33.112Z] Таблица 'shops' успешно создана или уже существует.
[2026-08-17T09:24:33.112Z] Таблица 'employees' успешно создана или уже существует.
[2026-08-17T09:24:35.313Z] Таблица 'index_documents' успешно создана или уже существует
[2026-08-17T09:24:35.314Z] Таблица 'products' успешно создана или уже существует.
[2026-08-17T09:24:35.314Z] [migration] product_cost_prices v2 (SCD Type 2) — таблица готова
[2026-08-17T09:24:35.315Z] Таблица 'shops' успешно создана или уже существует.
[2026-08-17T09:24:35.316Z] Таблица 'employees' успешно создана или уже существует.
[2026-08-17T09:24:35.560Z] Синхронизировано магазинов: 3
[2026-08-17T09:24:35.561Z] [syncTenant:default] Магазинов: 3
[2026-08-17T09:24:35.728Z] Синхронизировано сотрудников: 9
[2026-08-17T09:24:35.728Z] [syncTenant:default] Сотрудников: 9
[2026-08-17T09:24:36.195Z] [syncTenant:default] Терминалов: 3
[2026-08-17T09:24:37.329Z] Обработано 1364 записей в таблице products
[2026-08-17T09:24:37.842Z] Обработано 1364 записей в таблице shopProduct
[2026-08-17T09:24:37.843Z] [syncTenant:default] Товары синхронизированы по 1 магазинам
[2026-08-17T09:24:38.199Z] [syncTenant:default] Остатки синхронизированы
[2026-08-17T09:24:41.128Z] Обработано 1197 записей в таблице products
[2026-08-17T09:24:41.517Z] Обработано 1197 записей в таблице shopProduct
[2026-08-17T09:24:41.517Z] [syncTenant:default] Товары синхронизированы по 1 магазинам
[2026-08-17T09:24:42.094Z] [syncTenant:default] Остатки синхронизированы
[2026-08-17T09:24:44.984Z] Обработано 1202 записей в таблице products
[2026-08-17T09:24:45.385Z] Обработано 1202 записей в таблице shopProduct
[2026-08-17T09:24:45.385Z] [syncTenant:default] Товары синхронизированы по 1 магазинам
[2026-08-17T09:24:45.924Z] [syncTenant:default] Остатки синхронизированы
[2026-08-17T09:24:46.101Z] [startup] Расчет планов и зарплат...
[2026-08-17T09:24:46.102Z] [cron] План продаж — запуск...
[2026-08-17T09:24:46.102Z] Старт функции updatePlan
[2026-08-17T09:24:46.102Z] Дата для плана: 17-08-2026
[2026-08-17T09:24:46.102Z] Получены UUID товаров: 0 шт.
[2026-08-17T09:24:48.202Z] Successfully inserted 124 documents (duplicates skipped)
[2026-08-17T09:24:48.203Z] [syncTenant:default] Документы (20251229-316B-40A1-80F7-C59E5B8E6831): 124 шт, last_close_date=2026-08-17T09:21:42.000+0000
[2026-08-17T09:24:50.450Z] Successfully inserted 47 documents (duplicates skipped)
[2026-08-17T09:24:50.450Z] [syncTenant:default] Документы (20260103-7090-403D-8015-DE08E5B1138E): 47 шт, last_close_date=2026-08-17T09:08:29.000+0000
[2026-08-17T09:24:51.581Z] Получено записей плана: 3
[2026-08-17T09:24:51.582Z] План обновлён: 3 магазинов за 17-08-2026
[2026-08-17T09:24:51.582Z] Обновление базы данных плана завершено успешно
[2026-08-17T09:24:51.582Z] [cron] План продаж — завершено (5480ms)
[2026-08-17T09:24:51.582Z] [cron] Продажи по плану — запуск...
[2026-08-17T09:24:51.582Z] Таблица 'SaleByPlan' успешно создана или уже существует.
[2026-08-17T09:24:51.582Z] Initialized dates: [object Object]
[2026-08-17T09:24:51.596Z] Данные SaleByPlan обновлены.
[2026-08-17T09:24:51.603Z] Данные SaleByPlan обновлены.
[2026-08-17T09:24:51.608Z] Данные SaleByPlan обновлены.
[2026-08-17T09:24:51.608Z] Final sales data: [object Object]
[2026-08-17T09:24:51.609Z] [cron] Продажи по плану — завершено (27ms)
[2026-08-17T09:24:51.609Z] [cron] Зарплата — запуск...
[2026-08-17T09:24:51.609Z] Accessories UUIDs: 3f51bb7f-f3a2-11e8-b973-ccb0da458b5a
[2026-08-17T09:24:51.610Z] Salary and bonus: 
[2026-08-17T09:24:52.677Z] Successfully inserted 75 documents (duplicates skipped)
[2026-08-17T09:24:52.677Z] [syncTenant:default] Документы (20260103-425F-4044-8093-F2008B89A33B): 75 шт, last_close_date=2026-08-17T09:10:54.000+0000
[2026-08-17T09:24:54.677Z] [syncTenant:default] Цикл завершён
[2026-08-17T09:24:54.678Z] [cron] первичная синхронизация (syncEngine) — завершено (21575ms)
[2026-08-17T09:24:56.102Z] [cron] Telegram-алерты — запуск...
[2026-08-17T09:24:56.102Z] [alerts] Telegram not configured, skipping
[2026-08-17T09:24:56.103Z] [cron] Telegram-алерты — завершено (1ms)
[2026-08-17T09:24:58.611Z] Accessories sales: 0
[2026-08-17T09:24:58.614Z] Salary report: [object Object]
[2026-08-17T09:24:58.615Z] Таблица 'salaryData' успешно создана или уже существует.
[2026-08-17T09:24:58.615Z] Данные сохранены в таблицу salaryData.
[2026-08-17T09:25:00.004Z] [cron] syncEngine — запуск...
[2026-08-17T09:25:00.005Z] [syncEngine] Тенантов активных: 1
[2026-08-17T09:25:00.005Z] Таблица 'index_documents' успешно создана или уже существует
[2026-08-17T09:25:00.006Z] Таблица 'products' успешно создана или уже существует.
[2026-08-17T09:25:00.006Z] Таблица 'shopProduct' успешно создана или уже существует.
[2026-08-17T09:25:00.006Z] Таблица 'shops' успешно создана или уже существует.
[2026-08-17T09:25:00.006Z] Таблица 'employees' успешно создана или уже существует.
[2026-08-17T09:25:05.616Z] Accessories sales: 0
[2026-08-17T09:25:05.617Z] Salary report: [object Object]
[2026-08-17T09:25:05.617Z] Таблица 'salaryData' успешно создана или уже существует.
[2026-08-17T09:25:05.617Z] Данные сохранены в таблицу salaryData.
[2026-08-17T09:25:12.013Z] [syncTenant:default] Цикл завершён
[2026-08-17T09:25:12.014Z] [cron] syncEngine — завершено (12010ms)
[2026-08-17T09:25:12.618Z] Accessories sales: 0
[2026-08-17T09:25:12.619Z] Salary report: [object Object]
[2026-08-17T09:25:12.619Z] Таблица 'salaryData' успешно создана или уже существует.
[2026-08-17T09:25:12.619Z] Данные сохранены в таблицу salaryData.
[2026-08-17T09:25:12.619Z] [cron] Зарплата — завершено (21010ms)
[2026-08-17T09:25:12.619Z] [startup] Планы и зарплаты — готово
[2026-08-17T09:25:39.660Z] [getAveragePlan] shop=20251229-316B-40A1-80F7-C59E5B8E6831 date=17-08-2026: 4 таких же дней недели, средние продажи = 5933, план (+5%) = 6230
[2026-08-17T09:25:39.678Z] [getAveragePlan] shop=20260103-425F-4044-8093-F2008B89A33B date=17-08-2026: 4 таких же дней недели, средние продажи = 3885, план (+5%) = 5200
[2026-08-17T09:25:39.689Z] [getAveragePlan] shop=20260103-7090-403D-8015-DE08E5B1138E date=17-08-2026: 3 таких же дней недели, средние продажи = 2593, план (+5%) = 5200
[2026-08-17T09:25:39.799Z] Таблица 'shop_schedules' создана или уже существует.
[2026-08-17T09:25:40.839Z] employeeRole: SUPERADMIN
[2026-08-17T09:25:46.539Z] Таблица 'shop_schedules' создана или уже существует.
[2026-08-17T09:25:46.544Z] Таблица 'shop_schedules' создана или уже существует.
[2026-08-17T09:28:08.205Z] employeeRole: SUPERADMIN
[2026-08-17T09:28:08.326Z] Таблица 'shop_schedules' создана или уже существует.
[2026-08-17T09:28:08.333Z] Таблица 'shop_schedules' создана или уже существует.
[2026-08-17T09:28:08.371Z] employeeRole: SUPERADMIN
[2026-08-17T09:28:08.373Z] employeeRole: SUPERADMIN
[2026-08-17T09:28:08.383Z] employeeRole: SUPERADMIN
[2026-08-17T09:28:08.385Z] employeeRole: SUPERADMIN
[2026-08-17T09:28:08.392Z] employeeRole: SUPERADMIN
[2026-08-17T09:28:08.396Z] employeeRole: SUPERADMIN
[2026-08-17T09:28:08.401Z] employeeRole: SUPERADMIN
[2026-08-17T09:28:08.438Z] Таблица 'shop_schedules' создана или уже существует.
[2026-08-17T09:28:08.443Z] Таблица 'shop_schedules' создана или уже существует.
[2026-08-17T09:28:08.446Z] Таблица 'shop_schedules' создана или уже существует.
[2026-08-17T09:28:08.470Z] Таблица 'shop_schedules' создана или уже существует.
[2026-08-17T09:28:08.474Z] Таблица 'shop_schedules' создана или уже существует.
[2026-08-17T09:28:08.487Z] Таблица 'shop_schedules' создана или уже существует.
[2026-08-17T09:28:08.495Z] Таблица 'shop_schedules' создана или уже существует.
[2026-08-17T09:28:08.496Z] Таблица 'shop_schedules' создана или уже существует.
[2026-08-17T09:28:08.509Z] Таблица 'shop_schedules' создана или уже существует.
[2026-08-17T09:28:08.517Z] Таблица 'shop_schedules' создана или уже существует.
[2026-08-17T09:28:08.526Z] Таблица 'shop_schedules' создана или уже существует.
[2026-08-17T09:28:08.532Z] Таблица 'shop_schedules' создана или уже существует.
[2026-08-17T09:36:15.115Z] Нет записей до указанной даты.
[2026-08-17T09:36:15.201Z] [getAveragePlan] shop=20260103-425F-4044-8093-F2008B89A33B date=13-08-2026: 4 таких же дней недели, средние продажи = 7655, план (+5%) = 8038
[2026-08-17T09:36:15.203Z] [getAveragePlan] shop=20260103-425F-4044-8093-F2008B89A33B date=14-08-2026: 4 таких же дней недели, средние продажи = 7018, план (+5%) = 7369
[2026-08-17T09:36:15.204Z] [getAveragePlan] shop=20260103-425F-4044-8093-F2008B89A33B date=15-08-2026: 4 таких же дней недели, средние продажи = 5975, план (+5%) = 6274
[2026-08-17T09:36:15.205Z] [getAveragePlan] shop=20251229-316B-40A1-80F7-C59E5B8E6831 date=16-08-2026: 4 таких же дней недели, средние продажи = 4263, план (+5%) = 5200
[2026-08-17T09:36:20.461Z] Таблица 'shop_schedules' создана или уже существует.
[2026-08-17T09:36:20.465Z] Таблица 'shop_schedules' создана или уже существует.
[2026-08-17T09:40:00.027Z] [cron] syncEngine — запуск...
[2026-08-17T09:40:00.035Z] [syncEngine] Тенантов активных: 1
[2026-08-17T09:40:00.035Z] Таблица 'index_documents' успешно создана или уже существует
[2026-08-17T09:40:00.035Z] Таблица 'products' успешно создана или уже существует.
[2026-08-17T09:40:00.035Z] Таблица 'shopProduct' успешно создана или уже существует.
[2026-08-17T09:40:00.035Z] Таблица 'shops' успешно создана или уже существует.
[2026-08-17T09:40:00.035Z] Таблица 'employees' успешно создана или уже существует.
[2026-08-17T09:40:08.086Z] Successfully inserted 126 documents (duplicates skipped)
[2026-08-17T09:40:08.087Z] [syncTenant:default] Документы (20251229-316B-40A1-80F7-C59E5B8E6831): 126 шт, last_close_date=2026-08-17T09:34:58.000+0000
[2026-08-17T09:40:10.425Z] Successfully inserted 75 documents (duplicates skipped)
[2026-08-17T09:40:10.426Z] [syncTenant:default] Документы (20260103-425F-4044-8093-F2008B89A33B): 75 шт, last_close_date=2026-08-17T09:10:54.000+0000
[2026-08-17T09:40:12.757Z] Successfully inserted 47 documents (duplicates skipped)
[2026-08-17T09:40:12.757Z] [syncTenant:default] Документы (20260103-7090-403D-8015-DE08E5B1138E): 47 шт, last_close_date=2026-08-17T09:08:29.000+0000
[2026-08-17T09:40:14.759Z] [syncTenant:default] Цикл завершён
[2026-08-17T09:40:14.759Z] [cron] syncEngine — завершено (14732ms)
[2026-08-17T09:42:01.654Z] employeeRole: SUPERADMIN
[2026-08-17T09:42:01.700Z] Таблица 'shop_schedules' создана или уже существует.
[2026-08-17T09:42:01.702Z] Таблица 'shop_schedules' создана или уже существует.
[2026-08-17T09:42:01.732Z] employeeRole: SUPERADMIN
[2026-08-17T09:42:01.733Z] employeeRole: SUPERADMIN
[2026-08-17T09:42:01.735Z] employeeRole: SUPERADMIN
[2026-08-17T09:42:01.740Z] employeeRole: SUPERADMIN
[2026-08-17T09:42:01.750Z] employeeRole: SUPERADMIN
[2026-08-17T09:42:01.754Z] employeeRole: SUPERADMIN
[2026-08-17T09:42:01.756Z] employeeRole: SUPERADMIN
[2026-08-17T09:42:01.786Z] Таблица 'shop_schedules' создана или уже существует.
[2026-08-17T09:42:01.787Z] Таблица 'shop_schedules' создана или уже существует.
[2026-08-17T09:42:01.793Z] Таблица 'shop_schedules' создана или уже существует.
[2026-08-17T09:42:01.794Z] Таблица 'shop_schedules' создана или уже существует.
[2026-08-17T09:42:01.803Z] Таблица 'shop_schedules' создана или уже существует.
[2026-08-17T09:42:01.805Z] Таблица 'shop_schedules' создана или уже существует.
[2026-08-17T09:42:01.809Z] Таблица 'shop_schedules' создана или уже существует.
[2026-08-17T09:42:01.810Z] Таблица 'shop_schedules' создана или уже существует.
[2026-08-17T09:42:01.817Z] Таблица 'shop_schedules' создана или уже существует.
[2026-08-17T09:42:01.823Z] Таблица 'shop_schedules' создана или уже существует.
[2026-08-17T09:42:01.830Z] Таблица 'shop_schedules' создана или уже существует.
[2026-08-17T09:42:01.834Z] Таблица 'shop_schedules' создана или уже существует.
[2026-08-17T09:50:00.003Z] [cron] syncEngine — запуск...
[2026-08-17T09:50:00.010Z] [syncEngine] Тенантов активных: 1
[2026-08-17T09:50:00.011Z] Таблица 'index_documents' успешно создана или уже существует
[2026-08-17T09:50:00.011Z] Таблица 'products' успешно создана или уже существует.
[2026-08-17T09:50:00.011Z] Таблица 'shopProduct' успешно создана или уже существует.
[2026-08-17T09:50:00.011Z] Таблица 'shops' успешно создана или уже существует.
[2026-08-17T09:50:00.011Z] Таблица 'employees' успешно создана или уже существует.
[2026-08-17T09:50:03.355Z] Синхронизировано магазинов: 3
[2026-08-17T09:50:03.357Z] [syncTenant:default] Магазинов: 3
[2026-08-17T09:50:03.501Z] Синхронизировано сотрудников: 9
[2026-08-17T09:50:03.502Z] [syncTenant:default] Сотрудников: 9
[2026-08-17T09:50:04.010Z] [syncTenant:default] Терминалов: 3
[2026-08-17T09:50:05.019Z] Обработано 1364 записей в таблице products
[2026-08-17T09:50:05.522Z] Обработано 1364 записей в таблице shopProduct
[2026-08-17T09:50:05.523Z] [syncTenant:default] Товары синхронизированы по 1 магазинам
[2026-08-17T09:50:08.881Z] Обработано 1197 записей в таблице products
[2026-08-17T09:50:09.673Z] Обработано 1197 записей в таблице shopProduct
[2026-08-17T09:50:09.673Z] [syncTenant:default] Товары синхронизированы по 1 магазинам
[2026-08-17T09:50:12.669Z] Обработано 1202 записей в таблице products
[2026-08-17T09:50:12.940Z] Обработано 1202 записей в таблице shopProduct
[2026-08-17T09:50:12.940Z] [syncTenant:default] Товары синхронизированы по 1 магазинам
[2026-08-17T09:50:15.216Z] Successfully inserted 128 documents (duplicates skipped)
[2026-08-17T09:50:15.217Z] [syncTenant:default] Документы (20251229-316B-40A1-80F7-C59E5B8E6831): 128 шт, last_close_date=2026-08-17T09:48:45.000+0000
[2026-08-17T09:50:17.529Z] Successfully inserted 47 documents (duplicates skipped)
[2026-08-17T09:50:17.530Z] [syncTenant:default] Документы (20260103-7090-403D-8015-DE08E5B1138E): 47 шт, last_close_date=2026-08-17T09:08:29.000+0000
[2026-08-17T09:50:20.006Z] Successfully inserted 77 documents (duplicates skipped)
[2026-08-17T09:50:20.008Z] [syncTenant:default] Документы (20260103-425F-4044-8093-F2008B89A33B): 77 шт, last_close_date=2026-08-17T09:47:43.000+0000
[2026-08-17T09:50:22.009Z] [syncTenant:default] Цикл завершён
[2026-08-17T09:50:22.010Z] [cron] syncEngine — завершено (22007ms)
[2026-08-17T09:53:12.551Z] employeeRole: SUPERADMIN
[2026-08-17T09:53:12.574Z] Таблица 'shop_schedules' создана или уже существует.
[2026-08-17T09:53:12.577Z] Таблица 'shop_schedules' создана или уже существует.
[2026-08-17T09:53:13.100Z] employeeRole: SUPERADMIN
[2026-08-17T09:53:13.105Z] employeeRole: SUPERADMIN
[2026-08-17T09:53:13.106Z] employeeRole: SUPERADMIN
[2026-08-17T09:53:13.118Z] employeeRole: SUPERADMIN
[2026-08-17T09:53:13.129Z] employeeRole: SUPERADMIN
[2026-08-17T09:53:13.140Z] employeeRole: SUPERADMIN
[2026-08-17T09:53:13.142Z] Таблица 'shop_schedules' создана или уже существует.
[2026-08-17T09:53:13.153Z] Таблица 'shop_schedules' создана или уже существует.
[2026-08-17T09:53:13.155Z] Таблица 'shop_schedules' создана или уже существует.
[2026-08-17T09:53:13.160Z] employeeRole: SUPERADMIN
[2026-08-17T09:53:13.170Z] Таблица 'shop_schedules' создана или уже существует.
[2026-08-17T09:53:13.173Z] Таблица 'shop_schedules' создана или уже существует.
[2026-08-17T09:53:13.179Z] Таблица 'shop_schedules' создана или уже существует.
[2026-08-17T09:53:13.185Z] Таблица 'shop_schedules' создана или уже существует.
[2026-08-17T09:53:13.196Z] Таблица 'shop_schedules' создана или уже существует.
[2026-08-17T09:53:13.206Z] Таблица 'shop_schedules' создана или уже существует.
[2026-08-17T09:53:13.214Z] Таблица 'shop_schedules' создана или уже существует.
[2026-08-17T09:53:13.226Z] Таблица 'shop_schedules' создана или уже существует.
[2026-08-17T09:53:13.232Z] Таблица 'shop_schedules' создана или уже существует.
[2026-08-17T09:53:24.035Z] Таблица 'shop_schedules' создана или уже существует.
[2026-08-17T09:53:24.041Z] Таблица 'shop_schedules' создана или уже существует.
[2026-08-17T09:53:24.129Z] Таблица 'shop_schedules' создана или уже существует.
[2026-08-17T09:53:24.139Z] Таблица 'shop_schedules' создана или уже существует.
[2026-08-17T09:53:24.143Z] Таблица 'shop_schedules' создана или уже существует.
[2026-08-17T09:53:24.149Z] Таблица 'shop_schedules' создана или уже существует.
[2026-08-17T09:53:24.155Z] Таблица 'shop_schedules' создана или уже существует.
[2026-08-17T09:53:24.162Z] Таблица 'shop_schedules' создана или уже существует.
[2026-08-17T09:53:24.163Z] Таблица 'shop_schedules' создана или уже существует.
[2026-08-17T09:53:24.178Z] Таблица 'shop_schedules' создана или уже существует.
[2026-08-17T09:53:24.191Z] Таблица 'shop_schedules' создана или уже существует.
[2026-08-17T09:53:24.197Z] Таблица 'shop_schedules' создана или уже существует.
[2026-08-17T09:53:24.210Z] Таблица 'shop_schedules' создана или уже существует.
[2026-08-17T09:53:24.216Z] Таблица 'shop_schedules' создана или уже существует.
[2026-08-17T09:53:45.466Z] Таблица 'shop_schedules' создана или уже существует.
[2026-08-17T09:53:46.110Z] Таблица 'shop_schedules' создана или уже существует.
[2026-08-17T09:53:46.112Z] Таблица 'shop_schedules' создана или уже существует.
[2026-08-17T09:53:46.120Z] Таблица 'shop_schedules' создана или уже существует.
[2026-08-17T09:53:46.120Z] Таблица 'shop_schedules' создана или уже существует.
[2026-08-17T09:53:46.127Z] Таблица 'shop_schedules' создана или уже существует.
[2026-08-17T09:53:46.133Z] Таблица 'shop_schedules' создана или уже существует.
[2026-08-17T09:54:15.041Z] employeeRole: SUPERADMIN
[2026-08-17T09:54:15.070Z] Таблица 'shop_schedules' создана или уже существует.
[2026-08-17T09:54:15.073Z] Таблица 'shop_schedules' создана или уже существует.
[2026-08-17T09:54:15.343Z] employeeRole: SUPERADMIN
[2026-08-17T09:54:15.349Z] employeeRole: SUPERADMIN
[2026-08-17T09:54:15.376Z] employeeRole: SUPERADMIN
[2026-08-17T09:54:15.376Z] employeeRole: SUPERADMIN
[2026-08-17T09:54:15.384Z] employeeRole: SUPERADMIN
[2026-08-17T09:54:15.393Z] employeeRole: SUPERADMIN
[2026-08-17T09:54:15.408Z] employeeRole: SUPERADMIN
[2026-08-17T09:54:15.430Z] Таблица 'shop_schedules' создана или уже существует.
[2026-08-17T09:54:15.437Z] Таблица 'shop_schedules' создана или уже существует.
[2026-08-17T09:54:15.438Z] Таблица 'shop_schedules' создана или уже существует.
[2026-08-17T09:54:15.449Z] Таблица 'shop_schedules' создана или уже существует.
[2026-08-17T09:54:15.452Z] Таблица 'shop_schedules' создана или уже существует.
[2026-08-17T09:54:15.458Z] Таблица 'shop_schedules' создана или уже существует.
[2026-08-17T09:54:15.462Z] Таблица 'shop_schedules' создана или уже существует.
[2026-08-17T09:54:15.470Z] Таблица 'shop_schedules' создана или уже существует.
[2026-08-17T09:54:15.477Z] Таблица 'shop_schedules' создана или уже существует.
[2026-08-17T09:54:15.484Z] Таблица 'shop_schedules' создана или уже существует.
[2026-08-17T09:54:15.494Z] Таблица 'shop_schedules' создана или уже существует.
[2026-08-17T09:54:15.498Z] Таблица 'shop_schedules' создана или уже существует.
[2026-08-17T09:54:34.200Z] Таблица 'shop_schedules' создана или уже существует.
[2026-08-17T09:54:35.101Z] Таблица 'shop_schedules' создана или уже существует.
[2026-08-17T09:54:35.105Z] Таблица 'shop_schedules' создана или уже существует.
[2026-08-17T09:54:35.131Z] Таблица 'shop_schedules' создана или уже существует.
[2026-08-17T09:54:35.132Z] Таблица 'shop_schedules' создана или уже существует.
[2026-08-17T09:54:35.138Z] Таблица 'shop_schedules' создана или уже существует.
[2026-08-17T09:54:35.139Z] Таблица 'shop_schedules' создана или уже существует.
[2026-08-17T09:54:37.124Z] employeeRole: SUPERADMIN
[2026-08-17T09:54:37.183Z] employeeRole: SUPERADMIN
[2026-08-17T09:54:37.186Z] employeeRole: SUPERADMIN
[2026-08-17T09:54:37.204Z] employeeRole: SUPERADMIN
[2026-08-17T09:54:37.244Z] Таблица 'shop_schedules' создана или уже существует.
[2026-08-17T09:54:37.255Z] Таблица 'shop_schedules' создана или уже существует.
[2026-08-17T09:54:37.290Z] Таблица 'shop_schedules' создана или уже существует.
[2026-08-17T09:54:37.294Z] Таблица 'shop_schedules' создана или уже существует.
[2026-08-17T09:54:37.384Z] employeeRole: SUPERADMIN
[2026-08-17T09:54:37.415Z] Таблица 'shop_schedules' создана или уже существует.
[2026-08-17T09:54:37.449Z] Таблица 'shop_schedules' создана или уже существует.
[2026-08-17T09:54:37.463Z] employeeRole: SUPERADMIN
[2026-08-17T09:54:37.473Z] employeeRole: SUPERADMIN
[2026-08-17T09:54:37.513Z] employeeRole: SUPERADMIN
[2026-08-17T09:54:37.804Z] Таблица 'shop_schedules' создана или уже существует.
[2026-08-17T09:54:37.809Z] Таблица 'shop_schedules' создана или уже существует.
[2026-08-17T09:54:37.819Z] Таблица 'shop_schedules' создана или уже существует.
[2026-08-17T09:54:37.827Z] Таблица 'shop_schedules' создана или уже существует.
[2026-08-17T09:54:37.847Z] Таблица 'shop_schedules' создана или уже существует.
[2026-08-17T09:54:37.864Z] Таблица 'shop_schedules' создана или уже существует.
[2026-08-17T09:54:37.869Z] Таблица 'shop_schedules' создана или уже существует.
[2026-08-17T09:54:37.886Z] Таблица 'shop_schedules' создана или уже существует.
[2026-08-17T09:54:40.485Z] employeeRole: SUPERADMIN
[2026-08-17T09:54:40.512Z] Таблица 'shop_schedules' создана или уже существует.
[2026-08-17T09:54:40.516Z] Таблица 'shop_schedules' создана или уже существует.
[2026-08-17T09:54:41.246Z] employeeRole: SUPERADMIN
[2026-08-17T09:54:41.257Z] employeeRole: SUPERADMIN
[2026-08-17T09:54:41.259Z] employeeRole: SUPERADMIN
[2026-08-17T09:54:41.267Z] employeeRole: SUPERADMIN
[2026-08-17T09:54:41.275Z] employeeRole: SUPERADMIN
[2026-08-17T09:54:41.294Z] Таблица 'shop_schedules' создана или уже существует.
[2026-08-17T09:54:41.305Z] Таблица 'shop_schedules' создана или уже существует.
[2026-08-17T09:54:41.316Z] Таблица 'shop_schedules' создана или уже существует.
[2026-08-17T09:54:41.322Z] Таблица 'shop_schedules' создана или уже существует.
[2026-08-17T09:54:41.324Z] Таблица 'shop_schedules' создана или уже существует.
[2026-08-17T09:54:41.330Z] employeeRole: SUPERADMIN
[2026-08-17T09:54:41.339Z] Таблица 'shop_schedules' создана или уже существует.
[2026-08-17T09:54:41.352Z] employeeRole: SUPERADMIN
[2026-08-17T09:54:41.353Z] Таблица 'shop_schedules' создана или уже существует.
[2026-08-17T09:54:41.360Z] Таблица 'shop_schedules' создана или уже существует.
[2026-08-17T09:54:41.387Z] Таблица 'shop_schedules' создана или уже существует.
[2026-08-17T09:54:41.394Z] Таблица 'shop_schedules' создана или уже существует.
[2026-08-17T09:54:41.399Z] Таблица 'shop_schedules' создана или уже существует.
[2026-08-17T09:54:41.404Z] Таблица 'shop_schedules' создана или уже существует.
[2026-08-17T09:54:52.180Z] Таблица 'shop_schedules' создана или уже существует.
[2026-08-17T09:54:53.136Z] Таблица 'shop_schedules' создана или уже существует.
[2026-08-17T09:54:53.137Z] Таблица 'shop_schedules' создана или уже существует.
[2026-08-17T09:54:53.145Z] Таблица 'shop_schedules' создана или уже существует.
[2026-08-17T09:54:53.145Z] Таблица 'shop_schedules' создана или уже существует.
[2026-08-17T09:54:53.151Z] Таблица 'shop_schedules' создана или уже существует.
[2026-08-17T09:54:53.156Z] Таблица 'shop_schedules' создана или уже существует.
[2026-08-17T09:54:54.019Z] Таблица 'shop_schedules' создана или уже существует.
[2026-08-17T09:54:54.126Z] Таблица 'shop_schedules' создана или уже существует.
[2026-08-17T09:54:54.129Z] Таблица 'shop_schedules' создана или уже существует.
[2026-08-17T09:54:54.133Z] Таблица 'shop_schedules' создана или уже существует.
[2026-08-17T09:54:54.135Z] Таблица 'shop_schedules' создана или уже существует.
[2026-08-17T09:54:54.141Z] Таблица 'shop_schedules' создана или уже существует.
[2026-08-17T09:54:54.144Z] Таблица 'shop_schedules' создана или уже существует.
[2026-08-17T09:55:00.027Z] [cron] syncEngine — запуск...
[2026-08-17T09:55:00.028Z] [syncEngine] Тенантов активных: 1
[2026-08-17T09:55:00.028Z] Таблица 'index_documents' успешно создана или уже существует
[2026-08-17T09:55:00.029Z] Таблица 'products' успешно создана или уже существует.
[2026-08-17T09:55:00.029Z] Таблица 'shopProduct' успешно создана или уже существует.
[2026-08-17T09:55:00.029Z] Таблица 'shops' успешно создана или уже существует.
[2026-08-17T09:55:00.029Z] Таблица 'employees' успешно создана или уже существует.
[2026-08-17T09:55:02.276Z] [syncTenant:default] Остатки синхронизированы
[2026-08-17T09:55:04.762Z] [syncTenant:default] Остатки синхронизированы
[2026-08-17T09:55:07.224Z] [syncTenant:default] Остатки синхронизированы
[2026-08-17T09:55:15.231Z] [syncTenant:default] Цикл завершён
[2026-08-17T09:55:15.233Z] [cron] syncEngine — завершено (15206ms)
[2026-08-17T09:58:08.720Z] Таблица 'shop_schedules' создана или уже существует.
[2026-08-17T09:58:09.101Z] employeeRole: SUPERADMIN
[2026-08-17T09:59:08.789Z] Таблица 'shop_schedules' создана или уже существует.
[2026-08-17T10:00:00.011Z] [cron] syncEngine — запуск...
[2026-08-17T10:00:00.014Z] [syncEngine] Тенантов активных: 1
[2026-08-17T10:00:00.014Z] Таблица 'index_documents' успешно создана или уже существует
[2026-08-17T10:00:00.015Z] Таблица 'products' успешно создана или уже существует.
[2026-08-17T10:00:00.015Z] Таблица 'shopProduct' успешно создана или уже существует.
[2026-08-17T10:00:00.015Z] Таблица 'shops' успешно создана или уже существует.
[2026-08-17T10:00:00.015Z] Таблица 'employees' успешно создана или уже существует.
[2026-08-17T10:00:08.237Z] Successfully inserted 129 documents (duplicates skipped)
[2026-08-17T10:00:08.238Z] [syncTenant:default] Документы (20251229-316B-40A1-80F7-C59E5B8E6831): 129 шт, last_close_date=2026-08-17T09:59:26.000+0000
[2026-08-17T10:00:08.841Z] Таблица 'shop_schedules' создана или уже существует.
[2026-08-17T10:00:11.289Z] Successfully inserted 77 documents (duplicates skipped)
[2026-08-17T10:00:11.290Z] [syncTenant:default] Документы (20260103-425F-4044-8093-F2008B89A33B): 77 шт, last_close_date=2026-08-17T09:47:43.000+0000
[2026-08-17T10:00:13.731Z] Successfully inserted 47 documents (duplicates skipped)
[2026-08-17T10:00:13.732Z] [syncTenant:default] Документы (20260103-7090-403D-8015-DE08E5B1138E): 47 шт, last_close_date=2026-08-17T09:08:29.000+0000
[2026-08-17T10:00:15.734Z] [syncTenant:default] Цикл завершён
[2026-08-17T10:00:15.736Z] [cron] syncEngine — завершено (15725ms)
[2026-08-17T10:00:40.297Z] employeeRole: SUPERADMIN
[2026-08-17T10:00:41.738Z] employeeRole: SUPERADMIN
[2026-08-17T10:00:41.788Z] employeeRole: SUPERADMIN
[2026-08-17T10:00:41.790Z] Таблица 'shop_schedules' создана или уже существует.
[2026-08-17T10:00:41.819Z] employeeRole: SUPERADMIN
[2026-08-17T10:00:41.917Z] Таблица 'shop_schedules' создана или уже существует.
[2026-08-17T10:00:41.922Z] Таблица 'shop_schedules' создана или уже существует.
[2026-08-17T10:00:41.923Z] employeeRole: SUPERADMIN
[2026-08-17T10:00:41.934Z] employeeRole: SUPERADMIN
[2026-08-17T10:00:41.935Z] Таблица 'shop_schedules' создана или уже существует.
[2026-08-17T10:00:41.942Z] Таблица 'shop_schedules' создана или уже существует.
[2026-08-17T10:00:41.947Z] employeeRole: SUPERADMIN
[2026-08-17T10:00:41.951Z] employeeRole: SUPERADMIN
[2026-08-17T10:00:41.976Z] Таблица 'shop_schedules' создана или уже существует.
[2026-08-17T10:00:41.980Z] Таблица 'shop_schedules' создана или уже существует.
[2026-08-17T10:00:41.987Z] Таблица 'shop_schedules' создана или уже существует.
[2026-08-17T10:00:41.992Z] Таблица 'shop_schedules' создана или уже существует.
[2026-08-17T10:00:41.996Z] Таблица 'shop_schedules' создана или уже существует.
[2026-08-17T10:00:41.999Z] Таблица 'shop_schedules' создана или уже существует.
[2026-08-17T10:00:42.005Z] Таблица 'shop_schedules' создана или уже существует.
[2026-08-17T10:00:42.007Z] Таблица 'shop_schedules' создана или уже существует.
[2026-08-17T10:15:00.005Z] [cron] syncEngine — запуск...
[2026-08-17T10:15:00.013Z] [syncEngine] Тенантов активных: 1
[2026-08-17T10:15:00.014Z] Таблица 'index_documents' успешно создана или уже существует
[2026-08-17T10:15:00.014Z] Таблица 'products' успешно создана или уже существует.
[2026-08-17T10:15:00.014Z] Таблица 'shopProduct' успешно создана или уже существует.
[2026-08-17T10:15:00.014Z] Таблица 'shops' успешно создана или уже существует.
[2026-08-17T10:15:00.014Z] Таблица 'employees' успешно создана или уже существует.
[2026-08-17T10:15:03.469Z] Синхронизировано магазинов: 3
[2026-08-17T10:15:03.470Z] [syncTenant:default] Магазинов: 3
[2026-08-17T10:15:03.882Z] Синхронизировано сотрудников: 9
[2026-08-17T10:15:03.883Z] [syncTenant:default] Сотрудников: 9
[2026-08-17T10:15:04.189Z] [syncTenant:default] Терминалов: 3
[2026-08-17T10:15:13.350Z] Successfully inserted 131 documents (duplicates skipped)
[2026-08-17T10:15:13.351Z] [syncTenant:default] Документы (20251229-316B-40A1-80F7-C59E5B8E6831): 131 шт, last_close_date=2026-08-17T10:13:12.000+0000
[2026-08-17T10:15:15.618Z] Successfully inserted 47 documents (duplicates skipped)
[2026-08-17T10:15:15.619Z] [syncTenant:default] Документы (20260103-7090-403D-8015-DE08E5B1138E): 47 шт, last_close_date=2026-08-17T09:08:29.000+0000
[2026-08-17T10:15:17.889Z] Successfully inserted 80 documents (duplicates skipped)
[2026-08-17T10:15:17.891Z] [syncTenant:default] Документы (20260103-425F-4044-8093-F2008B89A33B): 80 шт, last_close_date=2026-08-17T10:13:03.000+0000
[2026-08-17T10:15:19.893Z] [syncTenant:default] Цикл завершён
[2026-08-17T10:15:19.894Z] [cron] syncEngine — завершено (19889ms)
[2026-08-17T10:15:32.836Z] employeeRole: SUPERADMIN
[2026-08-17T10:15:32.906Z] employeeRole: SUPERADMIN
[2026-08-17T10:15:32.995Z] employeeRole: SUPERADMIN
[2026-08-17T10:15:33.605Z] employeeRole: SUPERADMIN
[2026-08-17T10:15:33.608Z] Таблица 'shop_schedules' создана или уже существует.
[2026-08-17T10:15:33.976Z] employeeRole: SUPERADMIN
[2026-08-17T10:15:33.980Z] employeeRole: SUPERADMIN
[2026-08-17T10:15:34.270Z] employeeRole: SUPERADMIN
[2026-08-17T10:15:34.272Z] Таблица 'shop_schedules' создана или уже существует.
[2026-08-17T10:15:34.278Z] Таблица 'shop_schedules' создана или уже существует.
[2026-08-17T10:15:34.284Z] employeeRole: SUPERADMIN
[2026-08-17T10:15:34.289Z] Таблица 'shop_schedules' создана или уже существует.
[2026-08-17T10:15:34.297Z] Таблица 'shop_schedules' создана или уже существует.
[2026-08-17T10:15:34.308Z] Таблица 'shop_schedules' создана или уже существует.
[2026-08-17T10:15:34.315Z] Таблица 'shop_schedules' создана или уже существует.
[2026-08-17T10:15:34.323Z] Таблица 'shop_schedules' создана или уже существует.
[2026-08-17T10:15:34.329Z] Таблица 'shop_schedules' создана или уже существует.
[2026-08-17T10:15:34.334Z] Таблица 'shop_schedules' создана или уже существует.
[2026-08-17T10:15:34.338Z] Таблица 'shop_schedules' создана или уже существует.
[2026-08-17T10:15:34.345Z] Таблица 'shop_schedules' создана или уже существует.
[2026-08-17T10:15:34.349Z] Таблица 'shop_schedules' создана или уже существует.
[2026-08-17T10:17:28.220Z] Таблица 'shop_schedules' создана или уже существует.
[2026-08-17T10:17:28.223Z] Таблица 'shop_schedules' создана или уже существует.
[2026-08-17T10:17:33.577Z] Таблица 'shop_schedules' создана или уже существует.
[2026-08-17T10:17:33.696Z] employeeRole: SUPERADMIN
[2026-08-17T10:18:33.642Z] Таблица 'shop_schedules' создана или уже существует.
[2026-08-17T10:19:33.695Z] Таблица 'shop_schedules' создана или уже существует.
[2026-08-17T10:20:00.012Z] [cron] syncEngine — запуск...
[2026-08-17T10:20:00.014Z] [syncEngine] Тенантов активных: 1
[2026-08-17T10:20:00.014Z] Таблица 'index_documents' успешно создана или уже существует
[2026-08-17T10:20:00.014Z] Таблица 'products' успешно создана или уже существует.
[2026-08-17T10:20:00.015Z] Таблица 'shopProduct' успешно создана или уже существует.
[2026-08-17T10:20:00.015Z] Таблица 'shops' успешно создана или уже существует.
[2026-08-17T10:20:00.015Z] Таблица 'employees' успешно создана или уже существует.
[2026-08-17T10:20:03.789Z] Обработано 1364 записей в таблице products
[2026-08-17T10:20:04.066Z] Обработано 1364 записей в таблице shopProduct
[2026-08-17T10:20:04.067Z] [syncTenant:default] Товары синхронизированы по 1 магазинам
[2026-08-17T10:20:06.976Z] Обработано 1202 записей в таблице products
[2026-08-17T10:20:07.359Z] Обработано 1202 записей в таблице shopProduct
[2026-08-17T10:20:07.360Z] [syncTenant:default] Товары синхронизированы по 1 магазинам
[2026-08-17T10:20:10.416Z] Обработано 1197 записей в таблице products
[2026-08-17T10:20:10.739Z] Обработано 1197 записей в таблице shopProduct
[2026-08-17T10:20:10.740Z] [syncTenant:default] Товары синхронизированы по 1 магазинам
[2026-08-17T10:20:20.016Z] Successfully inserted 47 documents (duplicates skipped)
[2026-08-17T10:20:20.018Z] [syncTenant:default] Документы (20260103-7090-403D-8015-DE08E5B1138E): 47 шт, last_close_date=2026-08-17T09:08:29.000+0000
[2026-08-17T10:20:22.018Z] [syncTenant:default] Цикл завершён
[2026-08-17T10:20:22.021Z] [cron] syncEngine — завершено (22009ms)
[2026-08-17T10:20:33.985Z] Таблица 'shop_schedules' создана или уже существует.
[2026-08-17T10:21:34.048Z] Таблица 'shop_schedules' создана или уже существует.
[2026-08-17T10:22:34.107Z] Таблица 'shop_schedules' создана или уже существует.
[2026-08-17T10:23:34.347Z] Таблица 'shop_schedules' создана или уже существует.
[2026-08-17T10:24:34.428Z] Таблица 'shop_schedules' создана или уже существует.
[2026-08-17T10:25:00.009Z] [cron] syncEngine — запуск...
[2026-08-17T10:25:00.011Z] [syncEngine] Тенантов активных: 1
[2026-08-17T10:25:00.011Z] Таблица 'index_documents' успешно создана или уже существует
[2026-08-17T10:25:00.011Z] Таблица 'products' успешно создана или уже существует.
[2026-08-17T10:25:00.011Z] Таблица 'shopProduct' успешно создана или уже существует.
[2026-08-17T10:25:00.012Z] Таблица 'shops' успешно создана или уже существует.
[2026-08-17T10:25:00.012Z] Таблица 'employees' успешно создана или уже существует.
[2026-08-17T10:25:09.450Z] Successfully inserted 132 documents (duplicates skipped)
[2026-08-17T10:25:09.451Z] [syncTenant:default] Документы (20251229-316B-40A1-80F7-C59E5B8E6831): 132 шт, last_close_date=2026-08-17T10:16:20.000+0000
[2026-08-17T10:25:11.718Z] Successfully inserted 83 documents (duplicates skipped)
[2026-08-17T10:25:11.718Z] [syncTenant:default] Документы (20260103-425F-4044-8093-F2008B89A33B): 83 шт, last_close_date=2026-08-17T10:20:19.000+0000
[2026-08-17T10:25:15.721Z] [syncTenant:default] Цикл завершён
[2026-08-17T10:25:15.721Z] [cron] syncEngine — завершено (15712ms)
[2026-08-17T10:25:34.504Z] Таблица 'shop_schedules' создана или уже существует.
[2026-08-17T10:25:59.776Z] employeeRole: SUPERADMIN
[2026-08-17T10:26:27.487Z] 🚀 Запуск локального сервера на http://localhost:3000
[2026-08-17T10:26:27.488Z]    БД: ./data/local.db
[2026-08-17T10:26:27.488Z]    Файлы: ./data/storage/
[2026-08-17T10:26:27.488Z]    Логи: ./data/logs/
[2026-08-17T10:26:27.489Z] ✅ Сервер слушает порт 3000
[2026-08-17T10:26:27.507Z] [cron] Планировщик запущен:
[2026-08-17T10:26:27.508Z]   syncEngine          — каждые 5 минут (все тенанты, все ресурсы)
[2026-08-17T10:26:27.508Z]     documents — 5 мин | meta — 20 мин | products — 25 мин | stock — 30 мин
[2026-08-17T10:26:27.508Z]   updatePlans         — каждый день в 01:00
[2026-08-17T10:26:27.508Z]   updateSalesByPlan   — каждый день в 01:00
[2026-08-17T10:26:27.508Z]   calcSalary          — каждый день в 01:00
[2026-08-17T10:26:29.492Z] [cron] первичная синхронизация (syncEngine) — запуск...
[2026-08-17T10:26:29.497Z] [syncEngine] Тенантов активных: 1
[2026-08-17T10:26:29.498Z] Таблица 'index_documents' успешно создана или уже существует
[2026-08-17T10:26:29.499Z] [migration] Запуск миграций...
[2026-08-17T10:26:29.500Z] [migration] Миграции завершены.
[2026-08-17T10:26:29.500Z] Таблица 'products' успешно создана или уже существует.
[2026-08-17T10:26:29.500Z] Таблица 'shopProduct' успешно создана или уже существует.
[2026-08-17T10:26:29.500Z] Таблица 'shops' успешно создана или уже существует.
[2026-08-17T10:26:29.501Z] Таблица 'employees' успешно создана или уже существует.
[2026-08-17T10:26:29.952Z] Таблица 'index_documents' успешно создана или уже существует
[2026-08-17T10:26:29.953Z] Таблица 'products' успешно создана или уже существует.
[2026-08-17T10:26:29.953Z] [migration] product_cost_prices v2 (SCD Type 2) — таблица готова
[2026-08-17T10:26:29.955Z] Таблица 'shops' успешно создана или уже существует.
[2026-08-17T10:26:29.955Z] Таблица 'employees' успешно создана или уже существует.
[2026-08-17T10:26:32.558Z] [syncTenant:default] Остатки синхронизированы
[2026-08-17T10:26:34.872Z] [syncTenant:default] Остатки синхронизированы
[2026-08-17T10:26:37.285Z] [syncTenant:default] Остатки синхронизированы
[2026-08-17T10:26:42.491Z] [startup] Расчет планов и зарплат...
[2026-08-17T10:26:42.494Z] [cron] План продаж — запуск...
[2026-08-17T10:26:42.494Z] Старт функции updatePlan
[2026-08-17T10:26:42.494Z] Дата для плана: 17-08-2026
[2026-08-17T10:26:42.494Z] Получены UUID товаров: 0 шт.
[2026-08-17T10:26:46.215Z] Successfully inserted 47 documents (duplicates skipped)
[2026-08-17T10:26:46.215Z] [syncTenant:default] Документы (20260103-7090-403D-8015-DE08E5B1138E): 47 шт, last_close_date=2026-08-17T09:08:29.000+0000
[2026-08-17T10:26:48.217Z] [syncTenant:default] Цикл завершён
[2026-08-17T10:26:48.217Z] [cron] первичная синхронизация (syncEngine) — завершено (18725ms)
[2026-08-17T10:26:50.999Z] Получено записей плана: 3
[2026-08-17T10:26:51.005Z] План обновлён: 3 магазинов за 17-08-2026
[2026-08-17T10:26:51.005Z] Обновление базы данных плана завершено успешно
[2026-08-17T10:26:51.005Z] [cron] План продаж — завершено (8511ms)
[2026-08-17T10:26:51.005Z] [cron] Продажи по плану — запуск...
[2026-08-17T10:26:51.005Z] Таблица 'SaleByPlan' успешно создана или уже существует.
[2026-08-17T10:26:51.005Z] Initialized dates: [object Object]
[2026-08-17T10:26:51.022Z] Данные SaleByPlan обновлены.
[2026-08-17T10:26:51.032Z] Данные SaleByPlan обновлены.
[2026-08-17T10:26:51.038Z] Данные SaleByPlan обновлены.
[2026-08-17T10:26:51.039Z] Final sales data: [object Object]
[2026-08-17T10:26:51.039Z] [cron] Продажи по плану — завершено (34ms)
[2026-08-17T10:26:51.039Z] [cron] Зарплата — запуск...
[2026-08-17T10:26:51.040Z] Accessories UUIDs: 3f51bb7f-f3a2-11e8-b973-ccb0da458b5a,568905bd-9460-11ee-9ef4-be8fe126e7b9,568905be-9460-11ee-9ef4-be8fe126e7b9,729f41b4-0e69-11f1-91b6-be8fe126e7b9,78ddfd78-dc52-11e8-b970-ccb0da458b5a,9628aa05-e72d-11e8-b970-ccb0da458b5a,a8fc0e51-eeb0-11ee-88ab-be8fe126e7b8,bc475e8b-b8f1-11e9-b988-ccb0da458b5a,ebdf9e2d-899e-11e8-b95f-c8d3ff286ecb,ebdf9e2e-899e-11e8-b95f-c8d3ff286ecb,ebdf9e31-899e-11e8-b95f-c8d3ff286ecb,ebdf9e32-899e-11e8-b95f-c8d3ff286ecb,ebdf9e33-899e-11e8-b95f-c8d3ff286ecb,ebdf9e35-899e-11e8-b95f-c8d3ff286ecb,ebdf9e36-899e-11e8-b95f-c8d3ff286ecb,ebdf9e37-899e-11e8-b95f-c8d3ff286ecb,ebdf9e38-899e-11e8-b95f-c8d3ff286ecb,eea6020a-0993-11f1-842a-be8fe126e7b9,f9fff34b-8cc9-11e8-b960-c8d3ff286ecb
[2026-08-17T10:26:51.040Z] Salary and bonus: 
[2026-08-17T10:26:52.491Z] [cron] Telegram-алерты — запуск...
[2026-08-17T10:26:52.492Z] [alerts] Telegram not configured, skipping
[2026-08-17T10:26:52.492Z] [cron] Telegram-алерты — завершено (1ms)
[2026-08-17T10:26:58.058Z] Accessories sales: 26705
[2026-08-17T10:26:58.059Z] Salary report: [object Object]
[2026-08-17T10:26:58.059Z] Таблица 'salaryData' успешно создана или уже существует.
[2026-08-17T10:26:58.059Z] Данные сохранены в таблицу salaryData.
[2026-08-17T10:26:58.829Z] [getAveragePlan] shop=20251229-316B-40A1-80F7-C59E5B8E6831 date=17-08-2026: 4 таких же дней недели, средние продажи = 5933, план (+5%) = 6230
[2026-08-17T10:26:58.845Z] [getAveragePlan] shop=20260103-425F-4044-8093-F2008B89A33B date=17-08-2026: 4 таких же дней недели, средние продажи = 3885, план (+5%) = 5200
[2026-08-17T10:26:58.854Z] [getAveragePlan] shop=20260103-7090-403D-8015-DE08E5B1138E date=17-08-2026: 3 таких же дней недели, средние продажи = 2593, план (+5%) = 5200
[2026-08-17T10:26:58.951Z] Таблица 'shop_schedules' создана или уже существует.
[2026-08-17T10:27:05.070Z] Accessories sales: 6204
[2026-08-17T10:27:05.075Z] Salary report: [object Object]
[2026-08-17T10:27:05.075Z] Таблица 'salaryData' успешно создана или уже существует.
[2026-08-17T10:27:05.075Z] Данные сохранены в таблицу salaryData.
[2026-08-17T10:27:12.089Z] Accessories sales: 7192
[2026-08-17T10:27:12.090Z] Salary report: [object Object]
[2026-08-17T10:27:12.090Z] Таблица 'salaryData' успешно создана или уже существует.
[2026-08-17T10:27:12.090Z] Данные сохранены в таблицу salaryData.
[2026-08-17T10:27:12.090Z] [cron] Зарплата — завершено (21051ms)
[2026-08-17T10:27:12.090Z] [startup] Планы и зарплаты — готово
[2026-08-17T10:27:16.619Z] employeeRole: SUPERADMIN
[2026-08-17T10:27:59.055Z] Таблица 'shop_schedules' создана или уже существует.
[2026-08-17T10:28:59.140Z] Таблица 'shop_schedules' создана или уже существует.
[2026-08-17T10:29:05.406Z] Таблица 'shop_schedules' создана или уже существует.
[2026-08-17T10:29:05.410Z] Таблица 'shop_schedules' создана или уже существует.
[2026-08-17T10:29:07.127Z] employeeRole: SUPERADMIN
[2026-08-17T10:29:52.377Z] Таблица 'shop_schedules' создана или уже существует.
[2026-08-17T10:30:00.008Z] [cron] syncEngine — запуск...
[2026-08-17T10:30:00.011Z] [syncEngine] Тенантов активных: 1
[2026-08-17T10:30:00.012Z] Таблица 'index_documents' успешно создана или уже существует
[2026-08-17T10:30:00.012Z] Таблица 'products' успешно создана или уже существует.
[2026-08-17T10:30:00.012Z] Таблица 'shopProduct' успешно создана или уже существует.
[2026-08-17T10:30:00.013Z] Таблица 'shops' успешно создана или уже существует.
[2026-08-17T10:30:00.013Z] Таблица 'employees' успешно создана или уже существует.
[2026-08-17T10:30:12.038Z] [syncTenant:default] Цикл завершён
[2026-08-17T10:30:12.039Z] [cron] syncEngine — завершено (12031ms)
[2026-08-17T10:30:52.390Z] Таблица 'shop_schedules' создана или уже существует.
[2026-08-17T10:31:52.405Z] Таблица 'shop_schedules' создана или уже существует.
[2026-08-17T10:32:52.765Z] Таблица 'shop_schedules' создана или уже существует.
[2026-08-17T10:33:52.779Z] Таблица 'shop_schedules' создана или уже существует.
[2026-08-17T10:34:52.792Z] Таблица 'shop_schedules' создана или уже существует.
[2026-08-17T10:35:00.008Z] [cron] syncEngine — запуск...
[2026-08-17T10:35:00.010Z] [syncEngine] Тенантов активных: 1
[2026-08-17T10:35:00.010Z] Таблица 'index_documents' успешно создана или уже существует
[2026-08-17T10:35:00.010Z] Таблица 'products' успешно создана или уже существует.
[2026-08-17T10:35:00.010Z] Таблица 'shopProduct' успешно создана или уже существует.
[2026-08-17T10:35:00.011Z] Таблица 'shops' успешно создана или уже существует.
[2026-08-17T10:35:00.011Z] Таблица 'employees' успешно создана или уже существует.
[2026-08-17T10:35:09.086Z] Successfully inserted 132 documents (duplicates skipped)
[2026-08-17T10:35:09.087Z] [syncTenant:default] Документы (20251229-316B-40A1-80F7-C59E5B8E6831): 132 шт, last_close_date=2026-08-17T10:16:20.000+0000
[2026-08-17T10:35:11.303Z] Successfully inserted 84 documents (duplicates skipped)
[2026-08-17T10:35:11.305Z] [syncTenant:default] Документы (20260103-425F-4044-8093-F2008B89A33B): 84 шт, last_close_date=2026-08-17T10:28:33.000+0000
[2026-08-17T10:35:13.596Z] Successfully inserted 47 documents (duplicates skipped)
[2026-08-17T10:35:13.597Z] [syncTenant:default] Документы (20260103-7090-403D-8015-DE08E5B1138E): 47 шт, last_close_date=2026-08-17T09:08:29.000+0000
[2026-08-17T10:35:15.597Z] [syncTenant:default] Цикл завершён
[2026-08-17T10:35:15.598Z] [cron] syncEngine — завершено (15590ms)
[2026-08-17T10:35:53.153Z] Таблица 'shop_schedules' создана или уже существует.
[2026-08-17T10:36:53.162Z] Таблица 'shop_schedules' создана или уже существует.
[2026-08-17T10:37:53.138Z] Таблица 'shop_schedules' создана или уже существует.
[2026-08-17T10:38:53.466Z] Таблица 'shop_schedules' создана или уже существует.
[2026-08-17T10:39:53.476Z] Таблица 'shop_schedules' создана или уже существует.
[2026-08-17T10:40:00.002Z] [cron] syncEngine — запуск...
[2026-08-17T10:40:00.003Z] [syncEngine] Тенантов активных: 1
[2026-08-17T10:40:00.004Z] Таблица 'index_documents' успешно создана или уже существует
[2026-08-17T10:40:00.004Z] Таблица 'products' успешно создана или уже существует.
[2026-08-17T10:40:00.004Z] Таблица 'shopProduct' успешно создана или уже существует.
[2026-08-17T10:40:00.004Z] Таблица 'shops' успешно создана или уже существует.
[2026-08-17T10:40:00.004Z] Таблица 'employees' успешно создана или уже существует.
[2026-08-17T10:40:02.989Z] Синхронизировано магазинов: 3
[2026-08-17T10:40:02.990Z] [syncTenant:default] Магазинов: 3
[2026-08-17T10:40:03.150Z] Синхронизировано сотрудников: 9
[2026-08-17T10:40:03.150Z] [syncTenant:default] Сотрудников: 9
[2026-08-17T10:40:03.660Z] [syncTenant:default] Терминалов: 3
[2026-08-17T10:40:10.995Z] Successfully inserted 133 documents (duplicates skipped)
[2026-08-17T10:40:10.996Z] [syncTenant:default] Документы (20251229-316B-40A1-80F7-C59E5B8E6831): 133 шт, last_close_date=2026-08-17T10:37:47.000+0000
[2026-08-17T10:40:16.771Z] Successfully inserted 84 documents (duplicates skipped)
[2026-08-17T10:40:16.772Z] [syncTenant:default] Документы (20260103-425F-4044-8093-F2008B89A33B): 84 шт, last_close_date=2026-08-17T10:28:33.000+0000
[2026-08-17T10:40:18.774Z] [syncTenant:default] Цикл завершён
[2026-08-17T10:40:18.775Z] [cron] syncEngine — завершено (18773ms)
[2026-08-17T10:40:29.429Z] employeeRole: SUPERADMIN
[2026-08-17T10:40:30.080Z] Таблица 'shop_schedules' создана или уже существует.
[2026-08-17T10:40:30.497Z] employeeRole: SUPERADMIN
[2026-08-17T10:40:30.500Z] employeeRole: SUPERADMIN
[2026-08-17T10:40:30.971Z] employeeRole: SUPERADMIN
[2026-08-17T10:40:31.242Z] employeeRole: SUPERADMIN
[2026-08-17T10:40:31.248Z] Таблица 'shop_schedules' создана или уже существует.
[2026-08-17T10:40:31.254Z] Таблица 'shop_schedules' создана или уже существует.
[2026-08-17T10:40:31.271Z] employeeRole: SUPERADMIN
[2026-08-17T10:40:31.282Z] Таблица 'shop_schedules' создана или уже существует.
[2026-08-17T10:40:31.286Z] employeeRole: SUPERADMIN
[2026-08-17T10:40:31.291Z] Таблица 'shop_schedules' создана или уже существует.
[2026-08-17T10:40:31.309Z] employeeRole: SUPERADMIN
[2026-08-17T10:40:31.320Z] Таблица 'shop_schedules' создана или уже существует.
[2026-08-17T10:40:31.328Z] Таблица 'shop_schedules' создана или уже существует.
[2026-08-17T10:40:31.340Z] Таблица 'shop_schedules' создана или уже существует.
[2026-08-17T10:40:31.348Z] Таблица 'shop_schedules' создана или уже существует.
[2026-08-17T10:40:31.355Z] Таблица 'shop_schedules' создана или уже существует.
[2026-08-17T10:40:31.361Z] Таблица 'shop_schedules' создана или уже существует.
[2026-08-17T10:40:31.369Z] Таблица 'shop_schedules' создана или уже существует.
[2026-08-17T10:40:31.372Z] Таблица 'shop_schedules' создана или уже существует.
[2026-08-17T10:44:42.283Z] Таблица 'shop_schedules' создана или уже существует.
[2026-08-17T10:45:00.002Z] [cron] syncEngine — запуск...
[2026-08-17T10:45:00.005Z] [syncEngine] Тенантов активных: 1
[2026-08-17T10:45:00.006Z] Таблица 'index_documents' успешно создана или уже существует
[2026-08-17T10:45:00.006Z] Таблица 'products' успешно создана или уже существует.
[2026-08-17T10:45:00.006Z] Таблица 'shopProduct' успешно создана или уже существует.
[2026-08-17T10:45:00.006Z] Таблица 'shops' успешно создана или уже существует.
[2026-08-17T10:45:00.006Z] Таблица 'employees' успешно создана или уже существует.
[2026-08-17T10:45:13.522Z] Successfully inserted 47 documents (duplicates skipped)
[2026-08-17T10:45:13.523Z] [syncTenant:default] Документы (20260103-7090-403D-8015-DE08E5B1138E): 47 шт, last_close_date=2026-08-17T09:08:29.000+0000
[2026-08-17T10:45:15.524Z] [syncTenant:default] Цикл завершён
[2026-08-17T10:45:15.525Z] [cron] syncEngine — завершено (15523ms)
[2026-08-17T10:45:42.331Z] Таблица 'shop_schedules' создана или уже существует.
[2026-08-17T10:46:42.390Z] Таблица 'shop_schedules' создана или уже существует.
[2026-08-17T10:47:42.456Z] Таблица 'shop_schedules' создана или уже существует.
[2026-08-17T10:47:44.402Z] Таблица 'shop_schedules' создана или уже существует.
[2026-08-17T10:47:44.403Z] Таблица 'shop_schedules' создана или уже существует.
[2026-08-17T10:47:44.413Z] Таблица 'shop_schedules' создана или уже существует.
[2026-08-17T10:47:44.415Z] Таблица 'shop_schedules' создана или уже существует.
[2026-08-17T10:47:44.422Z] Таблица 'shop_schedules' создана или уже существует.
[2026-08-17T10:47:44.426Z] Таблица 'shop_schedules' создана или уже существует.
[2026-08-17T10:47:44.431Z] Таблица 'shop_schedules' создана или уже существует.
[2026-08-17T10:47:44.435Z] Таблица 'shop_schedules' создана или уже существует.
[2026-08-17T10:47:44.442Z] Таблица 'shop_schedules' создана или уже существует.
[2026-08-17T10:47:44.448Z] Таблица 'shop_schedules' создана или уже существует.
[2026-08-17T10:47:44.455Z] Таблица 'shop_schedules' создана или уже существует.
[2026-08-17T10:47:44.461Z] Таблица 'shop_schedules' создана или уже существует.
[2026-08-17T10:51:38.150Z] 🚀 Запуск локального сервера на http://localhost:3000
[2026-08-17T10:51:38.152Z]    БД: ./data/local.db
[2026-08-17T10:51:38.152Z]    Файлы: ./data/storage/
[2026-08-17T10:51:38.152Z]    Логи: ./data/logs/
[2026-08-17T10:51:38.153Z] ✅ Сервер слушает порт 3000
[2026-08-17T10:51:38.163Z] [cron] Планировщик запущен:
[2026-08-17T10:51:38.164Z]   syncEngine          — каждые 5 минут (все тенанты, все ресурсы)
[2026-08-17T10:51:38.164Z]     documents — 5 мин | meta — 20 мин | products — 25 мин | stock — 30 мин
[2026-08-17T10:51:38.164Z]   updatePlans         — каждый день в 01:00
[2026-08-17T10:51:38.164Z]   updateSalesByPlan   — каждый день в 01:00
[2026-08-17T10:51:38.164Z]   calcSalary          — каждый день в 01:00
[2026-08-17T10:51:40.154Z] [cron] первичная синхронизация (syncEngine) — запуск...
[2026-08-17T10:51:40.168Z] [syncEngine] Тенантов активных: 1
[2026-08-17T10:51:40.169Z] Таблица 'index_documents' успешно создана или уже существует
[2026-08-17T10:51:40.169Z] [migration] Запуск миграций...
[2026-08-17T10:51:40.170Z] [migration] Миграции завершены.
[2026-08-17T10:51:40.170Z] Таблица 'products' успешно создана или уже существует.
[2026-08-17T10:51:40.170Z] Таблица 'shopProduct' успешно создана или уже существует.
[2026-08-17T10:51:40.170Z] Таблица 'shops' успешно создана или уже существует.
[2026-08-17T10:51:40.170Z] Таблица 'employees' успешно создана или уже существует.
[2026-08-17T10:51:45.474Z] Обработано 1364 записей в таблице products
[2026-08-17T10:51:45.804Z] Обработано 1364 записей в таблице shopProduct
[2026-08-17T10:51:45.805Z] [syncTenant:default] Товары синхронизированы по 1 магазинам
[2026-08-17T10:51:48.678Z] Обработано 1202 записей в таблице products
[2026-08-17T10:51:48.810Z] Таблица 'index_documents' успешно создана или уже существует
[2026-08-17T10:51:48.810Z] Таблица 'products' успешно создана или уже существует.
[2026-08-17T10:51:48.810Z] [migration] product_cost_prices v2 (SCD Type 2) — таблица готова
[2026-08-17T10:51:48.812Z] Таблица 'shops' успешно создана или уже существует.
[2026-08-17T10:51:48.812Z] Таблица 'employees' успешно создана или уже существует.
[2026-08-17T10:51:49.097Z] Обработано 1202 записей в таблице shopProduct
[2026-08-17T10:51:49.097Z] [syncTenant:default] Товары синхронизированы по 1 магазинам
[2026-08-17T10:51:52.338Z] Обработано 1197 записей в таблице products
[2026-08-17T10:51:52.615Z] Обработано 1197 записей в таблице shopProduct
[2026-08-17T10:51:52.616Z] [syncTenant:default] Товары синхронизированы по 1 магазинам
[2026-08-17T10:51:53.154Z] [startup] Расчет планов и зарплат...
[2026-08-17T10:51:53.157Z] [cron] План продаж — запуск...
[2026-08-17T10:51:53.158Z] Старт функции updatePlan
[2026-08-17T10:51:53.158Z] Дата для плана: 17-08-2026
[2026-08-17T10:51:53.158Z] Получены UUID товаров: 0 шт.
[2026-08-17T10:51:55.177Z] Successfully inserted 136 documents (duplicates skipped)
[2026-08-17T10:51:55.177Z] [syncTenant:default] Документы (20251229-316B-40A1-80F7-C59E5B8E6831): 136 шт, last_close_date=2026-08-17T10:48:07.000+0000
[2026-08-17T10:51:57.416Z] Successfully inserted 85 documents (duplicates skipped)
[2026-08-17T10:51:57.417Z] [syncTenant:default] Документы (20260103-425F-4044-8093-F2008B89A33B): 85 шт, last_close_date=2026-08-17T10:49:52.000+0000
[2026-08-17T10:51:59.751Z] Successfully inserted 48 documents (duplicates skipped)
[2026-08-17T10:51:59.752Z] [syncTenant:default] Документы (20260103-7090-403D-8015-DE08E5B1138E): 48 шт, last_close_date=2026-08-17T10:47:01.000+0000
[2026-08-17T10:51:59.787Z] Получено записей плана: 3
[2026-08-17T10:51:59.787Z] План обновлён: 3 магазинов за 17-08-2026
[2026-08-17T10:51:59.788Z] Обновление базы данных плана завершено успешно
[2026-08-17T10:51:59.788Z] [cron] План продаж — завершено (6631ms)
[2026-08-17T10:51:59.788Z] [cron] Продажи по плану — запуск...
[2026-08-17T10:51:59.788Z] Таблица 'SaleByPlan' успешно создана или уже существует.
[2026-08-17T10:51:59.788Z] Initialized dates: [object Object]
[2026-08-17T10:51:59.899Z] Данные SaleByPlan обновлены.
[2026-08-17T10:51:59.988Z] Данные SaleByPlan обновлены.
[2026-08-17T10:52:00.055Z] Данные SaleByPlan обновлены.
[2026-08-17T10:52:00.055Z] Final sales data: [object Object]
[2026-08-17T10:52:00.056Z] [cron] Продажи по плану — завершено (268ms)
[2026-08-17T10:52:00.056Z] [cron] Зарплата — запуск...
[2026-08-17T10:52:00.057Z] Accessories UUIDs: 3f51bb7f-f3a2-11e8-b973-ccb0da458b5a,568905bd-9460-11ee-9ef4-be8fe126e7b9,568905be-9460-11ee-9ef4-be8fe126e7b9,729f41b4-0e69-11f1-91b6-be8fe126e7b9,78ddfd78-dc52-11e8-b970-ccb0da458b5a,9628aa05-e72d-11e8-b970-ccb0da458b5a,a8fc0e51-eeb0-11ee-88ab-be8fe126e7b8,bc475e8b-b8f1-11e9-b988-ccb0da458b5a,ebdf9e2d-899e-11e8-b95f-c8d3ff286ecb,ebdf9e2e-899e-11e8-b95f-c8d3ff286ecb,ebdf9e31-899e-11e8-b95f-c8d3ff286ecb,ebdf9e32-899e-11e8-b95f-c8d3ff286ecb,ebdf9e33-899e-11e8-b95f-c8d3ff286ecb,ebdf9e35-899e-11e8-b95f-c8d3ff286ecb,ebdf9e36-899e-11e8-b95f-c8d3ff286ecb,ebdf9e37-899e-11e8-b95f-c8d3ff286ecb,ebdf9e38-899e-11e8-b95f-c8d3ff286ecb,eea6020a-0993-11f1-842a-be8fe126e7b9,f9fff34b-8cc9-11e8-b960-c8d3ff286ecb
[2026-08-17T10:52:00.057Z] Salary and bonus: 
[2026-08-17T10:52:01.752Z] [syncTenant:default] Цикл завершён
[2026-08-17T10:52:01.753Z] [cron] первичная синхронизация (syncEngine) — завершено (21599ms)
[2026-08-17T10:52:03.155Z] [cron] Telegram-алерты — запуск...
[2026-08-17T10:52:03.157Z] [alerts] Telegram not configured, skipping
[2026-08-17T10:52:03.157Z] [cron] Telegram-алерты — завершено (2ms)
[2026-08-17T10:52:07.159Z] Accessories sales: 26705
[2026-08-17T10:52:07.160Z] Salary report: [object Object]
[2026-08-17T10:52:07.160Z] Таблица 'salaryData' успешно создана или уже существует.
[2026-08-17T10:52:07.161Z] Данные сохранены в таблицу salaryData.
[2026-08-17T10:52:14.238Z] Accessories sales: 6204
[2026-08-17T10:52:14.240Z] Salary report: [object Object]
[2026-08-17T10:52:14.240Z] Таблица 'salaryData' успешно создана или уже существует.
[2026-08-17T10:52:14.240Z] Данные сохранены в таблицу salaryData.
[2026-08-17T10:52:21.323Z] Accessories sales: 7192
[2026-08-17T10:52:21.324Z] Salary report: [object Object]
[2026-08-17T10:52:21.324Z] Таблица 'salaryData' успешно создана или уже существует.
[2026-08-17T10:52:21.324Z] Данные сохранены в таблицу salaryData.
[2026-08-17T10:52:21.324Z] [cron] Зарплата — завершено (21268ms)
[2026-08-17T10:52:21.324Z] [startup] Планы и зарплаты — готово
[2026-08-17T10:55:00.005Z] [cron] syncEngine — запуск...
[2026-08-17T10:55:00.007Z] [syncEngine] Тенантов активных: 1
[2026-08-17T10:55:00.008Z] Таблица 'index_documents' успешно создана или уже существует
[2026-08-17T10:55:00.008Z] Таблица 'products' успешно создана или уже существует.
[2026-08-17T10:55:00.008Z] Таблица 'shopProduct' успешно создана или уже существует.
[2026-08-17T10:55:00.008Z] Таблица 'shops' успешно создана или уже существует.
[2026-08-17T10:55:00.008Z] Таблица 'employees' успешно создана или уже существует.
[2026-08-17T10:55:12.016Z] [syncTenant:default] Цикл завершён
[2026-08-17T10:55:12.018Z] [cron] syncEngine — завершено (12013ms)
[2026-08-17T11:00:00.005Z] [cron] syncEngine — запуск...
[2026-08-17T11:00:00.013Z] [syncEngine] Тенантов активных: 1
[2026-08-17T11:00:00.013Z] Таблица 'index_documents' успешно создана или уже существует
[2026-08-17T11:00:00.014Z] Таблица 'products' успешно создана или уже существует.
[2026-08-17T11:00:00.014Z] Таблица 'shopProduct' успешно создана или уже существует.
[2026-08-17T11:00:00.014Z] Таблица 'shops' успешно создана или уже существует.
[2026-08-17T11:00:00.014Z] Таблица 'employees' успешно создана или уже существует.
[2026-08-17T11:00:03.795Z] [syncTenant:default] Остатки синхронизированы
[2026-08-17T11:00:06.337Z] [syncTenant:default] Остатки синхронизированы
[2026-08-17T11:00:08.679Z] [syncTenant:default] Остатки синхронизированы
[2026-08-17T11:00:10.978Z] Successfully inserted 136 documents (duplicates skipped)
[2026-08-17T11:00:10.979Z] [syncTenant:default] Документы (20251229-316B-40A1-80F7-C59E5B8E6831): 136 шт, last_close_date=2026-08-17T10:48:07.000+0000
[2026-08-17T11:00:13.378Z] Successfully inserted 87 documents (duplicates skipped)
[2026-08-17T11:00:13.378Z] [syncTenant:default] Документы (20260103-425F-4044-8093-F2008B89A33B): 87 шт, last_close_date=2026-08-17T10:56:18.000+0000
[2026-08-17T11:00:15.642Z] Successfully inserted 48 documents (duplicates skipped)
[2026-08-17T11:00:15.644Z] [syncTenant:default] Документы (20260103-7090-403D-8015-DE08E5B1138E): 48 шт, last_close_date=2026-08-17T10:47:01.000+0000
[2026-08-17T11:00:17.644Z] [syncTenant:default] Цикл завершён
[2026-08-17T11:00:17.644Z] [cron] syncEngine — завершено (17639ms)
[2026-08-17T11:05:00.002Z] [cron] syncEngine — запуск...
[2026-08-17T11:05:00.005Z] [syncEngine] Тенантов активных: 1
[2026-08-17T11:05:00.005Z] Таблица 'index_documents' успешно создана или уже существует
[2026-08-17T11:05:00.005Z] Таблица 'products' успешно создана или уже существует.
[2026-08-17T11:05:00.005Z] Таблица 'shopProduct' успешно создана или уже существует.
[2026-08-17T11:05:00.005Z] Таблица 'shops' успешно создана или уже существует.
[2026-08-17T11:05:00.005Z] Таблица 'employees' успешно создана или уже существует.
[2026-08-17T11:05:03.376Z] Синхронизировано магазинов: 3
[2026-08-17T11:05:03.378Z] [syncTenant:default] Магазинов: 3
[2026-08-17T11:05:03.804Z] Синхронизировано сотрудников: 9
[2026-08-17T11:05:03.804Z] [syncTenant:default] Сотрудников: 9
[2026-08-17T11:05:04.056Z] [syncTenant:default] Терминалов: 3
[2026-08-17T11:05:17.282Z] Successfully inserted 87 documents (duplicates skipped)
[2026-08-17T11:05:17.284Z] [syncTenant:default] Документы (20260103-425F-4044-8093-F2008B89A33B): 87 шт, last_close_date=2026-08-17T10:56:18.000+0000
[2026-08-17T11:05:19.286Z] [syncTenant:default] Цикл завершён
[2026-08-17T11:05:19.287Z] [cron] syncEngine — завершено (19285ms)
[2026-08-17T11:10:00.000Z] [cron] syncEngine — запуск...
[2026-08-17T11:10:00.006Z] [syncEngine] Тенантов активных: 1
[2026-08-17T11:10:00.007Z] Таблица 'index_documents' успешно создана или уже существует
[2026-08-17T11:10:00.007Z] Таблица 'products' успешно создана или уже существует.
[2026-08-17T11:10:00.008Z] Таблица 'shopProduct' успешно создана или уже существует.
[2026-08-17T11:10:00.008Z] Таблица 'shops' успешно создана или уже существует.
[2026-08-17T11:10:00.008Z] Таблица 'employees' успешно создана или уже существует.
[2026-08-17T11:10:10.690Z] Successfully inserted 136 documents (duplicates skipped)
[2026-08-17T11:10:10.692Z] [syncTenant:default] Документы (20251229-316B-40A1-80F7-C59E5B8E6831): 136 шт, last_close_date=2026-08-17T10:48:07.000+0000
[2026-08-17T11:10:18.073Z] Successfully inserted 49 documents (duplicates skipped)
[2026-08-17T11:10:18.075Z] [syncTenant:default] Документы (20260103-7090-403D-8015-DE08E5B1138E): 49 шт, last_close_date=2026-08-17T11:07:15.000+0000
[2026-08-17T11:10:20.077Z] [syncTenant:default] Цикл завершён
[2026-08-17T11:10:20.078Z] [cron] syncEngine — завершено (20078ms)
[2026-08-17T11:11:55.622Z] employeeRole: SUPERADMIN
[2026-08-17T11:11:55.935Z] [getAveragePlan] shop=20251229-316B-40A1-80F7-C59E5B8E6831 date=17-08-2026: 4 таких же дней недели, средние продажи = 5933, план (+5%) = 6230
[2026-08-17T11:11:55.955Z] [getAveragePlan] shop=20260103-425F-4044-8093-F2008B89A33B date=17-08-2026: 4 таких же дней недели, средние продажи = 3885, план (+5%) = 5200
[2026-08-17T11:11:55.965Z] [getAveragePlan] shop=20260103-7090-403D-8015-DE08E5B1138E date=17-08-2026: 3 таких же дней недели, средние продажи = 2593, план (+5%) = 5200
[2026-08-17T11:11:56.247Z] employeeRole: SUPERADMIN
[2026-08-17T11:11:56.302Z] Таблица 'shop_schedules' создана или уже существует.
[2026-08-17T11:11:56.792Z] employeeRole: SUPERADMIN
[2026-08-17T11:11:56.794Z] employeeRole: SUPERADMIN
[2026-08-17T11:11:57.389Z] employeeRole: SUPERADMIN
[2026-08-17T11:11:57.492Z] Таблица 'shop_schedules' создана или уже существует.
[2026-08-17T11:11:57.496Z] employeeRole: SUPERADMIN
[2026-08-17T11:11:57.498Z] Таблица 'shop_schedules' создана или уже существует.
[2026-08-17T11:11:57.510Z] employeeRole: SUPERADMIN
[2026-08-17T11:11:57.513Z] Таблица 'shop_schedules' создана или уже существует.
[2026-08-17T11:11:57.521Z] employeeRole: SUPERADMIN
[2026-08-17T11:11:57.522Z] Таблица 'shop_schedules' создана или уже существует.
[2026-08-17T11:11:57.547Z] Таблица 'shop_schedules' создана или уже существует.
[2026-08-17T11:11:57.553Z] Таблица 'shop_schedules' создана или уже существует.
[2026-08-17T11:11:57.560Z] Таблица 'shop_schedules' создана или уже существует.
[2026-08-17T11:11:57.568Z] Таблица 'shop_schedules' создана или уже существует.
[2026-08-17T11:11:57.572Z] Таблица 'shop_schedules' создана или уже существует.
[2026-08-17T11:11:57.577Z] Таблица 'shop_schedules' создана или уже существует.
[2026-08-17T11:11:57.583Z] Таблица 'shop_schedules' создана или уже существует.
[2026-08-17T11:11:57.585Z] Таблица 'shop_schedules' создана или уже существует.
[2026-08-17T11:15:00.002Z] [cron] syncEngine — запуск...
[2026-08-17T11:15:00.004Z] [syncEngine] Тенантов активных: 1
[2026-08-17T11:15:00.005Z] Таблица 'index_documents' успешно создана или уже существует
[2026-08-17T11:15:00.005Z] Таблица 'products' успешно создана или уже существует.
[2026-08-17T11:15:00.005Z] Таблица 'shopProduct' успешно создана или уже существует.
[2026-08-17T11:15:00.005Z] Таблица 'shops' успешно создана или уже существует.
[2026-08-17T11:15:00.005Z] Таблица 'employees' успешно создана или уже существует.
[2026-08-17T11:15:10.589Z] Successfully inserted 87 documents (duplicates skipped)
[2026-08-17T11:15:10.590Z] [syncTenant:default] Документы (20260103-425F-4044-8093-F2008B89A33B): 87 шт, last_close_date=2026-08-17T10:56:18.000+0000
[2026-08-17T11:15:14.593Z] [syncTenant:default] Цикл завершён
[2026-08-17T11:15:14.595Z] [cron] syncEngine — завершено (14593ms)
[2026-08-17T11:16:14.289Z] Таблица 'shop_schedules' создана или уже существует.
[2026-08-17T11:16:14.294Z] Таблица 'shop_schedules' создана или уже существует.
[2026-08-17T11:19:25.102Z] 🚀 Запуск локального сервера на http://localhost:3000
[2026-08-17T11:19:25.102Z]    БД: ./data/local.db
[2026-08-17T11:19:25.102Z]    Файлы: ./data/storage/
[2026-08-17T11:19:25.102Z]    Логи: ./data/logs/
[2026-08-17T11:19:25.104Z] ✅ Сервер слушает порт 3000
[2026-08-17T11:19:25.113Z] [cron] Планировщик запущен:
[2026-08-17T11:19:25.113Z]   syncEngine          — каждые 5 минут (все тенанты, все ресурсы)
[2026-08-17T11:19:25.113Z]     documents — 5 мин | meta — 20 мин | products — 25 мин | stock — 30 мин
[2026-08-17T11:19:25.113Z]   updatePlans         — каждый день в 01:00
[2026-08-17T11:19:25.113Z]   updateSalesByPlan   — каждый день в 01:00
[2026-08-17T11:19:25.113Z]   calcSalary          — каждый день в 01:00
[2026-08-17T11:19:25.687Z] [migration] Запуск миграций...
[2026-08-17T11:19:25.689Z] [migration] Миграции завершены.
[2026-08-17T11:19:25.690Z] Таблица 'index_documents' успешно создана или уже существует
[2026-08-17T11:19:25.690Z] Таблица 'products' успешно создана или уже существует.
[2026-08-17T11:19:25.690Z] [migration] product_cost_prices v2 (SCD Type 2) — таблица готова
[2026-08-17T11:19:25.692Z] Таблица 'shops' успешно создана или уже существует.
[2026-08-17T11:19:25.692Z] Таблица 'employees' успешно создана или уже существует.
[2026-08-17T11:19:27.105Z] [cron] первичная синхронизация (syncEngine) — запуск...
[2026-08-17T11:19:27.109Z] [syncEngine] Тенантов активных: 1
[2026-08-17T11:19:27.109Z] Таблица 'index_documents' успешно создана или уже существует
[2026-08-17T11:19:27.109Z] Таблица 'products' успешно создана или уже существует.
[2026-08-17T11:19:27.109Z] Таблица 'shopProduct' успешно создана или уже существует.
[2026-08-17T11:19:27.109Z] Таблица 'shops' успешно создана или уже существует.
[2026-08-17T11:19:27.109Z] Таблица 'employees' успешно создана или уже существует.
[2026-08-17T11:19:29.434Z] Обработано 1364 записей в таблице products
[2026-08-17T11:19:29.783Z] Обработано 1364 записей в таблице shopProduct
[2026-08-17T11:19:29.784Z] [syncTenant:default] Товары синхронизированы по 1 магазинам
[2026-08-17T11:19:32.695Z] Обработано 1202 записей в таблице products
[2026-08-17T11:19:33.215Z] Обработано 1202 записей в таблице shopProduct
[2026-08-17T11:19:33.216Z] [syncTenant:default] Товары синхронизированы по 1 магазинам
[2026-08-17T11:19:36.228Z] Обработано 1197 записей в таблице products
[2026-08-17T11:19:36.528Z] Обработано 1197 записей в таблице shopProduct
[2026-08-17T11:19:36.528Z] [syncTenant:default] Товары синхронизированы по 1 магазинам
[2026-08-17T11:19:38.936Z] Successfully inserted 136 documents (duplicates skipped)
[2026-08-17T11:19:38.937Z] [syncTenant:default] Документы (20251229-316B-40A1-80F7-C59E5B8E6831): 136 шт, last_close_date=2026-08-17T10:48:07.000+0000
[2026-08-17T11:19:40.105Z] [startup] Расчет планов и зарплат...
[2026-08-17T11:19:40.106Z] [cron] План продаж — запуск...
[2026-08-17T11:19:40.106Z] Старт функции updatePlan
[2026-08-17T11:19:40.106Z] Дата для плана: 17-08-2026
[2026-08-17T11:19:40.106Z] Получены UUID товаров: 0 шт.
[2026-08-17T11:19:43.233Z] Successfully inserted 51 documents (duplicates skipped)
[2026-08-17T11:19:43.234Z] [syncTenant:default] Документы (20260103-7090-403D-8015-DE08E5B1138E): 51 шт, last_close_date=2026-08-17T11:19:02.000+0000
[2026-08-17T11:19:45.234Z] [syncTenant:default] Цикл завершён
[2026-08-17T11:19:45.234Z] [cron] первичная синхронизация (syncEngine) — завершено (18129ms)
[2026-08-17T11:19:45.789Z] Получено записей плана: 3
[2026-08-17T11:19:45.790Z] План обновлён: 3 магазинов за 17-08-2026
[2026-08-17T11:19:45.790Z] Обновление базы данных плана завершено успешно
[2026-08-17T11:19:45.790Z] [cron] План продаж — завершено (5684ms)
[2026-08-17T11:19:45.790Z] [cron] Продажи по плану — запуск...
[2026-08-17T11:19:45.791Z] Таблица 'SaleByPlan' успешно создана или уже существует.
[2026-08-17T11:19:45.791Z] Initialized dates: [object Object]
[2026-08-17T11:19:45.810Z] Данные SaleByPlan обновлены.
[2026-08-17T11:19:45.820Z] Данные SaleByPlan обновлены.
[2026-08-17T11:19:45.825Z] Данные SaleByPlan обновлены.
[2026-08-17T11:19:45.826Z] Final sales data: [object Object]
[2026-08-17T11:19:45.826Z] [cron] Продажи по плану — завершено (36ms)
[2026-08-17T11:19:45.826Z] [cron] Зарплата — запуск...
[2026-08-17T11:19:45.827Z] Accessories UUIDs: 3f51bb7f-f3a2-11e8-b973-ccb0da458b5a,568905bd-9460-11ee-9ef4-be8fe126e7b9,568905be-9460-11ee-9ef4-be8fe126e7b9,729f41b4-0e69-11f1-91b6-be8fe126e7b9,78ddfd78-dc52-11e8-b970-ccb0da458b5a,9628aa05-e72d-11e8-b970-ccb0da458b5a,a8fc0e51-eeb0-11ee-88ab-be8fe126e7b8,bc475e8b-b8f1-11e9-b988-ccb0da458b5a,ebdf9e2d-899e-11e8-b95f-c8d3ff286ecb,ebdf9e2e-899e-11e8-b95f-c8d3ff286ecb,ebdf9e31-899e-11e8-b95f-c8d3ff286ecb,ebdf9e32-899e-11e8-b95f-c8d3ff286ecb,ebdf9e33-899e-11e8-b95f-c8d3ff286ecb,ebdf9e35-899e-11e8-b95f-c8d3ff286ecb,ebdf9e36-899e-11e8-b95f-c8d3ff286ecb,ebdf9e37-899e-11e8-b95f-c8d3ff286ecb,ebdf9e38-899e-11e8-b95f-c8d3ff286ecb,eea6020a-0993-11f1-842a-be8fe126e7b9,f9fff34b-8cc9-11e8-b960-c8d3ff286ecb
[2026-08-17T11:19:45.827Z] Salary and bonus: 
[2026-08-17T11:19:50.104Z] [cron] Telegram-алерты — запуск...
[2026-08-17T11:19:50.106Z] [alerts] Telegram not configured, skipping
[2026-08-17T11:19:50.109Z] [cron] Telegram-алерты — завершено (5ms)
[2026-08-17T11:19:52.838Z] Accessories sales: 26705
[2026-08-17T11:19:52.839Z] Salary report: [object Object]
[2026-08-17T11:19:52.839Z] Таблица 'salaryData' успешно создана или уже существует.
[2026-08-17T11:19:52.839Z] Данные сохранены в таблицу salaryData.
[2026-08-17T11:19:54.413Z] employeeRole: SUPERADMIN
[2026-08-17T11:19:54.456Z] Таблица 'shop_schedules' создана или уже существует.
[2026-08-17T11:19:54.460Z] Таблица 'shop_schedules' создана или уже существует.
[2026-08-17T11:19:59.852Z] Accessories sales: 6204
[2026-08-17T11:19:59.859Z] Salary report: [object Object]
[2026-08-17T11:19:59.859Z] Таблица 'salaryData' успешно создана или уже существует.
[2026-08-17T11:19:59.859Z] Данные сохранены в таблицу salaryData.
[2026-08-17T11:20:00.002Z] [cron] syncEngine — запуск...
[2026-08-17T11:20:00.004Z] [syncEngine] Тенантов активных: 1
[2026-08-17T11:20:00.004Z] Таблица 'index_documents' успешно создана или уже существует
[2026-08-17T11:20:00.005Z] Таблица 'products' успешно создана или уже существует.
[2026-08-17T11:20:00.005Z] Таблица 'shopProduct' успешно создана или уже существует.
[2026-08-17T11:20:00.005Z] Таблица 'shops' успешно создана или уже существует.
[2026-08-17T11:20:00.005Z] Таблица 'employees' успешно создана или уже существует.
[2026-08-17T11:20:06.874Z] Accessories sales: 7192
[2026-08-17T11:20:06.875Z] Salary report: [object Object]
[2026-08-17T11:20:06.875Z] Таблица 'salaryData' успешно создана или уже существует.
[2026-08-17T11:20:06.875Z] Данные сохранены в таблицу salaryData.
[2026-08-17T11:20:06.875Z] [cron] Зарплата — завершено (21049ms)
[2026-08-17T11:20:06.876Z] [startup] Планы и зарплаты — готово
[2026-08-17T11:20:12.010Z] [syncTenant:default] Цикл завершён
[2026-08-17T11:20:12.015Z] [cron] syncEngine — завершено (12013ms)
[2026-08-17T11:25:00.005Z] [cron] syncEngine — запуск...
[2026-08-17T11:25:00.007Z] [syncEngine] Тенантов активных: 1
[2026-08-17T11:25:00.007Z] Таблица 'index_documents' успешно создана или уже существует
[2026-08-17T11:25:00.007Z] Таблица 'products' успешно создана или уже существует.
[2026-08-17T11:25:00.008Z] Таблица 'shopProduct' успешно создана или уже существует.
[2026-08-17T11:25:00.008Z] Таблица 'shops' успешно создана или уже существует.
[2026-08-17T11:25:00.008Z] Таблица 'employees' успешно создана или уже существует.
[2026-08-17T11:25:09.252Z] Successfully inserted 138 documents (duplicates skipped)
[2026-08-17T11:25:09.253Z] [syncTenant:default] Документы (20251229-316B-40A1-80F7-C59E5B8E6831): 138 шт, last_close_date=2026-08-17T11:22:57.000+0000
[2026-08-17T11:25:11.534Z] Successfully inserted 87 documents (duplicates skipped)
[2026-08-17T11:25:11.536Z] [syncTenant:default] Документы (20260103-425F-4044-8093-F2008B89A33B): 87 шт, last_close_date=2026-08-17T10:56:18.000+0000
[2026-08-17T11:25:13.876Z] Successfully inserted 51 documents (duplicates skipped)
[2026-08-17T11:25:13.877Z] [syncTenant:default] Документы (20260103-7090-403D-8015-DE08E5B1138E): 51 шт, last_close_date=2026-08-17T11:19:02.000+0000
[2026-08-17T11:25:15.878Z] [syncTenant:default] Цикл завершён
[2026-08-17T11:25:15.880Z] [cron] syncEngine — завершено (15875ms)
[2026-08-17T11:30:00.002Z] [cron] syncEngine — запуск...
[2026-08-17T11:30:00.008Z] [syncEngine] Тенантов активных: 1
[2026-08-17T11:30:00.009Z] Таблица 'index_documents' успешно создана или уже существует
[2026-08-17T11:30:00.009Z] Таблица 'products' успешно создана или уже существует.
[2026-08-17T11:30:00.009Z] Таблица 'shopProduct' успешно создана или уже существует.
[2026-08-17T11:30:00.009Z] Таблица 'shops' успешно создана или уже существует.
[2026-08-17T11:30:00.009Z] Таблица 'employees' успешно создана или уже существует.
[2026-08-17T11:30:04.888Z] Синхронизировано магазинов: 3
[2026-08-17T11:30:04.889Z] [syncTenant:default] Магазинов: 3
[2026-08-17T11:30:05.388Z] Синхронизировано сотрудников: 9
[2026-08-17T11:30:05.389Z] [syncTenant:default] Сотрудников: 9
[2026-08-17T11:30:06.110Z] [syncTenant:default] Терминалов: 3
[2026-08-17T11:30:10.113Z] [syncTenant:default] Остатки синхронизированы
[2026-08-17T11:30:12.784Z] [syncTenant:default] Остатки синхронизированы
[2026-08-17T11:30:15.161Z] [syncTenant:default] Остатки синхронизированы
[2026-08-17T11:30:17.998Z] Successfully inserted 138 documents (duplicates skipped)
[2026-08-17T11:30:17.999Z] [syncTenant:default] Документы (20251229-316B-40A1-80F7-C59E5B8E6831): 138 шт, last_close_date=2026-08-17T11:22:57.000+0000
[2026-08-17T11:30:20.249Z] Successfully inserted 51 documents (duplicates skipped)
[2026-08-17T11:30:20.250Z] [syncTenant:default] Документы (20260103-7090-403D-8015-DE08E5B1138E): 51 шт, last_close_date=2026-08-17T11:19:02.000+0000
[2026-08-17T11:30:22.502Z] Successfully inserted 88 documents (duplicates skipped)
[2026-08-17T11:30:22.503Z] [syncTenant:default] Документы (20260103-425F-4044-8093-F2008B89A33B): 88 шт, last_close_date=2026-08-17T11:28:32.000+0000
[2026-08-17T11:30:24.504Z] [syncTenant:default] Цикл завершён
[2026-08-17T11:30:24.506Z] [cron] syncEngine — завершено (24504ms)
[2026-08-17T11:35:00.003Z] [cron] syncEngine — запуск...
[2026-08-17T11:35:00.008Z] [syncEngine] Тенантов активных: 1
[2026-08-17T11:35:00.008Z] Таблица 'index_documents' успешно создана или уже существует
[2026-08-17T11:35:00.008Z] Таблица 'products' успешно создана или уже существует.
[2026-08-17T11:35:00.008Z] Таблица 'shopProduct' успешно создана или уже существует.
[2026-08-17T11:35:00.008Z] Таблица 'shops' успешно создана или уже существует.
[2026-08-17T11:35:00.009Z] Таблица 'employees' успешно создана или уже существует.
[2026-08-17T11:35:12.022Z] [syncTenant:default] Цикл завершён
[2026-08-17T11:35:12.027Z] [cron] syncEngine — завершено (12024ms)
[2026-08-17T11:40:00.002Z] [cron] syncEngine — запуск...
[2026-08-17T11:40:00.011Z] [syncEngine] Тенантов активных: 1
[2026-08-17T11:40:00.011Z] Таблица 'index_documents' успешно создана или уже существует
[2026-08-17T11:40:00.012Z] Таблица 'products' успешно создана или уже существует.
[2026-08-17T11:40:00.012Z] Таблица 'shopProduct' успешно создана или уже существует.
[2026-08-17T11:40:00.012Z] Таблица 'shops' успешно создана или уже существует.
[2026-08-17T11:40:00.012Z] Таблица 'employees' успешно создана или уже существует.
[2026-08-17T11:40:09.708Z] Successfully inserted 140 documents (duplicates skipped)
[2026-08-17T11:40:09.709Z] [syncTenant:default] Документы (20251229-316B-40A1-80F7-C59E5B8E6831): 140 шт, last_close_date=2026-08-17T11:38:54.000+0000
[2026-08-17T11:40:12.020Z] Successfully inserted 88 documents (duplicates skipped)
[2026-08-17T11:40:12.021Z] [syncTenant:default] Документы (20260103-425F-4044-8093-F2008B89A33B): 88 шт, last_close_date=2026-08-17T11:28:32.000+0000
[2026-08-17T11:40:14.376Z] Successfully inserted 52 documents (duplicates skipped)
[2026-08-17T11:40:14.378Z] [syncTenant:default] Документы (20260103-7090-403D-8015-DE08E5B1138E): 52 шт, last_close_date=2026-08-17T11:32:11.000+0000
[2026-08-17T11:40:16.379Z] [syncTenant:default] Цикл завершён
[2026-08-17T11:40:16.380Z] [cron] syncEngine — завершено (16378ms)
[2026-08-17T11:42:24.211Z] [getAveragePlan] shop=20251229-316B-40A1-80F7-C59E5B8E6831 date=17-08-2026: 4 таких же дней недели, средние продажи = 5933, план (+5%) = 6230
[2026-08-17T11:42:24.234Z] [getAveragePlan] shop=20260103-425F-4044-8093-F2008B89A33B date=17-08-2026: 4 таких же дней недели, средние продажи = 3885, план (+5%) = 5200
[2026-08-17T11:42:24.246Z] [getAveragePlan] shop=20260103-7090-403D-8015-DE08E5B1138E date=17-08-2026: 3 таких же дней недели, средние продажи = 2593, план (+5%) = 5200
[2026-08-17T11:42:24.593Z] Таблица 'shop_schedules' создана или уже существует.
[2026-08-17T11:42:25.018Z] employeeRole: SUPERADMIN
[2026-08-17T11:42:57.915Z] Таблица 'shop_schedules' создана или уже существует.
[2026-08-17T11:42:57.924Z] Таблица 'shop_schedules' создана или уже существует.
[2026-08-17T11:45:00.001Z] [cron] syncEngine — запуск...
[2026-08-17T11:45:00.010Z] [syncEngine] Тенантов активных: 1
[2026-08-17T11:45:00.011Z] Таблица 'index_documents' успешно создана или уже существует
[2026-08-17T11:45:00.011Z] Таблица 'products' успешно создана или уже существует.
[2026-08-17T11:45:00.011Z] Таблица 'shopProduct' успешно создана или уже существует.
[2026-08-17T11:45:00.011Z] Таблица 'shops' успешно создана или уже существует.
[2026-08-17T11:45:00.011Z] Таблица 'employees' успешно создана или уже существует.
[2026-08-17T11:45:04.182Z] Обработано 1364 записей в таблице products
[2026-08-17T11:45:04.609Z] Обработано 1364 записей в таблице shopProduct
[2026-08-17T11:45:04.610Z] [syncTenant:default] Товары синхронизированы по 1 магазинам
[2026-08-17T11:45:07.732Z] Обработано 1202 записей в таблице products
[2026-08-17T11:45:08.176Z] Обработано 1202 записей в таблице shopProduct
[2026-08-17T11:45:08.177Z] [syncTenant:default] Товары синхронизированы по 1 магазинам
[2026-08-17T11:45:11.961Z] Обработано 1197 записей в таблице products
[2026-08-17T11:45:12.425Z] Обработано 1197 записей в таблице shopProduct
[2026-08-17T11:45:12.426Z] [syncTenant:default] Товары синхронизированы по 1 магазинам
[2026-08-17T11:45:14.746Z] Successfully inserted 140 documents (duplicates skipped)
[2026-08-17T11:45:14.746Z] [syncTenant:default] Документы (20251229-316B-40A1-80F7-C59E5B8E6831): 140 шт, last_close_date=2026-08-17T11:38:54.000+0000
[2026-08-17T11:45:17.034Z] Successfully inserted 88 documents (duplicates skipped)
[2026-08-17T11:45:17.037Z] [syncTenant:default] Документы (20260103-425F-4044-8093-F2008B89A33B): 88 шт, last_close_date=2026-08-17T11:28:32.000+0000
[2026-08-17T11:45:19.320Z] Successfully inserted 52 documents (duplicates skipped)
[2026-08-17T11:45:19.321Z] [syncTenant:default] Документы (20260103-7090-403D-8015-DE08E5B1138E): 52 шт, last_close_date=2026-08-17T11:32:11.000+0000
[2026-08-17T11:45:21.321Z] [syncTenant:default] Цикл завершён
[2026-08-17T11:45:21.322Z] [cron] syncEngine — завершено (21321ms)
[2026-08-17T11:50:00.002Z] [cron] syncEngine — запуск...
[2026-08-17T11:50:00.008Z] [syncEngine] Тенантов активных: 1
[2026-08-17T11:50:00.008Z] Таблица 'index_documents' успешно создана или уже существует
[2026-08-17T11:50:00.009Z] Таблица 'products' успешно создана или уже существует.
[2026-08-17T11:50:00.009Z] Таблица 'shopProduct' успешно создана или уже существует.
[2026-08-17T11:50:00.009Z] Таблица 'shops' успешно создана или уже существует.
[2026-08-17T11:50:00.009Z] Таблица 'employees' успешно создана или уже существует.
[2026-08-17T11:50:12.016Z] [syncTenant:default] Цикл завершён
[2026-08-17T11:50:12.020Z] [cron] syncEngine — завершено (12018ms)
[2026-08-17T11:55:00.002Z] [cron] syncEngine — запуск...
[2026-08-17T11:55:00.011Z] [syncEngine] Тенантов активных: 1
[2026-08-17T11:55:00.011Z] Таблица 'index_documents' успешно создана или уже существует
[2026-08-17T11:55:00.012Z] Таблица 'products' успешно создана или уже существует.
[2026-08-17T11:55:00.012Z] Таблица 'shopProduct' успешно создана или уже существует.
[2026-08-17T11:55:00.012Z] Таблица 'shops' успешно создана или уже существует.
[2026-08-17T11:55:00.012Z] Таблица 'employees' успешно создана или уже существует.
[2026-08-17T11:55:01.905Z] Синхронизировано магазинов: 3
[2026-08-17T11:55:01.908Z] [syncTenant:default] Магазинов: 3
[2026-08-17T11:55:02.151Z] Синхронизировано сотрудников: 9
[2026-08-17T11:55:02.153Z] [syncTenant:default] Сотрудников: 9
[2026-08-17T11:55:02.619Z] [syncTenant:default] Терминалов: 3
[2026-08-17T11:55:11.409Z] Successfully inserted 140 documents (duplicates skipped)
[2026-08-17T11:55:11.411Z] [syncTenant:default] Документы (20251229-316B-40A1-80F7-C59E5B8E6831): 140 шт, last_close_date=2026-08-17T11:38:54.000+0000
[2026-08-17T11:55:14.099Z] Successfully inserted 53 documents (duplicates skipped)
[2026-08-17T11:55:14.101Z] [syncTenant:default] Документы (20260103-7090-403D-8015-DE08E5B1138E): 53 шт, last_close_date=2026-08-17T11:49:31.000+0000
[2026-08-17T11:55:16.486Z] Successfully inserted 88 documents (duplicates skipped)
[2026-08-17T11:55:16.487Z] [syncTenant:default] Документы (20260103-425F-4044-8093-F2008B89A33B): 88 шт, last_close_date=2026-08-17T11:28:32.000+0000
[2026-08-17T11:55:18.488Z] [syncTenant:default] Цикл завершён
[2026-08-17T11:55:18.489Z] [cron] syncEngine — завершено (18487ms)
[2026-08-17T12:00:00.002Z] [cron] syncEngine — запуск...
[2026-08-17T12:00:00.009Z] [syncEngine] Тенантов активных: 1
[2026-08-17T12:00:00.009Z] Таблица 'index_documents' успешно создана или уже существует
[2026-08-17T12:00:00.009Z] Таблица 'products' успешно создана или уже существует.
[2026-08-17T12:00:00.009Z] Таблица 'shopProduct' успешно создана или уже существует.
[2026-08-17T12:00:00.010Z] Таблица 'shops' успешно создана или уже существует.
[2026-08-17T12:00:00.010Z] Таблица 'employees' успешно создана или уже существует.
[2026-08-17T12:00:12.020Z] [syncTenant:default] Цикл завершён
[2026-08-17T12:00:12.023Z] [cron] syncEngine — завершено (12021ms)
[2026-08-17T12:04:03.993Z] employeeRole: SUPERADMIN
[2026-08-17T12:04:04.118Z] employeeRole: SUPERADMIN
[2026-08-17T12:04:04.126Z] Таблица 'shop_schedules' создана или уже существует.
[2026-08-17T12:04:04.135Z] employeeRole: SUPERADMIN
[2026-08-17T12:04:04.137Z] employeeRole: SUPERADMIN
[2026-08-17T12:04:04.138Z] Таблица 'shop_schedules' создана или уже существует.
[2026-08-17T12:04:04.151Z] employeeRole: SUPERADMIN
[2026-08-17T12:04:04.153Z] employeeRole: SUPERADMIN
[2026-08-17T12:04:04.172Z] employeeRole: SUPERADMIN
[2026-08-17T12:04:04.185Z] employeeRole: SUPERADMIN
[2026-08-17T12:04:04.197Z] employeeRole: SUPERADMIN
[2026-08-17T12:04:04.203Z] Таблица 'shop_schedules' создана или уже существует.
[2026-08-17T12:04:04.215Z] Таблица 'shop_schedules' создана или уже существует.
[2026-08-17T12:04:04.232Z] Таблица 'shop_schedules' создана или уже существует.
[2026-08-17T12:04:04.240Z] Таблица 'shop_schedules' создана или уже существует.
[2026-08-17T12:04:04.248Z] Таблица 'shop_schedules' создана или уже существует.
[2026-08-17T12:04:04.251Z] Таблица 'shop_schedules' создана или уже существует.
[2026-08-17T12:04:04.269Z] Таблица 'shop_schedules' создана или уже существует.
[2026-08-17T12:04:04.283Z] Таблица 'shop_schedules' создана или уже существует.
[2026-08-17T12:04:04.290Z] Таблица 'shop_schedules' создана или уже существует.
[2026-08-17T12:04:04.303Z] Таблица 'shop_schedules' создана или уже существует.
[2026-08-17T12:04:04.312Z] Таблица 'shop_schedules' создана или уже существует.
[2026-08-17T12:04:04.319Z] Таблица 'shop_schedules' создана или уже существует.
[2026-08-17T12:04:04.327Z] Таблица 'shop_schedules' создана или уже существует.
[2026-08-17T12:04:04.337Z] Таблица 'shop_schedules' создана или уже существует.
[2026-08-17T12:05:00.003Z] [cron] syncEngine — запуск...
[2026-08-17T12:05:00.006Z] [syncEngine] Тенантов активных: 1
[2026-08-17T12:05:00.006Z] Таблица 'index_documents' успешно создана или уже существует
[2026-08-17T12:05:00.006Z] Таблица 'products' успешно создана или уже существует.
[2026-08-17T12:05:00.007Z] Таблица 'shopProduct' успешно создана или уже существует.
[2026-08-17T12:05:00.007Z] Таблица 'shops' успешно создана или уже существует.
[2026-08-17T12:05:00.007Z] Таблица 'employees' успешно создана или уже существует.
[2026-08-17T12:05:03.190Z] [syncTenant:default] Остатки синхронизированы
[2026-08-17T12:05:05.936Z] [syncTenant:default] Остатки синхронизированы
[2026-08-17T12:05:08.453Z] [syncTenant:default] Остатки синхронизированы
[2026-08-17T12:05:10.889Z] Successfully inserted 142 documents (duplicates skipped)
[2026-08-17T12:05:10.890Z] [syncTenant:default] Документы (20251229-316B-40A1-80F7-C59E5B8E6831): 142 шт, last_close_date=2026-08-17T11:56:10.000+0000
[2026-08-17T12:05:12.883Z] employeeRole: SUPERADMIN
[2026-08-17T12:05:12.974Z] Таблица 'shop_schedules' создана или уже существует.
[2026-08-17T12:05:12.982Z] Таблица 'shop_schedules' создана или уже существует.
[2026-08-17T12:05:13.031Z] employeeRole: SUPERADMIN
[2026-08-17T12:05:13.035Z] employeeRole: SUPERADMIN
[2026-08-17T12:05:13.036Z] employeeRole: SUPERADMIN
[2026-08-17T12:05:13.043Z] employeeRole: SUPERADMIN
[2026-08-17T12:05:13.048Z] employeeRole: SUPERADMIN
[2026-08-17T12:05:13.049Z] employeeRole: SUPERADMIN
[2026-08-17T12:05:13.059Z] employeeRole: SUPERADMIN
[2026-08-17T12:05:13.065Z] employeeRole: SUPERADMIN
[2026-08-17T12:05:13.078Z] Таблица 'shop_schedules' создана или уже существует.
[2026-08-17T12:05:13.088Z] Таблица 'shop_schedules' создана или уже существует.
[2026-08-17T12:05:13.097Z] Таблица 'shop_schedules' создана или уже существует.
[2026-08-17T12:05:13.101Z] Таблица 'shop_schedules' создана или уже существует.
[2026-08-17T12:05:13.106Z] Таблица 'shop_schedules' создана или уже существует.
[2026-08-17T12:05:13.111Z] Таблица 'shop_schedules' создана или уже существует.
[2026-08-17T12:05:13.117Z] Таблица 'shop_schedules' создана или уже существует.
[2026-08-17T12:05:13.126Z] Таблица 'shop_schedules' создана или уже существует.
[2026-08-17T12:05:13.131Z] Таблица 'shop_schedules' создана или уже существует.
[2026-08-17T12:05:13.137Z] Таблица 'shop_schedules' создана или уже существует.
[2026-08-17T12:05:13.149Z] Таблица 'shop_schedules' создана или уже существует.
[2026-08-17T12:05:13.154Z] Таблица 'shop_schedules' создана или уже существует.
[2026-08-17T12:05:13.160Z] Таблица 'shop_schedules' создана или уже существует.
[2026-08-17T12:05:13.169Z] Таблица 'shop_schedules' создана или уже существует.
[2026-08-17T12:05:13.181Z] Successfully inserted 91 documents (duplicates skipped)
[2026-08-17T12:05:13.181Z] [syncTenant:default] Документы (20260103-425F-4044-8093-F2008B89A33B): 91 шт, last_close_date=2026-08-17T11:59:40.000+0000
[2026-08-17T12:05:15.386Z] Successfully inserted 53 documents (duplicates skipped)
[2026-08-17T12:05:15.388Z] [syncTenant:default] Документы (20260103-7090-403D-8015-DE08E5B1138E): 53 шт, last_close_date=2026-08-17T11:49:31.000+0000
[2026-08-17T12:05:17.389Z] [syncTenant:default] Цикл завершён
[2026-08-17T12:05:17.390Z] [cron] syncEngine — завершено (17387ms)
[2026-08-17T12:19:20.871Z] employeeRole: SUPERADMIN
[2026-08-17T12:19:21.153Z] employeeRole: SUPERADMIN
[2026-08-17T12:19:21.154Z] employeeRole: SUPERADMIN
[2026-08-17T12:19:21.173Z] employeeRole: SUPERADMIN
[2026-08-17T12:19:21.175Z] employeeRole: SUPERADMIN
[2026-08-17T12:19:21.183Z] Таблица 'shop_schedules' создана или уже существует.
[2026-08-17T12:19:21.190Z] Таблица 'shop_schedules' создана или уже существует.
[2026-08-17T12:19:21.192Z] employeeRole: SUPERADMIN
[2026-08-17T12:19:21.217Z] employeeRole: SUPERADMIN
[2026-08-17T12:19:21.230Z] employeeRole: SUPERADMIN
[2026-08-17T12:19:21.256Z] Таблица 'shop_schedules' создана или уже существует.
[2026-08-17T12:19:21.263Z] employeeRole: SUPERADMIN
[2026-08-17T12:19:21.271Z] Таблица 'shop_schedules' создана или уже существует.
[2026-08-17T12:19:21.276Z] Таблица 'shop_schedules' создана или уже существует.
[2026-08-17T12:19:21.278Z] Таблица 'shop_schedules' создана или уже существует.
[2026-08-17T12:19:21.286Z] Таблица 'shop_schedules' создана или уже существует.
[2026-08-17T12:19:21.291Z] Таблица 'shop_schedules' создана или уже существует.
[2026-08-17T12:19:21.297Z] Таблица 'shop_schedules' создана или уже существует.
[2026-08-17T12:19:21.312Z] Таблица 'shop_schedules' создана или уже существует.
[2026-08-17T12:19:21.321Z] Таблица 'shop_schedules' создана или уже существует.
[2026-08-17T12:19:21.328Z] Таблица 'shop_schedules' создана или уже существует.
[2026-08-17T12:19:21.339Z] Таблица 'shop_schedules' создана или уже существует.
[2026-08-17T12:19:21.349Z] Таблица 'shop_schedules' создана или уже существует.
[2026-08-17T12:19:21.355Z] Таблица 'shop_schedules' создана или уже существует.
[2026-08-17T12:19:21.363Z] Таблица 'shop_schedules' создана или уже существует.
[2026-08-17T12:23:12.578Z] employeeRole: SUPERADMIN
[2026-08-17T12:23:12.737Z] Таблица 'shop_schedules' создана или уже существует.
[2026-08-17T12:23:12.746Z] Таблица 'shop_schedules' создана или уже существует.
[2026-08-17T12:23:12.749Z] employeeRole: SUPERADMIN
[2026-08-17T12:23:12.750Z] employeeRole: SUPERADMIN
[2026-08-17T12:23:12.771Z] employeeRole: SUPERADMIN
[2026-08-17T12:23:12.772Z] employeeRole: SUPERADMIN
[2026-08-17T12:23:12.780Z] employeeRole: SUPERADMIN
[2026-08-17T12:23:12.789Z] employeeRole: SUPERADMIN
[2026-08-17T12:23:12.797Z] employeeRole: SUPERADMIN
[2026-08-17T12:23:12.812Z] employeeRole: SUPERADMIN
[2026-08-17T12:23:12.820Z] Таблица 'shop_schedules' создана или уже существует.
[2026-08-17T12:23:12.821Z] Таблица 'shop_schedules' создана или уже существует.
[2026-08-17T12:23:12.826Z] Таблица 'shop_schedules' создана или уже существует.
[2026-08-17T12:23:12.827Z] Таблица 'shop_schedules' создана или уже существует.
[2026-08-17T12:23:12.834Z] Таблица 'shop_schedules' создана или уже существует.
[2026-08-17T12:23:12.836Z] Таблица 'shop_schedules' создана или уже существует.
[2026-08-17T12:23:12.846Z] Таблица 'shop_schedules' создана или уже существует.
[2026-08-17T12:23:12.850Z] Таблица 'shop_schedules' создана или уже существует.
[2026-08-17T12:23:12.856Z] Таблица 'shop_schedules' создана или уже существует.
[2026-08-17T12:23:12.861Z] Таблица 'shop_schedules' создана или уже существует.
[2026-08-17T12:23:12.872Z] Таблица 'shop_schedules' создана или уже существует.
[2026-08-17T12:23:12.879Z] Таблица 'shop_schedules' создана или уже существует.
[2026-08-17T12:23:12.886Z] Таблица 'shop_schedules' создана или уже существует.
[2026-08-17T12:23:12.892Z] Таблица 'shop_schedules' создана или уже существует.
[2026-08-17T12:30:00.003Z] [cron] syncEngine — запуск...
[2026-08-17T12:30:00.010Z] [syncEngine] Тенантов активных: 1
[2026-08-17T12:30:00.011Z] Таблица 'index_documents' успешно создана или уже существует
[2026-08-17T12:30:00.012Z] Таблица 'products' успешно создана или уже существует.
[2026-08-17T12:30:00.012Z] Таблица 'shopProduct' успешно создана или уже существует.
[2026-08-17T12:30:00.012Z] Таблица 'shops' успешно создана или уже существует.
[2026-08-17T12:30:00.012Z] Таблица 'employees' успешно создана или уже существует.
[2026-08-17T12:30:00.212Z] Синхронизировано магазинов: 3
[2026-08-17T12:30:00.212Z] [syncTenant:default] Магазинов: 3
[2026-08-17T12:30:00.612Z] Синхронизировано сотрудников: 9
[2026-08-17T12:30:00.612Z] [syncTenant:default] Сотрудников: 9
[2026-08-17T12:30:01.142Z] [syncTenant:default] Терминалов: 3
[2026-08-17T12:30:02.253Z] Обработано 1364 записей в таблице products
[2026-08-17T12:30:02.717Z] Обработано 1364 записей в таблице shopProduct
[2026-08-17T12:30:02.720Z] [syncTenant:default] Товары синхронизированы по 1 магазинам
[2026-08-17T12:30:05.895Z] Обработано 1197 записей в таблице products
[2026-08-17T12:30:06.431Z] Обработано 1197 записей в таблице shopProduct
[2026-08-17T12:30:06.433Z] [syncTenant:default] Товары синхронизированы по 1 магазинам
[2026-08-17T12:30:09.611Z] Обработано 1202 записей в таблице products
[2026-08-17T12:30:10.229Z] Обработано 1202 записей в таблице shopProduct
[2026-08-17T12:30:10.232Z] [syncTenant:default] Товары синхронизированы по 1 магазинам
[2026-08-17T12:30:12.851Z] Successfully inserted 143 documents (duplicates skipped)
[2026-08-17T12:30:12.852Z] [syncTenant:default] Документы (20251229-316B-40A1-80F7-C59E5B8E6831): 143 шт, last_close_date=2026-08-17T12:05:33.000+0000
[2026-08-17T12:30:15.004Z] Successfully inserted 54 documents (duplicates skipped)
[2026-08-17T12:30:15.006Z] [syncTenant:default] Документы (20260103-7090-403D-8015-DE08E5B1138E): 54 шт, last_close_date=2026-08-17T12:07:55.000+0000
[2026-08-17T12:30:17.240Z] Successfully inserted 93 documents (duplicates skipped)
[2026-08-17T12:30:17.242Z] [syncTenant:default] Документы (20260103-425F-4044-8093-F2008B89A33B): 93 шт, last_close_date=2026-08-17T12:25:30.000+0000
[2026-08-17T12:30:19.244Z] [syncTenant:default] Цикл завершён
[2026-08-17T12:30:19.245Z] [cron] syncEngine — завершено (19243ms)
[2026-08-17T12:35:00.002Z] [cron] syncEngine — запуск...
[2026-08-17T12:35:00.006Z] [syncEngine] Тенантов активных: 1
[2026-08-17T12:35:00.007Z] Таблица 'index_documents' успешно создана или уже существует
[2026-08-17T12:35:00.007Z] Таблица 'products' успешно создана или уже существует.
[2026-08-17T12:35:00.007Z] Таблица 'shopProduct' успешно создана или уже существует.
[2026-08-17T12:35:00.007Z] Таблица 'shops' успешно создана или уже существует.
[2026-08-17T12:35:00.007Z] Таблица 'employees' успешно создана или уже существует.
[2026-08-17T12:35:12.015Z] [syncTenant:default] Цикл завершён
[2026-08-17T12:35:12.016Z] [cron] syncEngine — завершено (12014ms)
[2026-08-17T12:38:48.783Z] employeeRole: SUPERADMIN
[2026-08-17T12:38:48.964Z] Таблица 'shop_schedules' создана или уже существует.
[2026-08-17T12:38:48.965Z] employeeRole: SUPERADMIN
[2026-08-17T12:38:48.967Z] employeeRole: SUPERADMIN
[2026-08-17T12:38:48.971Z] Таблица 'shop_schedules' создана или уже существует.
[2026-08-17T12:38:48.983Z] employeeRole: SUPERADMIN
[2026-08-17T12:38:48.984Z] employeeRole: SUPERADMIN
[2026-08-17T12:38:48.995Z] employeeRole: SUPERADMIN
[2026-08-17T12:38:49.001Z] employeeRole: SUPERADMIN
[2026-08-17T12:38:49.010Z] employeeRole: SUPERADMIN
[2026-08-17T12:38:49.035Z] employeeRole: SUPERADMIN
[2026-08-17T12:38:49.046Z] Таблица 'shop_schedules' создана или уже существует.
[2026-08-17T12:38:49.051Z] Таблица 'shop_schedules' создана или уже существует.
[2026-08-17T12:38:49.056Z] Таблица 'shop_schedules' создана или уже существует.
[2026-08-17T12:38:49.057Z] Таблица 'shop_schedules' создана или уже существует.
[2026-08-17T12:38:49.063Z] Таблица 'shop_schedules' создана или уже существует.
[2026-08-17T12:38:49.066Z] Таблица 'shop_schedules' создана или уже существует.
[2026-08-17T12:38:49.070Z] Таблица 'shop_schedules' создана или уже существует.
[2026-08-17T12:38:49.077Z] Таблица 'shop_schedules' создана или уже существует.
[2026-08-17T12:38:49.084Z] Таблица 'shop_schedules' создана или уже существует.
[2026-08-17T12:38:49.090Z] Таблица 'shop_schedules' создана или уже существует.
[2026-08-17T12:38:49.101Z] Таблица 'shop_schedules' создана или уже существует.
[2026-08-17T12:38:49.109Z] Таблица 'shop_schedules' создана или уже существует.
[2026-08-17T12:38:49.113Z] Таблица 'shop_schedules' создана или уже существует.
[2026-08-17T12:38:49.118Z] Таблица 'shop_schedules' создана или уже существует.
[2026-08-17T12:40:00.001Z] [cron] syncEngine — запуск...
[2026-08-17T12:40:00.004Z] [syncEngine] Тенантов активных: 1
[2026-08-17T12:40:00.004Z] Таблица 'index_documents' успешно создана или уже существует
[2026-08-17T12:40:00.004Z] Таблица 'products' успешно создана или уже существует.
[2026-08-17T12:40:00.004Z] Таблица 'shopProduct' успешно создана или уже существует.
[2026-08-17T12:40:00.004Z] Таблица 'shops' успешно создана или уже существует.
[2026-08-17T12:40:00.004Z] Таблица 'employees' успешно создана или уже существует.
[2026-08-17T12:40:00.921Z] [syncTenant:default] Остатки синхронизированы
[2026-08-17T12:40:03.265Z] [syncTenant:default] Остатки синхронизированы
[2026-08-17T12:40:05.571Z] [syncTenant:default] Остатки синхронизированы
[2026-08-17T12:40:07.879Z] Successfully inserted 144 documents (duplicates skipped)
[2026-08-17T12:40:07.881Z] [syncTenant:default] Документы (20251229-316B-40A1-80F7-C59E5B8E6831): 144 шт, last_close_date=2026-08-17T12:30:35.000+0000
[2026-08-17T12:40:10.135Z] Successfully inserted 94 documents (duplicates skipped)
[2026-08-17T12:40:10.136Z] [syncTenant:default] Документы (20260103-425F-4044-8093-F2008B89A33B): 94 шт, last_close_date=2026-08-17T12:37:57.000+0000
[2026-08-17T12:40:12.317Z] Successfully inserted 55 documents (duplicates skipped)
[2026-08-17T12:40:12.319Z] [syncTenant:default] Документы (20260103-7090-403D-8015-DE08E5B1138E): 55 шт, last_close_date=2026-08-17T12:33:47.000+0000
[2026-08-17T12:40:14.319Z] [syncTenant:default] Цикл завершён
[2026-08-17T12:40:14.321Z] [cron] syncEngine — завершено (14320ms)
[2026-08-17T12:44:14.992Z] employeeRole: SUPERADMIN
[2026-08-17T12:44:15.065Z] Таблица 'shop_schedules' создана или уже существует.
[2026-08-17T12:44:15.069Z] Таблица 'shop_schedules' создана или уже существует.
[2026-08-17T12:44:15.077Z] employeeRole: SUPERADMIN
[2026-08-17T12:44:15.083Z] employeeRole: SUPERADMIN
[2026-08-17T12:44:15.088Z] employeeRole: SUPERADMIN
[2026-08-17T12:44:15.091Z] employeeRole: SUPERADMIN
[2026-08-17T12:44:15.096Z] employeeRole: SUPERADMIN
[2026-08-17T12:44:15.098Z] employeeRole: SUPERADMIN
[2026-08-17T12:44:15.102Z] employeeRole: SUPERADMIN
[2026-08-17T12:44:15.106Z] employeeRole: SUPERADMIN
[2026-08-17T12:44:15.131Z] Таблица 'shop_schedules' создана или уже существует.
[2026-08-17T12:44:15.139Z] Таблица 'shop_schedules' создана или уже существует.
[2026-08-17T12:44:15.146Z] Таблица 'shop_schedules' создана или уже существует.
[2026-08-17T12:44:15.146Z] Таблица 'shop_schedules' создана или уже существует.
[2026-08-17T12:44:15.153Z] Таблица 'shop_schedules' создана или уже существует.
[2026-08-17T12:44:15.157Z] Таблица 'shop_schedules' создана или уже существует.
[2026-08-17T12:44:15.161Z] Таблица 'shop_schedules' создана или уже существует.
[2026-08-17T12:44:15.165Z] Таблица 'shop_schedules' создана или уже существует.
[2026-08-17T12:44:15.169Z] Таблица 'shop_schedules' создана или уже существует.
[2026-08-17T12:44:15.171Z] Таблица 'shop_schedules' создана или уже существует.
[2026-08-17T12:44:15.179Z] Таблица 'shop_schedules' создана или уже существует.
[2026-08-17T12:44:15.185Z] Таблица 'shop_schedules' создана или уже существует.
[2026-08-17T12:44:15.190Z] Таблица 'shop_schedules' создана или уже существует.
[2026-08-17T12:44:15.196Z] Таблица 'shop_schedules' создана или уже существует.
[2026-08-17T12:50:00.002Z] [cron] syncEngine — запуск...
[2026-08-17T12:50:00.004Z] [syncEngine] Тенантов активных: 1
[2026-08-17T12:50:00.005Z] Таблица 'index_documents' успешно создана или уже существует
[2026-08-17T12:50:00.005Z] Таблица 'products' успешно создана или уже существует.
[2026-08-17T12:50:00.005Z] Таблица 'shopProduct' успешно создана или уже существует.
[2026-08-17T12:50:00.005Z] Таблица 'shops' успешно создана или уже существует.
[2026-08-17T12:50:00.006Z] Таблица 'employees' успешно создана или уже существует.
[2026-08-17T12:50:06.518Z] Successfully inserted 144 documents (duplicates skipped)
[2026-08-17T12:50:06.519Z] [syncTenant:default] Документы (20251229-316B-40A1-80F7-C59E5B8E6831): 144 шт, last_close_date=2026-08-17T12:30:35.000+0000
[2026-08-17T12:50:08.949Z] Successfully inserted 95 documents (duplicates skipped)
[2026-08-17T12:50:08.950Z] [syncTenant:default] Документы (20260103-425F-4044-8093-F2008B89A33B): 95 шт, last_close_date=2026-08-17T12:48:41.000+0000
[2026-08-17T12:50:11.221Z] Successfully inserted 57 documents (duplicates skipped)
[2026-08-17T12:50:11.222Z] [syncTenant:default] Документы (20260103-7090-403D-8015-DE08E5B1138E): 57 шт, last_close_date=2026-08-17T12:48:02.000+0000
[2026-08-17T12:50:13.223Z] [syncTenant:default] Цикл завершён
[2026-08-17T12:50:13.225Z] [cron] syncEngine — завершено (13223ms)
[2026-08-17T12:51:24.630Z] employeeRole: SUPERADMIN
[2026-08-17T12:51:24.808Z] Таблица 'shop_schedules' создана или уже существует.
[2026-08-17T12:51:24.814Z] employeeRole: SUPERADMIN
[2026-08-17T12:51:24.816Z] employeeRole: SUPERADMIN
[2026-08-17T12:51:24.819Z] Таблица 'shop_schedules' создана или уже существует.
[2026-08-17T12:51:24.826Z] employeeRole: SUPERADMIN
[2026-08-17T12:51:24.834Z] employeeRole: SUPERADMIN
[2026-08-17T12:51:24.852Z] employeeRole: SUPERADMIN
[2026-08-17T12:51:24.865Z] employeeRole: SUPERADMIN
[2026-08-17T12:51:24.866Z] employeeRole: SUPERADMIN
[2026-08-17T12:51:24.880Z] employeeRole: SUPERADMIN
[2026-08-17T12:51:24.889Z] Таблица 'shop_schedules' создана или уже существует.
[2026-08-17T12:51:24.897Z] Таблица 'shop_schedules' создана или уже существует.
[2026-08-17T12:51:24.901Z] Таблица 'shop_schedules' создана или уже существует.
[2026-08-17T12:51:24.905Z] Таблица 'shop_schedules' создана или уже существует.
[2026-08-17T12:51:24.911Z] Таблица 'shop_schedules' создана или уже существует.
[2026-08-17T12:51:24.919Z] Таблица 'shop_schedules' создана или уже существует.
[2026-08-17T12:51:24.924Z] Таблица 'shop_schedules' создана или уже существует.
[2026-08-17T12:51:24.933Z] Таблица 'shop_schedules' создана или уже существует.
[2026-08-17T12:51:24.944Z] Таблица 'shop_schedules' создана или уже существует.
[2026-08-17T12:51:24.952Z] Таблица 'shop_schedules' создана или уже существует.
[2026-08-17T12:51:24.962Z] Таблица 'shop_schedules' создана или уже существует.
[2026-08-17T12:51:24.967Z] Таблица 'shop_schedules' создана или уже существует.
[2026-08-17T12:51:24.976Z] Таблица 'shop_schedules' создана или уже существует.
[2026-08-17T12:51:24.983Z] Таблица 'shop_schedules' создана или уже существует.
[2026-08-17T13:00:00.019Z] [cron] syncEngine — запуск...
[2026-08-17T13:00:00.024Z] [syncEngine] Тенантов активных: 1
[2026-08-17T13:00:00.025Z] Таблица 'index_documents' успешно создана или уже существует
[2026-08-17T13:00:00.025Z] Таблица 'products' успешно создана или уже существует.
[2026-08-17T13:00:00.025Z] Таблица 'shopProduct' успешно создана или уже существует.
[2026-08-17T13:00:00.026Z] Таблица 'shops' успешно создана или уже существует.
[2026-08-17T13:00:00.026Z] Таблица 'employees' успешно создана или уже существует.
[2026-08-17T13:00:00.170Z] Синхронизировано магазинов: 3
[2026-08-17T13:00:00.171Z] [syncTenant:default] Магазинов: 3
[2026-08-17T13:00:00.591Z] Синхронизировано сотрудников: 9
[2026-08-17T13:00:00.593Z] [syncTenant:default] Сотрудников: 9
[2026-08-17T13:00:01.092Z] [syncTenant:default] Терминалов: 3
[2026-08-17T13:00:02.105Z] Обработано 1364 записей в таблице products
[2026-08-17T13:00:02.643Z] Обработано 1364 записей в таблице shopProduct
[2026-08-17T13:00:02.644Z] [syncTenant:default] Товары синхронизированы по 1 магазинам
[2026-08-17T13:00:05.555Z] Обработано 1197 записей в таблице products
[2026-08-17T13:00:05.967Z] Обработано 1197 записей в таблице shopProduct
[2026-08-17T13:00:05.968Z] [syncTenant:default] Товары синхронизированы по 1 магазинам
[2026-08-17T13:00:09.205Z] Обработано 1202 записей в таблице products
[2026-08-17T13:00:09.686Z] Обработано 1202 записей в таблице shopProduct
[2026-08-17T13:00:09.687Z] [syncTenant:default] Товары синхронизированы по 1 магазинам
[2026-08-17T13:00:12.242Z] Successfully inserted 145 documents (duplicates skipped)
[2026-08-17T13:00:12.244Z] [syncTenant:default] Документы (20251229-316B-40A1-80F7-C59E5B8E6831): 145 шт, last_close_date=2026-08-17T12:59:50.000+0000
[2026-08-17T13:00:14.575Z] Successfully inserted 58 documents (duplicates skipped)
[2026-08-17T13:00:14.577Z] [syncTenant:default] Документы (20260103-7090-403D-8015-DE08E5B1138E): 58 шт, last_close_date=2026-08-17T12:58:23.000+0000
[2026-08-17T13:00:16.772Z] Successfully inserted 95 documents (duplicates skipped)
[2026-08-17T13:00:16.776Z] [syncTenant:default] Документы (20260103-425F-4044-8093-F2008B89A33B): 95 шт, last_close_date=2026-08-17T12:48:41.000+0000
[2026-08-17T13:00:18.777Z] [syncTenant:default] Цикл завершён
[2026-08-17T13:00:18.778Z] [cron] syncEngine — завершено (18759ms)
[2026-08-17T13:05:00.004Z] [cron] syncEngine — запуск...
[2026-08-17T13:05:00.006Z] [syncEngine] Тенантов активных: 1
[2026-08-17T13:05:00.006Z] Таблица 'index_documents' успешно создана или уже существует
[2026-08-17T13:05:00.007Z] Таблица 'products' успешно создана или уже существует.
[2026-08-17T13:05:00.007Z] Таблица 'shopProduct' успешно создана или уже существует.
[2026-08-17T13:05:00.007Z] Таблица 'shops' успешно создана или уже существует.
[2026-08-17T13:05:00.007Z] Таблица 'employees' успешно создана или уже существует.
[2026-08-17T13:05:12.019Z] [syncTenant:default] Цикл завершён
[2026-08-17T13:05:12.021Z] [cron] syncEngine — завершено (12017ms)
[2026-08-17T13:06:13.684Z] employeeRole: SUPERADMIN
[2026-08-17T13:06:13.764Z] Таблица 'shop_schedules' создана или уже существует.
[2026-08-17T13:06:13.771Z] Таблица 'shop_schedules' создана или уже существует.
[2026-08-17T13:06:13.787Z] employeeRole: SUPERADMIN
[2026-08-17T13:06:13.792Z] employeeRole: SUPERADMIN
[2026-08-17T13:06:13.801Z] employeeRole: SUPERADMIN
[2026-08-17T13:06:13.802Z] employeeRole: SUPERADMIN
[2026-08-17T13:06:13.810Z] employeeRole: SUPERADMIN
[2026-08-17T13:06:13.813Z] employeeRole: SUPERADMIN
[2026-08-17T13:06:13.818Z] employeeRole: SUPERADMIN
[2026-08-17T13:06:13.822Z] employeeRole: SUPERADMIN
[2026-08-17T13:06:13.846Z] Таблица 'shop_schedules' создана или уже существует.
[2026-08-17T13:06:13.851Z] Таблица 'shop_schedules' создана или уже существует.
[2026-08-17T13:06:13.854Z] Таблица 'shop_schedules' создана или уже существует.
[2026-08-17T13:06:13.857Z] Таблица 'shop_schedules' создана или уже существует.
[2026-08-17T13:06:13.861Z] Таблица 'shop_schedules' создана или уже существует.
[2026-08-17T13:06:13.862Z] Таблица 'shop_schedules' создана или уже существует.
[2026-08-17T13:06:13.868Z] Таблица 'shop_schedules' создана или уже существует.
[2026-08-17T13:06:13.871Z] Таблица 'shop_schedules' создана или уже существует.
[2026-08-17T13:06:13.876Z] Таблица 'shop_schedules' создана или уже существует.
[2026-08-17T13:06:13.883Z] Таблица 'shop_schedules' создана или уже существует.
[2026-08-17T13:06:13.891Z] Таблица 'shop_schedules' создана или уже существует.
[2026-08-17T13:06:13.897Z] Таблица 'shop_schedules' создана или уже существует.
[2026-08-17T13:06:13.901Z] Таблица 'shop_schedules' создана или уже существует.
[2026-08-17T13:06:13.907Z] Таблица 'shop_schedules' создана или уже существует.
[2026-08-17T13:15:00.004Z] [cron] syncEngine — запуск...
[2026-08-17T13:15:00.007Z] [syncEngine] Тенантов активных: 1
[2026-08-17T13:15:00.008Z] Таблица 'index_documents' успешно создана или уже существует
[2026-08-17T13:15:00.008Z] Таблица 'products' успешно создана или уже существует.
[2026-08-17T13:15:00.009Z] Таблица 'shopProduct' успешно создана или уже существует.
[2026-08-17T13:15:00.009Z] Таблица 'shops' успешно создана или уже существует.
[2026-08-17T13:15:00.009Z] Таблица 'employees' успешно создана или уже существует.
[2026-08-17T13:15:00.351Z] [syncTenant:default] Остатки синхронизированы
[2026-08-17T13:15:02.577Z] [syncTenant:default] Остатки синхронизированы
[2026-08-17T13:15:04.791Z] [syncTenant:default] Остатки синхронизированы
[2026-08-17T13:15:07.059Z] Successfully inserted 147 documents (duplicates skipped)
[2026-08-17T13:15:07.060Z] [syncTenant:default] Документы (20251229-316B-40A1-80F7-C59E5B8E6831): 147 шт, last_close_date=2026-08-17T13:10:30.000+0000
[2026-08-17T13:15:09.259Z] Successfully inserted 96 documents (duplicates skipped)
[2026-08-17T13:15:09.261Z] [syncTenant:default] Документы (20260103-425F-4044-8093-F2008B89A33B): 96 шт, last_close_date=2026-08-17T13:11:01.000+0000
[2026-08-17T13:15:11.531Z] Successfully inserted 58 documents (duplicates skipped)
[2026-08-17T13:15:11.533Z] [syncTenant:default] Документы (20260103-7090-403D-8015-DE08E5B1138E): 58 шт, last_close_date=2026-08-17T12:58:23.000+0000
[2026-08-17T13:15:13.535Z] [syncTenant:default] Цикл завершён
[2026-08-17T13:15:13.537Z] [cron] syncEngine — завершено (13533ms)
[2026-08-17T13:15:38.126Z] employeeRole: SUPERADMIN
[2026-08-17T13:15:38.288Z] employeeRole: SUPERADMIN
[2026-08-17T13:15:38.291Z] employeeRole: SUPERADMIN
[2026-08-17T13:15:38.294Z] Таблица 'shop_schedules' создана или уже существует.
[2026-08-17T13:15:38.300Z] employeeRole: SUPERADMIN
[2026-08-17T13:15:38.304Z] employeeRole: SUPERADMIN
[2026-08-17T13:15:38.304Z] Таблица 'shop_schedules' создана или уже существует.
[2026-08-17T13:15:38.317Z] employeeRole: SUPERADMIN
[2026-08-17T13:15:38.328Z] employeeRole: SUPERADMIN
[2026-08-17T13:15:38.333Z] employeeRole: SUPERADMIN
[2026-08-17T13:15:38.349Z] Таблица 'shop_schedules' создана или уже существует.
[2026-08-17T13:15:38.350Z] employeeRole: SUPERADMIN
[2026-08-17T13:15:38.354Z] Таблица 'shop_schedules' создана или уже существует.
[2026-08-17T13:15:38.363Z] Таблица 'shop_schedules' создана или уже существует.
[2026-08-17T13:15:38.364Z] Таблица 'shop_schedules' создана или уже существует.
[2026-08-17T13:15:38.370Z] Таблица 'shop_schedules' создана или уже существует.
[2026-08-17T13:15:38.371Z] Таблица 'shop_schedules' создана или уже существует.
[2026-08-17T13:15:38.378Z] Таблица 'shop_schedules' создана или уже существует.
[2026-08-17T13:15:38.385Z] Таблица 'shop_schedules' создана или уже существует.
[2026-08-17T13:15:38.396Z] Таблица 'shop_schedules' создана или уже существует.
[2026-08-17T13:15:38.403Z] Таблица 'shop_schedules' создана или уже существует.
[2026-08-17T13:15:38.414Z] Таблица 'shop_schedules' создана или уже существует.
[2026-08-17T13:15:38.419Z] Таблица 'shop_schedules' создана или уже существует.
[2026-08-17T13:15:38.424Z] Таблица 'shop_schedules' создана или уже существует.
[2026-08-17T13:15:38.430Z] Таблица 'shop_schedules' создана или уже существует.
[2026-08-17T13:20:00.003Z] [cron] syncEngine — запуск...
[2026-08-17T13:20:00.007Z] [syncEngine] Тенантов активных: 1
[2026-08-17T13:20:00.007Z] Таблица 'index_documents' успешно создана или уже существует
[2026-08-17T13:20:00.007Z] Таблица 'products' успешно создана или уже существует.
[2026-08-17T13:20:00.008Z] Таблица 'shopProduct' успешно создана или уже существует.
[2026-08-17T13:20:00.008Z] Таблица 'shops' успешно создана или уже существует.
[2026-08-17T13:20:00.008Z] Таблица 'employees' успешно создана или уже существует.
[2026-08-17T13:20:12.017Z] [syncTenant:default] Цикл завершён
[2026-08-17T13:20:12.019Z] [cron] syncEngine — завершено (12016ms)
[2026-08-17T13:25:00.034Z] [cron] syncEngine — запуск...
[2026-08-17T13:25:00.037Z] [syncEngine] Тенантов активных: 1
[2026-08-17T13:25:00.037Z] Таблица 'index_documents' успешно создана или уже существует
[2026-08-17T13:25:00.038Z] Таблица 'products' успешно создана или уже существует.
[2026-08-17T13:25:00.038Z] Таблица 'shopProduct' успешно создана или уже существует.
[2026-08-17T13:25:00.038Z] Таблица 'shops' успешно создана или уже существует.
[2026-08-17T13:25:00.038Z] Таблица 'employees' успешно создана или уже существует.
[2026-08-17T13:25:00.170Z] Синхронизировано магазинов: 3
[2026-08-17T13:25:00.171Z] [syncTenant:default] Магазинов: 3
[2026-08-17T13:25:00.592Z] Синхронизировано сотрудников: 9
[2026-08-17T13:25:00.593Z] [syncTenant:default] Сотрудников: 9
[2026-08-17T13:25:01.088Z] [syncTenant:default] Терминалов: 3
[2026-08-17T13:25:07.632Z] Successfully inserted 149 documents (duplicates skipped)
[2026-08-17T13:25:07.634Z] [syncTenant:default] Документы (20251229-316B-40A1-80F7-C59E5B8E6831): 149 шт, last_close_date=2026-08-17T13:20:53.000+0000
[2026-08-17T13:25:09.804Z] Successfully inserted 59 documents (duplicates skipped)
[2026-08-17T13:25:09.805Z] [syncTenant:default] Документы (20260103-7090-403D-8015-DE08E5B1138E): 59 шт, last_close_date=2026-08-17T13:15:10.000+0000
[2026-08-17T13:25:12.064Z] Successfully inserted 96 documents (duplicates skipped)
[2026-08-17T13:25:12.065Z] [syncTenant:default] Документы (20260103-425F-4044-8093-F2008B89A33B): 96 шт, last_close_date=2026-08-17T13:11:01.000+0000
[2026-08-17T13:25:14.067Z] [syncTenant:default] Цикл завершён
[2026-08-17T13:25:14.068Z] [cron] syncEngine — завершено (14034ms)
[2026-08-17T13:30:00.006Z] [cron] syncEngine — запуск...
[2026-08-17T13:30:00.008Z] [syncEngine] Тенантов активных: 1
[2026-08-17T13:30:00.009Z] Таблица 'index_documents' успешно создана или уже существует
[2026-08-17T13:30:00.009Z] Таблица 'products' успешно создана или уже существует.
[2026-08-17T13:30:00.009Z] Таблица 'shopProduct' успешно создана или уже существует.
[2026-08-17T13:30:00.009Z] Таблица 'shops' успешно создана или уже существует.
[2026-08-17T13:30:00.009Z] Таблица 'employees' успешно создана или уже существует.
[2026-08-17T13:30:01.160Z] Обработано 1364 записей в таблице products
[2026-08-17T13:30:01.508Z] Обработано 1364 записей в таблице shopProduct
[2026-08-17T13:30:01.509Z] [syncTenant:default] Товары синхронизированы по 1 магазинам
[2026-08-17T13:30:04.502Z] Обработано 1202 записей в таблице products
[2026-08-17T13:30:04.873Z] Обработано 1202 записей в таблице shopProduct
[2026-08-17T13:30:04.874Z] [syncTenant:default] Товары синхронизированы по 1 магазинам
[2026-08-17T13:30:08.133Z] Обработано 1197 записей в таблице products
[2026-08-17T13:30:08.512Z] Обработано 1197 записей в таблице shopProduct
[2026-08-17T13:30:08.513Z] [syncTenant:default] Товары синхронизированы по 1 магазинам
[2026-08-17T13:30:11.043Z] Successfully inserted 149 documents (duplicates skipped)
[2026-08-17T13:30:11.044Z] [syncTenant:default] Документы (20251229-316B-40A1-80F7-C59E5B8E6831): 149 шт, last_close_date=2026-08-17T13:20:53.000+0000
[2026-08-17T13:30:13.342Z] Successfully inserted 96 documents (duplicates skipped)
[2026-08-17T13:30:13.344Z] [syncTenant:default] Документы (20260103-425F-4044-8093-F2008B89A33B): 96 шт, last_close_date=2026-08-17T13:11:01.000+0000
[2026-08-17T13:30:15.562Z] Successfully inserted 59 documents (duplicates skipped)
[2026-08-17T13:30:15.564Z] [syncTenant:default] Документы (20260103-7090-403D-8015-DE08E5B1138E): 59 шт, last_close_date=2026-08-17T13:15:10.000+0000
[2026-08-17T13:30:17.565Z] [syncTenant:default] Цикл завершён
[2026-08-17T13:30:17.567Z] [cron] syncEngine — завершено (17561ms)
[2026-08-17T13:35:00.006Z] [cron] syncEngine — запуск...
[2026-08-17T13:35:00.016Z] [syncEngine] Тенантов активных: 1
[2026-08-17T13:35:00.016Z] Таблица 'index_documents' успешно создана или уже существует
[2026-08-17T13:35:00.017Z] Таблица 'products' успешно создана или уже существует.
[2026-08-17T13:35:00.017Z] Таблица 'shopProduct' успешно создана или уже существует.
[2026-08-17T13:35:00.017Z] Таблица 'shops' успешно создана или уже существует.
[2026-08-17T13:35:00.017Z] Таблица 'employees' успешно создана или уже существует.
[2026-08-17T13:35:12.026Z] [syncTenant:default] Цикл завершён
[2026-08-17T13:35:12.027Z] [cron] syncEngine — завершено (12021ms)
[2026-08-17T13:40:00.002Z] [cron] syncEngine — запуск...
[2026-08-17T13:40:00.004Z] [syncEngine] Тенантов активных: 1
[2026-08-17T13:40:00.005Z] Таблица 'index_documents' успешно создана или уже существует
[2026-08-17T13:40:00.005Z] Таблица 'products' успешно создана или уже существует.
[2026-08-17T13:40:00.005Z] Таблица 'shopProduct' успешно создана или уже существует.
[2026-08-17T13:40:00.005Z] Таблица 'shops' успешно создана или уже существует.
[2026-08-17T13:40:00.005Z] Таблица 'employees' успешно создана или уже существует.
[2026-08-17T13:40:06.255Z] Successfully inserted 153 documents (duplicates skipped)
[2026-08-17T13:40:06.257Z] [syncTenant:default] Документы (20251229-316B-40A1-80F7-C59E5B8E6831): 153 шт, last_close_date=2026-08-17T13:34:27.000+0000
[2026-08-17T13:40:08.461Z] Successfully inserted 96 documents (duplicates skipped)
[2026-08-17T13:40:08.463Z] [syncTenant:default] Документы (20260103-425F-4044-8093-F2008B89A33B): 96 шт, last_close_date=2026-08-17T13:11:01.000+0000
[2026-08-17T13:40:10.631Z] Successfully inserted 62 documents (duplicates skipped)
[2026-08-17T13:40:10.632Z] [syncTenant:default] Документы (20260103-7090-403D-8015-DE08E5B1138E): 62 шт, last_close_date=2026-08-17T13:35:31.000+0000
[2026-08-17T13:40:12.633Z] [syncTenant:default] Цикл завершён
[2026-08-17T13:40:12.635Z] [cron] syncEngine — завершено (12633ms)
[2026-08-17T13:45:00.002Z] [cron] syncEngine — запуск...
[2026-08-17T13:45:00.009Z] [syncEngine] Тенантов активных: 1
[2026-08-17T13:45:00.010Z] Таблица 'index_documents' успешно создана или уже существует
[2026-08-17T13:45:00.010Z] Таблица 'products' успешно создана или уже существует.
[2026-08-17T13:45:00.010Z] Таблица 'shopProduct' успешно создана или уже существует.
[2026-08-17T13:45:00.010Z] Таблица 'shops' успешно создана или уже существует.
[2026-08-17T13:45:00.010Z] Таблица 'employees' успешно создана или уже существует.
[2026-08-17T13:45:12.018Z] [syncTenant:default] Цикл завершён
[2026-08-17T13:45:12.022Z] [cron] syncEngine — завершено (12020ms)
[2026-08-17T13:50:00.001Z] [cron] syncEngine — запуск...
[2026-08-17T13:50:00.007Z] [syncEngine] Тенантов активных: 1
[2026-08-17T13:50:00.008Z] Таблица 'index_documents' успешно создана или уже существует
[2026-08-17T13:50:00.008Z] Таблица 'products' успешно создана или уже существует.
[2026-08-17T13:50:00.008Z] Таблица 'shopProduct' успешно создана или уже существует.
[2026-08-17T13:50:00.008Z] Таблица 'shops' успешно создана или уже существует.
[2026-08-17T13:50:00.008Z] Таблица 'employees' успешно создана или уже существует.
[2026-08-17T13:50:00.202Z] Синхронизировано магазинов: 3
[2026-08-17T13:50:00.205Z] [syncTenant:default] Магазинов: 3
[2026-08-17T13:50:00.562Z] Синхронизировано сотрудников: 9
[2026-08-17T13:50:00.563Z] [syncTenant:default] Сотрудников: 9
[2026-08-17T13:50:01.080Z] [syncTenant:default] Терминалов: 3
[2026-08-17T13:50:01.751Z] [syncTenant:default] Остатки синхронизированы
[2026-08-17T13:50:03.970Z] [syncTenant:default] Остатки синхронизированы
[2026-08-17T13:50:06.164Z] [syncTenant:default] Остатки синхронизированы
[2026-08-17T13:50:08.398Z] Successfully inserted 156 documents (duplicates skipped)
[2026-08-17T13:50:08.399Z] [syncTenant:default] Документы (20251229-316B-40A1-80F7-C59E5B8E6831): 156 шт, last_close_date=2026-08-17T13:48:00.000+0000
[2026-08-17T13:50:10.578Z] Successfully inserted 64 documents (duplicates skipped)
[2026-08-17T13:50:10.580Z] [syncTenant:default] Документы (20260103-7090-403D-8015-DE08E5B1138E): 64 шт, last_close_date=2026-08-17T13:41:17.000+0000
[2026-08-17T13:50:12.912Z] Successfully inserted 96 documents (duplicates skipped)
[2026-08-17T13:50:12.914Z] [syncTenant:default] Документы (20260103-425F-4044-8093-F2008B89A33B): 96 шт, last_close_date=2026-08-17T13:11:01.000+0000
[2026-08-17T13:50:14.915Z] [syncTenant:default] Цикл завершён
[2026-08-17T13:50:14.917Z] [cron] syncEngine — завершено (14916ms)
[2026-08-17T13:55:00.036Z] [cron] syncEngine — запуск...
[2026-08-17T13:55:00.038Z] [syncEngine] Тенантов активных: 1
[2026-08-17T13:55:00.038Z] Таблица 'index_documents' успешно создана или уже существует
[2026-08-17T13:55:00.039Z] Таблица 'products' успешно создана или уже существует.
[2026-08-17T13:55:00.039Z] Таблица 'shopProduct' успешно создана или уже существует.
[2026-08-17T13:55:00.039Z] Таблица 'shops' успешно создана или уже существует.
[2026-08-17T13:55:00.039Z] Таблица 'employees' успешно создана или уже существует.
[2026-08-17T13:55:12.047Z] [syncTenant:default] Цикл завершён
[2026-08-17T13:55:12.049Z] [cron] syncEngine — завершено (12013ms)
[2026-08-17T14:00:00.003Z] [cron] syncEngine — запуск...
[2026-08-17T14:00:00.009Z] [syncEngine] Тенантов активных: 1
[2026-08-17T14:00:00.010Z] Таблица 'index_documents' успешно создана или уже существует
[2026-08-17T14:00:00.010Z] Таблица 'products' успешно создана или уже существует.
[2026-08-17T14:00:00.010Z] Таблица 'shopProduct' успешно создана или уже существует.
[2026-08-17T14:00:00.010Z] Таблица 'shops' успешно создана или уже существует.
[2026-08-17T14:00:00.010Z] Таблица 'employees' успешно создана или уже существует.
[2026-08-17T14:00:01.168Z] Обработано 1364 записей в таблице products
[2026-08-17T14:00:01.423Z] Обработано 1364 записей в таблице shopProduct
[2026-08-17T14:00:01.424Z] [syncTenant:default] Товары синхронизированы по 1 магазинам
[2026-08-17T14:00:04.213Z] Обработано 1202 записей в таблице products
[2026-08-17T14:00:04.640Z] Обработано 1202 записей в таблице shopProduct
[2026-08-17T14:00:04.641Z] [syncTenant:default] Товары синхронизированы по 1 магазинам
[2026-08-17T14:00:07.448Z] Обработано 1197 записей в таблице products
[2026-08-17T14:00:07.848Z] Обработано 1197 записей в таблице shopProduct
[2026-08-17T14:00:07.850Z] [syncTenant:default] Товары синхронизированы по 1 магазинам
[2026-08-17T14:00:10.025Z] Successfully inserted 156 documents (duplicates skipped)
[2026-08-17T14:00:10.027Z] [syncTenant:default] Документы (20251229-316B-40A1-80F7-C59E5B8E6831): 156 шт, last_close_date=2026-08-17T13:48:00.000+0000
[2026-08-17T14:00:12.191Z] Successfully inserted 99 documents (duplicates skipped)
[2026-08-17T14:00:12.193Z] [syncTenant:default] Документы (20260103-425F-4044-8093-F2008B89A33B): 99 шт, last_close_date=2026-08-17T13:59:48.000+0000
[2026-08-17T14:00:14.433Z] Successfully inserted 66 documents (duplicates skipped)
[2026-08-17T14:00:14.435Z] [syncTenant:default] Документы (20260103-7090-403D-8015-DE08E5B1138E): 66 шт, last_close_date=2026-08-17T13:54:12.000+0000
[2026-08-17T14:00:16.436Z] [syncTenant:default] Цикл завершён
[2026-08-17T14:00:16.438Z] [cron] syncEngine — завершено (16435ms)
[2026-08-17T14:05:00.005Z] [cron] syncEngine — запуск...
[2026-08-17T14:05:00.008Z] [syncEngine] Тенантов активных: 1
[2026-08-17T14:05:00.009Z] Таблица 'index_documents' успешно создана или уже существует
[2026-08-17T14:05:00.010Z] Таблица 'products' успешно создана или уже существует.
[2026-08-17T14:05:00.010Z] Таблица 'shopProduct' успешно создана или уже существует.
[2026-08-17T14:05:00.010Z] Таблица 'shops' успешно создана или уже существует.
[2026-08-17T14:05:00.010Z] Таблица 'employees' успешно создана или уже существует.
[2026-08-17T14:05:12.017Z] [syncTenant:default] Цикл завершён
[2026-08-17T14:05:12.019Z] [cron] syncEngine — завершено (12014ms)
[2026-08-17T14:10:00.004Z] [cron] syncEngine — запуск...
[2026-08-17T14:10:00.009Z] [syncEngine] Тенантов активных: 1
[2026-08-17T14:10:00.009Z] Таблица 'index_documents' успешно создана или уже существует
[2026-08-17T14:10:00.010Z] Таблица 'products' успешно создана или уже существует.
[2026-08-17T14:10:00.010Z] Таблица 'shopProduct' успешно создана или уже существует.
[2026-08-17T14:10:00.010Z] Таблица 'shops' успешно создана или уже существует.
[2026-08-17T14:10:00.010Z] Таблица 'employees' успешно создана или уже существует.
[2026-08-17T14:10:09.075Z] Successfully inserted 156 documents (duplicates skipped)
[2026-08-17T14:10:09.076Z] [syncTenant:default] Документы (20251229-316B-40A1-80F7-C59E5B8E6831): 156 шт, last_close_date=2026-08-17T13:48:00.000+0000
[2026-08-17T14:10:11.351Z] Successfully inserted 101 documents (duplicates skipped)
[2026-08-17T14:10:11.352Z] [syncTenant:default] Документы (20260103-425F-4044-8093-F2008B89A33B): 101 шт, last_close_date=2026-08-17T14:09:26.000+0000
[2026-08-17T14:10:13.687Z] Successfully inserted 67 documents (duplicates skipped)
[2026-08-17T14:10:13.688Z] [syncTenant:default] Документы (20260103-7090-403D-8015-DE08E5B1138E): 67 шт, last_close_date=2026-08-17T14:06:25.000+0000
[2026-08-17T14:10:15.688Z] [syncTenant:default] Цикл завершён
[2026-08-17T14:10:15.690Z] [cron] syncEngine — завершено (15686ms)
[2026-08-17T14:11:52.637Z] employeeRole: SUPERADMIN
[2026-08-17T14:11:52.782Z] Таблица 'shop_schedules' создана или уже существует.
[2026-08-17T14:11:52.786Z] Таблица 'shop_schedules' создана или уже существует.
[2026-08-17T14:11:52.797Z] employeeRole: SUPERADMIN
[2026-08-17T14:11:52.799Z] employeeRole: SUPERADMIN
[2026-08-17T14:11:52.806Z] employeeRole: SUPERADMIN
[2026-08-17T14:11:52.814Z] employeeRole: SUPERADMIN
[2026-08-17T14:11:52.820Z] employeeRole: SUPERADMIN
[2026-08-17T14:11:52.825Z] employeeRole: SUPERADMIN
[2026-08-17T14:11:52.827Z] employeeRole: SUPERADMIN
[2026-08-17T14:11:52.848Z] employeeRole: SUPERADMIN
[2026-08-17T14:11:52.858Z] Таблица 'shop_schedules' создана или уже существует.
[2026-08-17T14:11:52.865Z] Таблица 'shop_schedules' создана или уже существует.
[2026-08-17T14:11:52.869Z] Таблица 'shop_schedules' создана или уже существует.
[2026-08-17T14:11:52.873Z] Таблица 'shop_schedules' создана или уже существует.
[2026-08-17T14:11:52.876Z] Таблица 'shop_schedules' создана или уже существует.
[2026-08-17T14:11:52.880Z] Таблица 'shop_schedules' создана или уже существует.
[2026-08-17T14:11:52.883Z] Таблица 'shop_schedules' создана или уже существует.
[2026-08-17T14:11:52.888Z] Таблица 'shop_schedules' создана или уже существует.
[2026-08-17T14:11:52.893Z] Таблица 'shop_schedules' создана или уже существует.
[2026-08-17T14:11:52.900Z] Таблица 'shop_schedules' создана или уже существует.
[2026-08-17T14:11:52.908Z] Таблица 'shop_schedules' создана или уже существует.
[2026-08-17T14:11:52.914Z] Таблица 'shop_schedules' создана или уже существует.
[2026-08-17T14:11:52.920Z] Таблица 'shop_schedules' создана или уже существует.
[2026-08-17T14:11:52.926Z] Таблица 'shop_schedules' создана или уже существует.
[2026-08-17T14:15:00.003Z] [cron] syncEngine — запуск...
[2026-08-17T14:15:00.008Z] [syncEngine] Тенантов активных: 1
[2026-08-17T14:15:00.008Z] Таблица 'index_documents' успешно создана или уже существует
[2026-08-17T14:15:00.008Z] Таблица 'products' успешно создана или уже существует.
[2026-08-17T14:15:00.008Z] Таблица 'shopProduct' успешно создана или уже существует.
[2026-08-17T14:15:00.009Z] Таблица 'shops' успешно создана или уже существует.
[2026-08-17T14:15:00.009Z] Таблица 'employees' успешно создана или уже существует.
[2026-08-17T14:15:01.513Z] Синхронизировано магазинов: 3
[2026-08-17T14:15:01.515Z] [syncTenant:default] Магазинов: 3
[2026-08-17T14:15:01.663Z] Синхронизировано сотрудников: 9
[2026-08-17T14:15:01.664Z] [syncTenant:default] Сотрудников: 9
[2026-08-17T14:15:02.167Z] [syncTenant:default] Терминалов: 3
[2026-08-17T14:15:13.372Z] Successfully inserted 101 documents (duplicates skipped)
[2026-08-17T14:15:13.376Z] [syncTenant:default] Документы (20260103-425F-4044-8093-F2008B89A33B): 101 шт, last_close_date=2026-08-17T14:09:26.000+0000
[2026-08-17T14:15:15.376Z] [syncTenant:default] Цикл завершён
[2026-08-17T14:15:15.377Z] [cron] syncEngine — завершено (15374ms)
[2026-08-17T14:16:52.455Z] employeeRole: SUPERADMIN
[2026-08-17T14:16:52.609Z] employeeRole: SUPERADMIN
[2026-08-17T14:16:52.618Z] employeeRole: SUPERADMIN
[2026-08-17T14:16:52.625Z] employeeRole: SUPERADMIN
[2026-08-17T14:16:52.633Z] Таблица 'shop_schedules' создана или уже существует.
[2026-08-17T14:16:52.642Z] employeeRole: SUPERADMIN
[2026-08-17T14:16:52.649Z] Таблица 'shop_schedules' создана или уже существует.
[2026-08-17T14:16:52.657Z] employeeRole: SUPERADMIN
[2026-08-17T14:16:52.676Z] employeeRole: SUPERADMIN
[2026-08-17T14:16:52.691Z] Таблица 'shop_schedules' создана или уже существует.
[2026-08-17T14:16:52.700Z] employeeRole: SUPERADMIN
[2026-08-17T14:16:52.701Z] employeeRole: SUPERADMIN
[2026-08-17T14:16:52.705Z] Таблица 'shop_schedules' создана или уже существует.
[2026-08-17T14:16:52.710Z] Таблица 'shop_schedules' создана или уже существует.
[2026-08-17T14:16:52.720Z] Таблица 'shop_schedules' создана или уже существует.
[2026-08-17T14:16:52.725Z] Таблица 'shop_schedules' создана или уже существует.
[2026-08-17T14:16:52.729Z] Таблица 'shop_schedules' создана или уже существует.
[2026-08-17T14:16:52.736Z] Таблица 'shop_schedules' создана или уже существует.
[2026-08-17T14:16:52.748Z] Таблица 'shop_schedules' создана или уже существует.
[2026-08-17T14:16:52.755Z] Таблица 'shop_schedules' создана или уже существует.
[2026-08-17T14:16:52.762Z] Таблица 'shop_schedules' создана или уже существует.
[2026-08-17T14:16:52.771Z] Таблица 'shop_schedules' создана или уже существует.
[2026-08-17T14:16:52.777Z] Таблица 'shop_schedules' создана или уже существует.
[2026-08-17T14:16:52.783Z] Таблица 'shop_schedules' создана или уже существует.
[2026-08-17T14:16:52.791Z] Таблица 'shop_schedules' создана или уже существует.
[2026-08-17T14:34:52.876Z] employeeRole: SUPERADMIN
[2026-08-17T14:34:53.000Z] Таблица 'shop_schedules' создана или уже существует.
[2026-08-17T14:34:53.026Z] Таблица 'shop_schedules' создана или уже существует.
[2026-08-17T14:34:53.053Z] employeeRole: SUPERADMIN
[2026-08-17T14:34:53.082Z] employeeRole: SUPERADMIN
[2026-08-17T14:34:53.083Z] employeeRole: SUPERADMIN
[2026-08-17T14:34:53.100Z] employeeRole: SUPERADMIN
[2026-08-17T14:34:53.105Z] employeeRole: SUPERADMIN
[2026-08-17T14:34:53.108Z] employeeRole: SUPERADMIN
[2026-08-17T14:34:53.127Z] employeeRole: SUPERADMIN
[2026-08-17T14:34:53.127Z] Таблица 'shop_schedules' создана или уже существует.
[2026-08-17T14:34:53.141Z] employeeRole: SUPERADMIN
[2026-08-17T14:34:53.141Z] Таблица 'shop_schedules' создана или уже существует.
[2026-08-17T14:34:53.154Z] Таблица 'shop_schedules' создана или уже существует.
[2026-08-17T14:34:53.159Z] Таблица 'shop_schedules' создана или уже существует.
[2026-08-17T14:34:53.170Z] Таблица 'shop_schedules' создана или уже существует.
[2026-08-17T14:34:53.171Z] Таблица 'shop_schedules' создана или уже существует.
[2026-08-17T14:34:53.177Z] Таблица 'shop_schedules' создана или уже существует.
[2026-08-17T14:34:53.180Z] Таблица 'shop_schedules' создана или уже существует.
[2026-08-17T14:34:53.186Z] Таблица 'shop_schedules' создана или уже существует.
[2026-08-17T14:34:53.193Z] Таблица 'shop_schedules' создана или уже существует.
[2026-08-17T14:34:53.203Z] Таблица 'shop_schedules' создана или уже существует.
[2026-08-17T14:34:53.210Z] Таблица 'shop_schedules' создана или уже существует.
[2026-08-17T14:34:53.216Z] Таблица 'shop_schedules' создана или уже существует.
[2026-08-17T14:34:53.222Z] Таблица 'shop_schedules' создана или уже существует.
[2026-08-17T14:40:00.004Z] [cron] syncEngine — запуск...
[2026-08-17T14:40:00.013Z] [syncEngine] Тенантов активных: 1
[2026-08-17T14:40:00.014Z] Таблица 'index_documents' успешно создана или уже существует
[2026-08-17T14:40:00.014Z] Таблица 'products' успешно создана или уже существует.
[2026-08-17T14:40:00.014Z] Таблица 'shopProduct' успешно создана или уже существует.
[2026-08-17T14:40:00.014Z] Таблица 'shops' успешно создана или уже существует.
[2026-08-17T14:40:00.014Z] Таблица 'employees' успешно создана или уже существует.
[2026-08-17T14:40:02.364Z] Синхронизировано магазинов: 3
[2026-08-17T14:40:02.366Z] [syncTenant:default] Магазинов: 3
[2026-08-17T14:40:02.541Z] Синхронизировано сотрудников: 9
[2026-08-17T14:40:02.542Z] [syncTenant:default] Сотрудников: 9
[2026-08-17T14:40:03.005Z] [syncTenant:default] Терминалов: 3
[2026-08-17T14:40:04.188Z] Обработано 1364 записей в таблице products
[2026-08-17T14:40:04.540Z] Обработано 1364 записей в таблице shopProduct
[2026-08-17T14:40:04.541Z] [syncTenant:default] Товары синхронизированы по 1 магазинам
[2026-08-17T14:40:05.082Z] [syncTenant:default] Остатки синхронизированы
[2026-08-17T14:40:08.145Z] Обработано 1197 записей в таблице products
[2026-08-17T14:40:08.468Z] Обработано 1197 записей в таблице shopProduct
[2026-08-17T14:40:08.470Z] [syncTenant:default] Товары синхронизированы по 1 магазинам
[2026-08-17T14:40:08.997Z] [syncTenant:default] Остатки синхронизированы
[2026-08-17T14:40:11.940Z] Обработано 1202 записей в таблице products
[2026-08-17T14:40:12.525Z] Обработано 1202 записей в таблице shopProduct
[2026-08-17T14:40:12.526Z] [syncTenant:default] Товары синхронизированы по 1 магазинам
[2026-08-17T14:40:13.022Z] [syncTenant:default] Остатки синхронизированы
[2026-08-17T14:40:15.427Z] Successfully inserted 158 documents (duplicates skipped)
[2026-08-17T14:40:15.429Z] [syncTenant:default] Документы (20251229-316B-40A1-80F7-C59E5B8E6831): 158 шт, last_close_date=2026-08-17T14:30:57.000+0000
[2026-08-17T14:40:17.746Z] Successfully inserted 69 documents (duplicates skipped)
[2026-08-17T14:40:17.747Z] [syncTenant:default] Документы (20260103-7090-403D-8015-DE08E5B1138E): 69 шт, last_close_date=2026-08-17T14:32:02.000+0000
[2026-08-17T14:40:20.524Z] Successfully inserted 101 documents (duplicates skipped)
[2026-08-17T14:40:20.526Z] [syncTenant:default] Документы (20260103-425F-4044-8093-F2008B89A33B): 101 шт, last_close_date=2026-08-17T14:09:26.000+0000
[2026-08-17T14:40:22.527Z] [syncTenant:default] Цикл завершён
[2026-08-17T14:40:22.528Z] [cron] syncEngine — завершено (22524ms)
[2026-08-17T14:45:00.004Z] [cron] syncEngine — запуск...
[2026-08-17T14:45:00.010Z] [syncEngine] Тенантов активных: 1
[2026-08-17T14:45:00.011Z] Таблица 'index_documents' успешно создана или уже существует
[2026-08-17T14:45:00.011Z] Таблица 'products' успешно создана или уже существует.
[2026-08-17T14:45:00.011Z] Таблица 'shopProduct' успешно создана или уже существует.
[2026-08-17T14:45:00.012Z] Таблица 'shops' успешно создана или уже существует.
[2026-08-17T14:45:00.012Z] Таблица 'employees' успешно создана или уже существует.
[2026-08-17T14:45:12.021Z] [syncTenant:default] Цикл завершён
[2026-08-17T14:45:12.022Z] [cron] syncEngine — завершено (12018ms)
[2026-08-17T14:50:00.003Z] [cron] syncEngine — запуск...
[2026-08-17T14:50:00.007Z] [syncEngine] Тенантов активных: 1
[2026-08-17T14:50:00.008Z] Таблица 'index_documents' успешно создана или уже существует
[2026-08-17T14:50:00.008Z] Таблица 'products' успешно создана или уже существует.
[2026-08-17T14:50:00.008Z] Таблица 'shopProduct' успешно создана или уже существует.
[2026-08-17T14:50:00.008Z] Таблица 'shops' успешно создана или уже существует.
[2026-08-17T14:50:00.008Z] Таблица 'employees' успешно создана или уже существует.
[2026-08-17T14:50:09.978Z] Successfully inserted 160 documents (duplicates skipped)
[2026-08-17T14:50:09.980Z] [syncTenant:default] Документы (20251229-316B-40A1-80F7-C59E5B8E6831): 160 шт, last_close_date=2026-08-17T14:45:07.000+0000
[2026-08-17T14:50:12.401Z] Successfully inserted 102 documents (duplicates skipped)
[2026-08-17T14:50:12.402Z] [syncTenant:default] Документы (20260103-425F-4044-8093-F2008B89A33B): 102 шт, last_close_date=2026-08-17T14:46:39.000+0000
[2026-08-17T14:50:14.754Z] Successfully inserted 71 documents (duplicates skipped)
[2026-08-17T14:50:14.756Z] [syncTenant:default] Документы (20260103-7090-403D-8015-DE08E5B1138E): 71 шт, last_close_date=2026-08-17T14:49:06.000+0000
[2026-08-17T14:50:16.756Z] [syncTenant:default] Цикл завершён
[2026-08-17T14:50:16.758Z] [cron] syncEngine — завершено (16755ms)
[2026-08-17T14:55:00.017Z] [cron] syncEngine — запуск...
[2026-08-17T14:55:00.022Z] [syncEngine] Тенантов активных: 1
[2026-08-17T14:55:00.023Z] Таблица 'index_documents' успешно создана или уже существует
[2026-08-17T14:55:00.023Z] Таблица 'products' успешно создана или уже существует.
[2026-08-17T14:55:00.023Z] Таблица 'shopProduct' успешно создана или уже существует.
[2026-08-17T14:55:00.023Z] Таблица 'shops' успешно создана или уже существует.
[2026-08-17T14:55:00.023Z] Таблица 'employees' успешно создана или уже существует.
[2026-08-17T14:55:12.032Z] [syncTenant:default] Цикл завершён
[2026-08-17T14:55:12.034Z] [cron] syncEngine — завершено (12017ms)
[2026-08-17T14:56:37.277Z] employeeRole: SUPERADMIN
[2026-08-17T14:56:37.425Z] employeeRole: SUPERADMIN
[2026-08-17T14:56:37.432Z] employeeRole: SUPERADMIN
[2026-08-17T14:56:37.455Z] Таблица 'shop_schedules' создана или уже существует.
[2026-08-17T14:56:37.462Z] employeeRole: SUPERADMIN
[2026-08-17T14:56:37.465Z] Таблица 'shop_schedules' создана или уже существует.
[2026-08-17T14:56:37.473Z] employeeRole: SUPERADMIN
[2026-08-17T14:56:37.493Z] employeeRole: SUPERADMIN
[2026-08-17T14:56:37.500Z] Таблица 'shop_schedules' создана или уже существует.
[2026-08-17T14:56:37.502Z] employeeRole: SUPERADMIN
[2026-08-17T14:56:37.515Z] Таблица 'shop_schedules' создана или уже существует.
[2026-08-17T14:56:37.525Z] Таблица 'shop_schedules' создана или уже существует.
[2026-08-17T14:56:37.526Z] employeeRole: SUPERADMIN
[2026-08-17T14:56:37.530Z] Таблица 'shop_schedules' создана или уже существует.
[2026-08-17T14:56:37.539Z] Таблица 'shop_schedules' создана или уже существует.
[2026-08-17T14:56:37.540Z] employeeRole: SUPERADMIN
[2026-08-17T14:56:37.541Z] Таблица 'shop_schedules' создана или уже существует.
[2026-08-17T14:56:37.568Z] Таблица 'shop_schedules' создана или уже существует.
[2026-08-17T14:56:37.583Z] Таблица 'shop_schedules' создана или уже существует.
[2026-08-17T14:56:37.590Z] Таблица 'shop_schedules' создана или уже существует.
[2026-08-17T14:56:37.596Z] Таблица 'shop_schedules' создана или уже существует.
[2026-08-17T14:56:37.602Z] Таблица 'shop_schedules' создана или уже существует.
[2026-08-17T14:56:37.610Z] Таблица 'shop_schedules' создана или уже существует.
[2026-08-17T14:56:37.615Z] Таблица 'shop_schedules' создана или уже существует.
[2026-08-17T14:56:37.620Z] Таблица 'shop_schedules' создана или уже существует.
[2026-08-17T15:05:00.004Z] [cron] syncEngine — запуск...
[2026-08-17T15:05:00.009Z] [syncEngine] Тенантов активных: 1
[2026-08-17T15:05:00.010Z] Таблица 'index_documents' успешно создана или уже существует
[2026-08-17T15:05:00.010Z] Таблица 'products' успешно создана или уже существует.
[2026-08-17T15:05:00.010Z] Таблица 'shopProduct' успешно создана или уже существует.
[2026-08-17T15:05:00.011Z] Таблица 'shops' успешно создана или уже существует.
[2026-08-17T15:05:00.011Z] Таблица 'employees' успешно создана или уже существует.
[2026-08-17T15:05:02.389Z] Синхронизировано магазинов: 3
[2026-08-17T15:05:02.391Z] [syncTenant:default] Магазинов: 3
[2026-08-17T15:05:02.619Z] Синхронизировано сотрудников: 9
[2026-08-17T15:05:02.620Z] [syncTenant:default] Сотрудников: 9
[2026-08-17T15:05:03.087Z] [syncTenant:default] Терминалов: 3
[2026-08-17T15:05:13.213Z] Successfully inserted 163 documents (duplicates skipped)
[2026-08-17T15:05:13.215Z] [syncTenant:default] Документы (20251229-316B-40A1-80F7-C59E5B8E6831): 163 шт, last_close_date=2026-08-17T15:03:55.000+0000
[2026-08-17T15:05:15.452Z] Successfully inserted 72 documents (duplicates skipped)
[2026-08-17T15:05:15.453Z] [syncTenant:default] Документы (20260103-7090-403D-8015-DE08E5B1138E): 72 шт, last_close_date=2026-08-17T14:54:26.000+0000
[2026-08-17T15:05:17.746Z] Successfully inserted 103 documents (duplicates skipped)
[2026-08-17T15:05:17.747Z] [syncTenant:default] Документы (20260103-425F-4044-8093-F2008B89A33B): 103 шт, last_close_date=2026-08-17T14:56:50.000+0000
[2026-08-17T15:05:19.748Z] [syncTenant:default] Цикл завершён
[2026-08-17T15:05:19.750Z] [cron] syncEngine — завершено (19746ms)
[2026-08-17T15:10:00.003Z] [cron] syncEngine — запуск...
[2026-08-17T15:10:00.005Z] [syncEngine] Тенантов активных: 1
[2026-08-17T15:10:00.006Z] Таблица 'index_documents' успешно создана или уже существует
[2026-08-17T15:10:00.006Z] Таблица 'products' успешно создана или уже существует.
[2026-08-17T15:10:00.006Z] Таблица 'shopProduct' успешно создана или уже существует.
[2026-08-17T15:10:00.006Z] Таблица 'shops' успешно создана или уже существует.
[2026-08-17T15:10:00.006Z] Таблица 'employees' успешно создана или уже существует.
[2026-08-17T15:10:04.677Z] Обработано 1364 записей в таблице products
[2026-08-17T15:10:05.009Z] Обработано 1364 записей в таблице shopProduct
[2026-08-17T15:10:05.010Z] [syncTenant:default] Товары синхронизированы по 1 магазинам
[2026-08-17T15:10:07.926Z] Обработано 1202 записей в таблице products
[2026-08-17T15:10:08.480Z] Обработано 1202 записей в таблице shopProduct
[2026-08-17T15:10:08.482Z] [syncTenant:default] Товары синхронизированы по 1 магазинам
[2026-08-17T15:10:11.552Z] Обработано 1197 записей в таблице products
[2026-08-17T15:10:11.863Z] Обработано 1197 записей в таблице shopProduct
[2026-08-17T15:10:11.864Z] [syncTenant:default] Товары синхронизированы по 1 магазинам
[2026-08-17T15:10:12.548Z] [syncTenant:default] Остатки синхронизированы
[2026-08-17T15:10:14.876Z] Successfully inserted 164 documents (duplicates skipped)
[2026-08-17T15:10:14.877Z] [syncTenant:default] Документы (20251229-316B-40A1-80F7-C59E5B8E6831): 164 шт, last_close_date=2026-08-17T15:09:18.000+0000
[2026-08-17T15:10:22.858Z] Successfully inserted 73 documents (duplicates skipped)
[2026-08-17T15:10:22.860Z] [syncTenant:default] Документы (20260103-7090-403D-8015-DE08E5B1138E): 73 шт, last_close_date=2026-08-17T15:08:58.000+0000
[2026-08-17T15:10:24.860Z] [syncTenant:default] Цикл завершён
[2026-08-17T15:10:24.862Z] [cron] syncEngine — завершено (24859ms)
[2026-08-17T15:15:00.004Z] [cron] syncEngine — запуск...
[2026-08-17T15:15:00.007Z] [syncEngine] Тенантов активных: 1
[2026-08-17T15:15:00.007Z] Таблица 'index_documents' успешно создана или уже существует
[2026-08-17T15:15:00.007Z] Таблица 'products' успешно создана или уже существует.
[2026-08-17T15:15:00.008Z] Таблица 'shopProduct' успешно создана или уже существует.
[2026-08-17T15:15:00.008Z] Таблица 'shops' успешно создана или уже существует.
[2026-08-17T15:15:00.008Z] Таблица 'employees' успешно создана или уже существует.
[2026-08-17T15:15:02.695Z] [syncTenant:default] Остатки синхронизированы
[2026-08-17T15:15:05.111Z] [syncTenant:default] Остатки синхронизированы
[2026-08-17T15:15:15.197Z] Successfully inserted 103 documents (duplicates skipped)
[2026-08-17T15:15:15.198Z] [syncTenant:default] Документы (20260103-425F-4044-8093-F2008B89A33B): 103 шт, last_close_date=2026-08-17T14:56:50.000+0000
[2026-08-17T15:15:19.202Z] [syncTenant:default] Цикл завершён
[2026-08-17T15:15:19.204Z] [cron] syncEngine — завершено (19200ms)
[2026-08-17T15:19:09.034Z] employeeRole: SUPERADMIN
[2026-08-17T15:19:09.232Z] Таблица 'shop_schedules' создана или уже существует.
[2026-08-17T15:19:09.238Z] employeeRole: SUPERADMIN
[2026-08-17T15:19:09.239Z] employeeRole: SUPERADMIN
[2026-08-17T15:19:09.249Z] Таблица 'shop_schedules' создана или уже существует.
[2026-08-17T15:19:09.252Z] employeeRole: SUPERADMIN
[2026-08-17T15:19:09.255Z] employeeRole: SUPERADMIN
[2026-08-17T15:19:09.273Z] employeeRole: SUPERADMIN
[2026-08-17T15:19:09.282Z] employeeRole: SUPERADMIN
[2026-08-17T15:19:09.290Z] employeeRole: SUPERADMIN
[2026-08-17T15:19:09.291Z] employeeRole: SUPERADMIN
[2026-08-17T15:19:09.322Z] Таблица 'shop_schedules' создана или уже существует.
[2026-08-17T15:19:09.325Z] Таблица 'shop_schedules' создана или уже существует.
[2026-08-17T15:19:09.333Z] Таблица 'shop_schedules' создана или уже существует.
[2026-08-17T15:19:09.337Z] Таблица 'shop_schedules' создана или уже существует.
[2026-08-17T15:19:09.342Z] Таблица 'shop_schedules' создана или уже существует.
[2026-08-17T15:19:09.346Z] Таблица 'shop_schedules' создана или уже существует.
[2026-08-17T15:19:09.352Z] Таблица 'shop_schedules' создана или уже существует.
[2026-08-17T15:19:09.357Z] Таблица 'shop_schedules' создана или уже существует.
[2026-08-17T15:19:09.364Z] Таблица 'shop_schedules' создана или уже существует.
[2026-08-17T15:19:09.371Z] Таблица 'shop_schedules' создана или уже существует.
[2026-08-17T15:19:09.378Z] Таблица 'shop_schedules' создана или уже существует.
[2026-08-17T15:19:09.389Z] Таблица 'shop_schedules' создана или уже существует.
[2026-08-17T15:19:09.394Z] Таблица 'shop_schedules' создана или уже существует.
[2026-08-17T15:19:09.400Z] Таблица 'shop_schedules' создана или уже существует.
[2026-08-17T16:07:49.978Z] employeeRole: SUPERADMIN
[2026-08-17T16:07:50.114Z] Таблица 'shop_schedules' создана или уже существует.
[2026-08-17T16:07:50.127Z] Таблица 'shop_schedules' создана или уже существует.
[2026-08-17T16:07:50.127Z] employeeRole: SUPERADMIN
[2026-08-17T16:07:50.130Z] employeeRole: SUPERADMIN
[2026-08-17T16:07:50.140Z] employeeRole: SUPERADMIN
[2026-08-17T16:07:50.142Z] employeeRole: SUPERADMIN
[2026-08-17T16:07:50.142Z] employeeRole: SUPERADMIN
[2026-08-17T16:07:50.158Z] employeeRole: SUPERADMIN
[2026-08-17T16:07:50.164Z] employeeRole: SUPERADMIN
[2026-08-17T16:07:50.171Z] employeeRole: SUPERADMIN
[2026-08-17T16:07:50.196Z] Таблица 'shop_schedules' создана или уже существует.
[2026-08-17T16:07:50.198Z] Таблица 'shop_schedules' создана или уже существует.
[2026-08-17T16:07:50.205Z] Таблица 'shop_schedules' создана или уже существует.
[2026-08-17T16:07:50.208Z] Таблица 'shop_schedules' создана или уже существует.
[2026-08-17T16:07:50.214Z] Таблица 'shop_schedules' создана или уже существует.
[2026-08-17T16:07:50.217Z] Таблица 'shop_schedules' создана или уже существует.
[2026-08-17T16:07:50.224Z] Таблица 'shop_schedules' создана или уже существует.
[2026-08-17T16:07:50.226Z] Таблица 'shop_schedules' создана или уже существует.
[2026-08-17T16:07:50.234Z] Таблица 'shop_schedules' создана или уже существует.
[2026-08-17T16:07:50.242Z] Таблица 'shop_schedules' создана или уже существует.
[2026-08-17T16:07:50.251Z] Таблица 'shop_schedules' создана или уже существует.
[2026-08-17T16:07:50.258Z] Таблица 'shop_schedules' создана или уже существует.
[2026-08-17T16:07:50.264Z] Таблица 'shop_schedules' создана или уже существует.
[2026-08-17T16:07:50.270Z] Таблица 'shop_schedules' создана или уже существует.
[2026-08-17T18:25:00.010Z] [cron] syncEngine — запуск...
[2026-08-17T18:25:00.018Z] [syncEngine] Тенантов активных: 1
[2026-08-17T18:25:00.019Z] Таблица 'index_documents' успешно создана или уже существует
[2026-08-17T18:25:00.019Z] Таблица 'products' успешно создана или уже существует.
[2026-08-17T18:25:00.020Z] Таблица 'shopProduct' успешно создана или уже существует.
[2026-08-17T18:25:00.020Z] Таблица 'shops' успешно создана или уже существует.
[2026-08-17T18:25:00.020Z] Таблица 'employees' успешно создана или уже существует.
[2026-08-17T18:25:01.251Z] Синхронизировано магазинов: 3
[2026-08-17T18:25:01.255Z] [syncTenant:default] Магазинов: 3
[2026-08-17T18:25:01.420Z] Синхронизировано сотрудников: 9
[2026-08-17T18:25:01.421Z] [syncTenant:default] Сотрудников: 9
[2026-08-17T18:25:01.908Z] [syncTenant:default] Терминалов: 3
[2026-08-17T18:25:02.963Z] Обработано 1364 записей в таблице products
[2026-08-17T18:25:03.344Z] Обработано 1364 записей в таблице shopProduct
[2026-08-17T18:25:03.344Z] [syncTenant:default] Товары синхронизированы по 1 магазинам
[2026-08-17T18:25:03.808Z] [syncTenant:default] Остатки синхронизированы
[2026-08-17T18:25:06.723Z] Обработано 1197 записей в таблице products
[2026-08-17T18:25:07.110Z] Обработано 1197 записей в таблице shopProduct
[2026-08-17T18:25:07.111Z] [syncTenant:default] Товары синхронизированы по 1 магазинам
[2026-08-17T18:25:07.703Z] [syncTenant:default] Остатки синхронизированы
[2026-08-17T18:41:44.395Z] [syncTenant:default] Остатки синхронизированы
[2026-08-17T18:41:46.663Z] Successfully inserted 177 documents (duplicates skipped)
[2026-08-17T18:41:46.664Z] [syncTenant:default] Документы (20251229-316B-40A1-80F7-C59E5B8E6831): 177 шт, last_close_date=2026-08-17T17:04:12.000+0000
[2026-08-17T18:41:48.948Z] Successfully inserted 84 documents (duplicates skipped)
[2026-08-17T18:41:48.950Z] [syncTenant:default] Документы (20260103-7090-403D-8015-DE08E5B1138E): 84 шт, last_close_date=2026-08-17T17:38:17.000+0000
[2026-08-17T18:41:51.193Z] Successfully inserted 124 documents (duplicates skipped)
[2026-08-17T18:41:51.194Z] [syncTenant:default] Документы (20260103-425F-4044-8093-F2008B89A33B): 124 шт, last_close_date=2026-08-17T18:00:28.000+0000
[2026-08-17T18:41:53.200Z] [syncTenant:default] Цикл завершён
[2026-08-17T18:41:53.201Z] [cron] syncEngine — завершено (1013191ms)
[2026-08-17T19:10:00.004Z] [cron] syncEngine — запуск...
[2026-08-17T19:10:00.007Z] [syncEngine] Тенантов активных: 1
[2026-08-17T19:10:00.007Z] Таблица 'index_documents' успешно создана или уже существует
[2026-08-17T19:10:00.007Z] Таблица 'products' успешно создана или уже существует.
[2026-08-17T19:10:00.007Z] Таблица 'shopProduct' успешно создана или уже существует.
[2026-08-17T19:10:00.007Z] Таблица 'shops' успешно создана или уже существует.
[2026-08-17T19:10:00.007Z] Таблица 'employees' успешно создана или уже существует.
[2026-08-17T19:10:03.851Z] Синхронизировано магазинов: 3
[2026-08-17T19:10:03.853Z] [syncTenant:default] Магазинов: 3
[2026-08-17T19:10:03.999Z] Синхронизировано сотрудников: 9
[2026-08-17T19:10:04.001Z] [syncTenant:default] Сотрудников: 9
[2026-08-17T19:10:04.511Z] [syncTenant:default] Терминалов: 3
[2026-08-17T19:10:05.526Z] Обработано 1364 записей в таблице products
[2026-08-17T19:10:05.857Z] Обработано 1364 записей в таблице shopProduct
[2026-08-17T19:10:05.858Z] [syncTenant:default] Товары синхронизированы по 1 магазинам
[2026-08-17T19:10:06.444Z] [syncTenant:default] Остатки синхронизированы
[2026-08-17T19:10:09.469Z] Обработано 1197 записей в таблице products
[2026-08-17T19:10:09.875Z] Обработано 1197 записей в таблице shopProduct
[2026-08-17T19:10:09.876Z] [syncTenant:default] Товары синхронизированы по 1 магазинам
[2026-08-17T19:10:10.351Z] [syncTenant:default] Остатки синхронизированы
[2026-08-17T19:10:13.326Z] Обработано 1202 записей в таблице products
[2026-08-17T19:10:13.790Z] Обработано 1202 записей в таблице shopProduct
[2026-08-17T19:10:13.791Z] [syncTenant:default] Товары синхронизированы по 1 магазинам
[2026-08-17T19:10:16.198Z] Successfully inserted 177 documents (duplicates skipped)
[2026-08-17T19:10:16.199Z] [syncTenant:default] Документы (20251229-316B-40A1-80F7-C59E5B8E6831): 177 шт, last_close_date=2026-08-17T17:04:12.000+0000
[2026-08-17T19:10:18.452Z] Successfully inserted 84 documents (duplicates skipped)
[2026-08-17T19:10:18.453Z] [syncTenant:default] Документы (20260103-7090-403D-8015-DE08E5B1138E): 84 шт, last_close_date=2026-08-17T17:38:17.000+0000
[2026-08-17T19:10:20.766Z] Successfully inserted 124 documents (duplicates skipped)
[2026-08-17T19:10:20.770Z] [syncTenant:default] Документы (20260103-425F-4044-8093-F2008B89A33B): 124 шт, last_close_date=2026-08-17T18:00:28.000+0000
[2026-08-17T19:10:22.770Z] [syncTenant:default] Цикл завершён
[2026-08-17T19:10:22.771Z] [cron] syncEngine — завершено (22767ms)
[2026-08-18T03:10:00.005Z] [cron] syncEngine — запуск...
[2026-08-18T03:10:00.016Z] [syncEngine] Тенантов активных: 1
[2026-08-18T03:10:00.017Z] Таблица 'index_documents' успешно создана или уже существует
[2026-08-18T03:10:00.017Z] Таблица 'products' успешно создана или уже существует.
[2026-08-18T03:10:00.017Z] Таблица 'shopProduct' успешно создана или уже существует.
[2026-08-18T03:10:00.017Z] Таблица 'shops' успешно создана или уже существует.
[2026-08-18T03:10:00.017Z] Таблица 'employees' успешно создана или уже существует.
[2026-08-18T03:10:00.773Z] Синхронизировано магазинов: 3
[2026-08-18T03:10:00.775Z] [syncTenant:default] Магазинов: 3
[2026-08-18T03:10:00.887Z] Синхронизировано сотрудников: 9
[2026-08-18T03:10:00.888Z] [syncTenant:default] Сотрудников: 9
[2026-08-18T03:10:01.399Z] [syncTenant:default] Терминалов: 3
[2026-08-18T03:10:02.363Z] Обработано 1364 записей в таблице products
[2026-08-18T03:10:02.781Z] Обработано 1364 записей в таблице shopProduct
[2026-08-18T03:10:02.782Z] [syncTenant:default] Товары синхронизированы по 1 магазинам
[2026-08-18T03:26:01.513Z] [syncTenant:default] Остатки синхронизированы
[2026-08-18T03:26:04.899Z] Обработано 1197 записей в таблице products
[2026-08-18T03:26:05.290Z] Обработано 1197 записей в таблице shopProduct
[2026-08-18T03:26:05.291Z] [syncTenant:default] Товары синхронизированы по 1 магазинам
[2026-08-18T03:26:05.781Z] [syncTenant:default] Остатки синхронизированы
[2026-08-18T03:26:08.792Z] Обработано 1202 записей в таблице products
[2026-08-18T03:26:09.077Z] Обработано 1202 записей в таблице shopProduct
[2026-08-18T03:26:09.078Z] [syncTenant:default] Товары синхронизированы по 1 магазинам
[2026-08-18T03:26:09.584Z] [syncTenant:default] Остатки синхронизированы
[2026-08-18T03:26:11.832Z] Successfully inserted 93 documents (duplicates skipped)
[2026-08-18T03:26:11.833Z] [syncTenant:default] Документы (20251229-316B-40A1-80F7-C59E5B8E6831): 93 шт, last_close_date=2026-08-17T17:04:12.000+0000
[2026-08-18T03:26:14.074Z] Successfully inserted 45 documents (duplicates skipped)
[2026-08-18T03:26:14.075Z] [syncTenant:default] Документы (20260103-7090-403D-8015-DE08E5B1138E): 45 шт, last_close_date=2026-08-17T17:38:17.000+0000
[2026-08-18T03:26:16.317Z] Successfully inserted 81 documents (duplicates skipped)
[2026-08-18T03:26:16.318Z] [syncTenant:default] Документы (20260103-425F-4044-8093-F2008B89A33B): 81 шт, last_close_date=2026-08-17T18:00:28.000+0000
[2026-08-18T03:26:18.321Z] [syncTenant:default] Цикл завершён
[2026-08-18T03:26:18.323Z] [cron] syncEngine — завершено (978318ms)
[2026-08-18T04:45:00.002Z] [cron] syncEngine — запуск...
[2026-08-18T04:45:00.005Z] [syncEngine] Тенантов активных: 1
[2026-08-18T04:45:00.005Z] Таблица 'index_documents' успешно создана или уже существует
[2026-08-18T04:45:00.006Z] Таблица 'products' успешно создана или уже существует.
[2026-08-18T04:45:00.006Z] Таблица 'shopProduct' успешно создана или уже существует.
[2026-08-18T04:45:00.006Z] Таблица 'shops' успешно создана или уже существует.
[2026-08-18T04:45:00.006Z] Таблица 'employees' успешно создана или уже существует.
[2026-08-18T04:45:01.543Z] Синхронизировано магазинов: 3
[2026-08-18T04:45:01.544Z] [syncTenant:default] Магазинов: 3
[2026-08-18T04:45:01.735Z] Синхронизировано сотрудников: 9
[2026-08-18T04:45:01.735Z] [syncTenant:default] Сотрудников: 9
[2026-08-18T04:45:02.190Z] [syncTenant:default] Терминалов: 3
[2026-08-18T04:45:03.412Z] Обработано 1364 записей в таблице products
[2026-08-18T04:45:03.737Z] Обработано 1364 записей в таблице shopProduct
[2026-08-18T04:45:03.738Z] [syncTenant:default] Товары синхронизированы по 1 магазинам
[2026-08-18T04:45:04.241Z] [syncTenant:default] Остатки синхронизированы
[2026-08-18T05:02:02.432Z] [syncTenant:default] Остатки синхронизированы
[2026-08-18T05:02:05.371Z] Обработано 1202 записей в таблице products
[2026-08-18T05:02:05.725Z] Обработано 1202 записей в таблице shopProduct
[2026-08-18T05:02:05.726Z] [syncTenant:default] Товары синхронизированы по 1 магазинам
[2026-08-18T05:02:06.349Z] [syncTenant:default] Остатки синхронизированы
[2026-08-18T05:02:08.624Z] Successfully inserted 93 documents (duplicates skipped)
[2026-08-18T05:02:08.628Z] [syncTenant:default] Документы (20251229-316B-40A1-80F7-C59E5B8E6831): 93 шт, last_close_date=2026-08-17T17:04:12.000+0000
[2026-08-18T05:02:10.861Z] Successfully inserted 46 documents (duplicates skipped)
[2026-08-18T05:02:10.863Z] [syncTenant:default] Документы (20260103-7090-403D-8015-DE08E5B1138E): 46 шт, last_close_date=2026-08-18T04:51:36.000+0000
[2026-08-18T05:02:13.090Z] Successfully inserted 81 documents (duplicates skipped)
[2026-08-18T05:02:13.091Z] [syncTenant:default] Документы (20260103-425F-4044-8093-F2008B89A33B): 81 шт, last_close_date=2026-08-17T18:00:28.000+0000
[2026-08-18T05:02:15.094Z] [syncTenant:default] Цикл завершён
[2026-08-18T05:02:15.096Z] [cron] syncEngine — завершено (1035094ms)
[2026-08-18T06:20:00.002Z] [cron] syncEngine — запуск...
[2026-08-18T06:20:00.006Z] [syncEngine] Тенантов активных: 1
[2026-08-18T06:20:00.006Z] Таблица 'index_documents' успешно создана или уже существует
[2026-08-18T06:20:00.006Z] Таблица 'products' успешно создана или уже существует.
[2026-08-18T06:20:00.007Z] Таблица 'shopProduct' успешно создана или уже существует.
[2026-08-18T06:20:00.007Z] Таблица 'shops' успешно создана или уже существует.
[2026-08-18T06:20:00.007Z] Таблица 'employees' успешно создана или уже существует.
[2026-08-18T06:20:01.233Z] Синхронизировано магазинов: 3
[2026-08-18T06:20:01.235Z] [syncTenant:default] Магазинов: 3
[2026-08-18T06:20:01.399Z] Синхронизировано сотрудников: 9
[2026-08-18T06:20:01.401Z] [syncTenant:default] Сотрудников: 9
[2026-08-18T06:20:01.868Z] [syncTenant:default] Терминалов: 3
[2026-08-18T06:20:02.868Z] Обработано 1364 записей в таблице products
[2026-08-18T06:20:03.239Z] Обработано 1364 записей в таблице shopProduct
[2026-08-18T06:20:03.239Z] [syncTenant:default] Товары синхронизированы по 1 магазинам
[2026-08-18T06:20:03.654Z] [syncTenant:default] Остатки синхронизированы
[2026-08-18T06:20:06.571Z] Обработано 1197 записей в таблице products
[2026-08-18T06:20:07.041Z] Обработано 1197 записей в таблице shopProduct
[2026-08-18T06:20:07.043Z] [syncTenant:default] Товары синхронизированы по 1 магазинам
[2026-08-18T06:20:07.441Z] [syncTenant:default] Остатки синхронизированы
[2026-08-18T06:20:10.445Z] Обработано 1202 записей в таблице products
[2026-08-18T06:20:10.728Z] Обработано 1202 записей в таблице shopProduct
[2026-08-18T06:20:10.729Z] [syncTenant:default] Товары синхронизированы по 1 магазинам
[2026-08-18T06:20:11.247Z] [syncTenant:default] Остатки синхронизированы
[2026-08-18T06:20:13.549Z] Successfully inserted 103 documents (duplicates skipped)
[2026-08-18T06:20:13.550Z] [syncTenant:default] Документы (20251229-316B-40A1-80F7-C59E5B8E6831): 103 шт, last_close_date=2026-08-18T06:16:35.000+0000
[2026-08-18T06:20:15.798Z] Successfully inserted 52 documents (duplicates skipped)
[2026-08-18T06:20:15.799Z] [syncTenant:default] Документы (20260103-7090-403D-8015-DE08E5B1138E): 52 шт, last_close_date=2026-08-18T05:56:05.000+0000
[2026-08-18T06:20:18.044Z] Successfully inserted 97 documents (duplicates skipped)
[2026-08-18T06:20:18.046Z] [syncTenant:default] Документы (20260103-425F-4044-8093-F2008B89A33B): 97 шт, last_close_date=2026-08-18T06:15:09.000+0000
[2026-08-18T06:20:20.046Z] [syncTenant:default] Цикл завершён
[2026-08-18T06:20:20.048Z] [cron] syncEngine — завершено (20046ms)
[2026-08-18T06:25:00.011Z] [cron] syncEngine — запуск...
[2026-08-18T06:25:00.015Z] [syncEngine] Тенантов активных: 1
[2026-08-18T06:25:00.015Z] Таблица 'index_documents' успешно создана или уже существует
[2026-08-18T06:25:00.016Z] Таблица 'products' успешно создана или уже существует.
[2026-08-18T06:25:00.016Z] Таблица 'shopProduct' успешно создана или уже существует.
[2026-08-18T06:25:00.016Z] Таблица 'shops' успешно создана или уже существует.
[2026-08-18T06:25:00.016Z] Таблица 'employees' успешно создана или уже существует.
[2026-08-18T06:25:12.024Z] [syncTenant:default] Цикл завершён
[2026-08-18T06:25:12.025Z] [cron] syncEngine — завершено (12014ms)
[2026-08-18T06:30:00.004Z] [cron] syncEngine — запуск...
[2026-08-18T06:30:00.013Z] [syncEngine] Тенантов активных: 1
[2026-08-18T06:30:00.014Z] Таблица 'index_documents' успешно создана или уже существует
[2026-08-18T06:30:00.015Z] Таблица 'products' успешно создана или уже существует.
[2026-08-18T06:30:00.015Z] Таблица 'shopProduct' успешно создана или уже существует.
[2026-08-18T06:30:00.015Z] Таблица 'shops' успешно создана или уже существует.
[2026-08-18T06:30:00.015Z] Таблица 'employees' успешно создана или уже существует.
[2026-08-18T06:30:09.400Z] Successfully inserted 104 documents (duplicates skipped)
[2026-08-18T06:30:09.404Z] [syncTenant:default] Документы (20251229-316B-40A1-80F7-C59E5B8E6831): 104 шт, last_close_date=2026-08-18T06:25:19.000+0000
[2026-08-18T06:30:11.874Z] Successfully inserted 98 documents (duplicates skipped)
[2026-08-18T06:30:11.875Z] [syncTenant:default] Документы (20260103-425F-4044-8093-F2008B89A33B): 98 шт, last_close_date=2026-08-18T06:26:22.000+0000
[2026-08-18T06:30:14.166Z] Successfully inserted 52 documents (duplicates skipped)
[2026-08-18T06:30:14.168Z] [syncTenant:default] Документы (20260103-7090-403D-8015-DE08E5B1138E): 52 шт, last_close_date=2026-08-18T05:56:05.000+0000
[2026-08-18T06:30:16.170Z] [syncTenant:default] Цикл завершён
[2026-08-18T06:30:16.172Z] [cron] syncEngine — завершено (16168ms)
[2026-08-18T06:31:27.108Z] Таблица 'shop_schedules' создана или уже существует.
[2026-08-18T06:31:27.111Z] Таблица 'shop_schedules' создана или уже существует.
[2026-08-18T06:31:27.452Z] Таблица 'shop_schedules' создана или уже существует.
[2026-08-18T06:31:27.454Z] Таблица 'shop_schedules' создана или уже существует.
[2026-08-18T06:31:27.461Z] Таблица 'shop_schedules' создана или уже существует.
[2026-08-18T06:31:27.464Z] Таблица 'shop_schedules' создана или уже существует.
[2026-08-18T06:31:27.469Z] Таблица 'shop_schedules' создана или уже существует.
[2026-08-18T06:31:27.471Z] Таблица 'shop_schedules' создана или уже существует.
[2026-08-18T06:31:27.471Z] Таблица 'shop_schedules' создана или уже существует.
[2026-08-18T06:31:27.479Z] Таблица 'shop_schedules' создана или уже существует.
[2026-08-18T06:31:27.485Z] Таблица 'shop_schedules' создана или уже существует.
[2026-08-18T06:31:27.489Z] Таблица 'shop_schedules' создана или уже существует.
[2026-08-18T06:31:27.493Z] Таблица 'shop_schedules' создана или уже существует.
[2026-08-18T06:31:27.497Z] Таблица 'shop_schedules' создана или уже существует.
[2026-08-18T06:31:27.502Z] Таблица 'shop_schedules' создана или уже существует.
[2026-08-18T06:31:27.504Z] Таблица 'shop_schedules' создана или уже существует.
[2026-08-18T06:31:38.495Z] Таблица 'shop_schedules' создана или уже существует.
[2026-08-18T06:31:38.524Z] Таблица 'shop_schedules' создана или уже существует.
[2026-08-18T06:31:38.574Z] Таблица 'shop_schedules' создана или уже существует.
[2026-08-18T06:31:38.575Z] Таблица 'shop_schedules' создана или уже существует.
[2026-08-18T06:31:38.576Z] Таблица 'shop_schedules' создана или уже существует.
[2026-08-18T06:31:38.604Z] Таблица 'shop_schedules' создана или уже существует.
[2026-08-18T06:31:38.620Z] Таблица 'shop_schedules' создана или уже существует.
[2026-08-18T06:31:38.648Z] Таблица 'shop_schedules' создана или уже существует.
[2026-08-18T06:31:41.338Z] Таблица 'shop_schedules' создана или уже существует.
[2026-08-18T06:31:41.435Z] Таблица 'shop_schedules' создана или уже существует.
[2026-08-18T06:31:41.439Z] Таблица 'shop_schedules' создана или уже существует.
[2026-08-18T06:31:41.444Z] Таблица 'shop_schedules' создана или уже существует.
[2026-08-18T06:31:41.444Z] Таблица 'shop_schedules' создана или уже существует.
[2026-08-18T06:31:41.451Z] Таблица 'shop_schedules' создана или уже существует.
[2026-08-18T06:31:41.458Z] Таблица 'shop_schedules' создана или уже существует.
[2026-08-18T06:31:41.464Z] Таблица 'shop_schedules' создана или уже существует.
[2026-08-18T06:31:51.183Z] Таблица 'shop_schedules' создана или уже существует.
[2026-08-18T06:31:51.187Z] Таблица 'shop_schedules' создана или уже существует.
[2026-08-18T06:31:51.455Z] Таблица 'shop_schedules' создана или уже существует.
[2026-08-18T06:31:51.458Z] Таблица 'shop_schedules' создана или уже существует.
[2026-08-18T06:31:51.461Z] Таблица 'shop_schedules' создана или уже существует.
[2026-08-18T06:31:51.468Z] Таблица 'shop_schedules' создана или уже существует.
[2026-08-18T06:31:51.474Z] Таблица 'shop_schedules' создана или уже существует.
[2026-08-18T06:31:51.479Z] Таблица 'shop_schedules' создана или уже существует.
[2026-08-18T06:31:51.481Z] Таблица 'shop_schedules' создана или уже существует.
[2026-08-18T06:31:51.491Z] Таблица 'shop_schedules' создана или уже существует.
[2026-08-18T06:31:51.499Z] Таблица 'shop_schedules' создана или уже существует.
[2026-08-18T06:31:51.510Z] Таблица 'shop_schedules' создана или уже существует.
[2026-08-18T06:31:51.516Z] Таблица 'shop_schedules' создана или уже существует.
[2026-08-18T06:31:51.525Z] Таблица 'shop_schedules' создана или уже существует.
[2026-08-18T06:31:51.530Z] Таблица 'shop_schedules' создана или уже существует.
[2026-08-18T06:31:51.535Z] Таблица 'shop_schedules' создана или уже существует.
[2026-08-18T06:31:52.706Z] Таблица 'shop_schedules' создана или уже существует.
[2026-08-18T06:31:53.438Z] Таблица 'shop_schedules' создана или уже существует.
[2026-08-18T06:31:53.442Z] Таблица 'shop_schedules' создана или уже существует.
[2026-08-18T06:31:53.447Z] Таблица 'shop_schedules' создана или уже существует.
[2026-08-18T06:31:53.449Z] Таблица 'shop_schedules' создана или уже существует.
[2026-08-18T06:31:53.453Z] Таблица 'shop_schedules' создана или уже существует.
[2026-08-18T06:31:53.459Z] Таблица 'shop_schedules' создана или уже существует.
[2026-08-18T06:31:53.463Z] Таблица 'shop_schedules' создана или уже существует.
[2026-08-18T06:32:10.906Z] 🚀 Запуск локального сервера на http://localhost:3000
[2026-08-18T06:32:10.906Z]    БД: ./data/local.db
[2026-08-18T06:32:10.906Z]    Файлы: ./data/storage/
[2026-08-18T06:32:10.906Z]    Логи: ./data/logs/
[2026-08-18T06:32:10.907Z] ✅ Сервер слушает порт 3000
[2026-08-18T06:32:10.926Z] [cron] Планировщик запущен:
[2026-08-18T06:32:10.926Z]   syncEngine          — каждые 5 минут (все тенанты, все ресурсы)
[2026-08-18T06:32:10.926Z]     documents — 5 мин | meta — 20 мин | products — 25 мин | stock — 30 мин
[2026-08-18T06:32:10.926Z]   updatePlans         — каждый день в 01:00
[2026-08-18T06:32:10.926Z]   updateSalesByPlan   — каждый день в 01:00
[2026-08-18T06:32:10.926Z]   calcSalary          — каждый день в 01:00
[2026-08-18T06:32:12.125Z] [migration] Запуск миграций...
[2026-08-18T06:32:12.132Z] [migration] tenants.product_profile — добавлена
[2026-08-18T06:32:12.132Z] [migration] Миграции завершены.
[2026-08-18T06:32:12.133Z] Таблица 'index_documents' успешно создана или уже существует
[2026-08-18T06:32:12.133Z] Таблица 'products' успешно создана или уже существует.
[2026-08-18T06:32:12.133Z] [migration] product_cost_prices v2 (SCD Type 2) — таблица готова
[2026-08-18T06:32:12.134Z] Таблица 'shops' успешно создана или уже существует.
[2026-08-18T06:32:12.135Z] Таблица 'employees' успешно создана или уже существует.
[2026-08-18T06:32:12.909Z] [cron] первичная синхронизация (syncEngine) — запуск...
[2026-08-18T06:32:12.914Z] [syncEngine] Тенантов активных: 1
[2026-08-18T06:32:12.915Z] Таблица 'index_documents' успешно создана или уже существует
[2026-08-18T06:32:12.915Z] Таблица 'products' успешно создана или уже существует.
[2026-08-18T06:32:12.915Z] Таблица 'shopProduct' успешно создана или уже существует.
[2026-08-18T06:32:12.915Z] Таблица 'shops' успешно создана или уже существует.
[2026-08-18T06:32:12.915Z] Таблица 'employees' успешно создана или уже существует.
[2026-08-18T06:32:24.927Z] [syncTenant:default] Цикл завершён
[2026-08-18T06:32:24.929Z] [cron] первичная синхронизация (syncEngine) — завершено (12020ms)
[2026-08-18T06:32:25.909Z] [startup] Расчет планов и зарплат...
[2026-08-18T06:32:25.910Z] [cron] План продаж — запуск...
[2026-08-18T06:32:25.911Z] Старт функции updatePlan
[2026-08-18T06:32:25.911Z] Дата для плана: 18-08-2026
[2026-08-18T06:32:25.911Z] Получены UUID товаров: 0 шт.
[2026-08-18T06:32:31.879Z] Получено записей плана: 3
[2026-08-18T06:32:31.880Z] План обновлён: 3 магазинов за 18-08-2026
[2026-08-18T06:32:31.880Z] Обновление базы данных плана завершено успешно
[2026-08-18T06:32:31.881Z] [cron] План продаж — завершено (5971ms)
[2026-08-18T06:32:31.881Z] [cron] Продажи по плану — запуск...
[2026-08-18T06:32:31.881Z] Таблица 'SaleByPlan' успешно создана или уже существует.
[2026-08-18T06:32:31.881Z] Initialized dates: [object Object]
[2026-08-18T06:32:31.993Z] Данные SaleByPlan обновлены.
[2026-08-18T06:32:32.081Z] Данные SaleByPlan обновлены.
[2026-08-18T06:32:32.142Z] Данные SaleByPlan обновлены.
[2026-08-18T06:32:32.142Z] Final sales data: [object Object]
[2026-08-18T06:32:32.142Z] [cron] Продажи по плану — завершено (261ms)
[2026-08-18T06:32:32.142Z] [cron] Зарплата — запуск...
[2026-08-18T06:32:32.143Z] Accessories UUIDs: 3f51bb7f-f3a2-11e8-b973-ccb0da458b5a,568905bd-9460-11ee-9ef4-be8fe126e7b9,568905be-9460-11ee-9ef4-be8fe126e7b9,729f41b4-0e69-11f1-91b6-be8fe126e7b9,78ddfd78-dc52-11e8-b970-ccb0da458b5a,9628aa05-e72d-11e8-b970-ccb0da458b5a,a8fc0e51-eeb0-11ee-88ab-be8fe126e7b8,bc475e8b-b8f1-11e9-b988-ccb0da458b5a,ebdf9e2d-899e-11e8-b95f-c8d3ff286ecb,ebdf9e2e-899e-11e8-b95f-c8d3ff286ecb,ebdf9e31-899e-11e8-b95f-c8d3ff286ecb,ebdf9e32-899e-11e8-b95f-c8d3ff286ecb,ebdf9e33-899e-11e8-b95f-c8d3ff286ecb,ebdf9e35-899e-11e8-b95f-c8d3ff286ecb,ebdf9e36-899e-11e8-b95f-c8d3ff286ecb,ebdf9e37-899e-11e8-b95f-c8d3ff286ecb,ebdf9e38-899e-11e8-b95f-c8d3ff286ecb,eea6020a-0993-11f1-842a-be8fe126e7b9,f9fff34b-8cc9-11e8-b960-c8d3ff286ecb
[2026-08-18T06:32:32.143Z] Salary and bonus: 
[2026-08-18T06:32:35.908Z] [cron] Telegram-алерты — запуск...
[2026-08-18T06:32:35.909Z] [alerts] Telegram not configured, skipping
[2026-08-18T06:32:35.909Z] [cron] Telegram-алерты — завершено (1ms)
[2026-08-18T06:32:39.253Z] Accessories sales: 10699
[2026-08-18T06:32:39.254Z] Salary report: [object Object]
[2026-08-18T06:32:39.254Z] Таблица 'salaryData' успешно создана или уже существует.
[2026-08-18T06:32:39.254Z] Данные сохранены в таблицу salaryData.
[2026-08-18T06:32:46.357Z] Accessories sales: 11928
[2026-08-18T06:32:46.358Z] Salary report: [object Object]
[2026-08-18T06:32:46.358Z] Таблица 'salaryData' успешно создана или уже существует.
[2026-08-18T06:32:46.358Z] Данные сохранены в таблицу salaryData.
[2026-08-18T06:32:49.485Z] employeeRole: SUPERADMIN
[2026-08-18T06:32:49.532Z] Таблица 'shop_schedules' создана или уже существует.
[2026-08-18T06:32:49.537Z] Таблица 'shop_schedules' создана или уже существует.
[2026-08-18T06:32:53.428Z] Accessories sales: 3608
[2026-08-18T06:32:53.429Z] Salary report: [object Object]
[2026-08-18T06:32:53.429Z] Таблица 'salaryData' успешно создана или уже существует.
[2026-08-18T06:32:53.429Z] Данные сохранены в таблицу salaryData.
[2026-08-18T06:32:53.430Z] [cron] Зарплата — завершено (21288ms)
[2026-08-18T06:32:53.430Z] [startup] Планы и зарплаты — готово
[2026-08-18T06:33:10.273Z] employeeRole: SUPERADMIN
[2026-08-18T06:33:10.314Z] Таблица 'shop_schedules' создана или уже существует.
[2026-08-18T06:33:10.318Z] Таблица 'shop_schedules' создана или уже существует.
[2026-08-18T06:35:00.005Z] [cron] syncEngine — запуск...
[2026-08-18T06:35:00.010Z] [syncEngine] Тенантов активных: 1
[2026-08-18T06:35:00.011Z] Таблица 'index_documents' успешно создана или уже существует
[2026-08-18T06:35:00.011Z] Таблица 'products' успешно создана или уже существует.
[2026-08-18T06:35:00.011Z] Таблица 'shopProduct' успешно создана или уже существует.
[2026-08-18T06:35:00.011Z] Таблица 'shops' успешно создана или уже существует.
[2026-08-18T06:35:00.012Z] Таблица 'employees' успешно создана или уже существует.
[2026-08-18T06:35:12.020Z] [syncTenant:default] Цикл завершён
[2026-08-18T06:35:12.020Z] [cron] syncEngine — завершено (12015ms)
[2026-08-18T06:40:00.003Z] [cron] syncEngine — запуск...
[2026-08-18T06:40:00.007Z] [syncEngine] Тенантов активных: 1
[2026-08-18T06:40:00.008Z] Таблица 'index_documents' успешно создана или уже существует
[2026-08-18T06:40:00.008Z] Таблица 'products' успешно создана или уже существует.
[2026-08-18T06:40:00.009Z] Таблица 'shopProduct' успешно создана или уже существует.
[2026-08-18T06:40:00.009Z] Таблица 'shops' успешно создана или уже существует.
[2026-08-18T06:40:00.009Z] Таблица 'employees' успешно создана или уже существует.
[2026-08-18T06:40:08.042Z] Successfully inserted 106 documents (duplicates skipped)
[2026-08-18T06:40:08.042Z] [syncTenant:default] Документы (20251229-316B-40A1-80F7-C59E5B8E6831): 106 шт, last_close_date=2026-08-18T06:38:14.000+0000
[2026-08-18T06:40:10.360Z] Successfully inserted 99 documents (duplicates skipped)
[2026-08-18T06:40:10.362Z] [syncTenant:default] Документы (20260103-425F-4044-8093-F2008B89A33B): 99 шт, last_close_date=2026-08-18T06:39:00.000+0000
[2026-08-18T06:40:12.742Z] Successfully inserted 52 documents (duplicates skipped)
[2026-08-18T06:40:12.743Z] [syncTenant:default] Документы (20260103-7090-403D-8015-DE08E5B1138E): 52 шт, last_close_date=2026-08-18T05:56:05.000+0000
[2026-08-18T06:40:14.744Z] [syncTenant:default] Цикл завершён
[2026-08-18T06:40:14.745Z] [cron] syncEngine — завершено (14742ms)
[2026-08-18T06:45:00.000Z] [cron] syncEngine — запуск...
[2026-08-18T06:45:00.006Z] [syncEngine] Тенантов активных: 1
[2026-08-18T06:45:00.007Z] Таблица 'index_documents' успешно создана или уже существует
[2026-08-18T06:45:00.007Z] Таблица 'products' успешно создана или уже существует.
[2026-08-18T06:45:00.007Z] Таблица 'shopProduct' успешно создана или уже существует.
[2026-08-18T06:45:00.007Z] Таблица 'shops' успешно создана или уже существует.
[2026-08-18T06:45:00.007Z] Таблица 'employees' успешно создана или уже существует.
[2026-08-18T06:45:01.520Z] Синхронизировано магазинов: 3
[2026-08-18T06:45:01.521Z] [syncTenant:default] Магазинов: 3
[2026-08-18T06:45:01.670Z] Синхронизировано сотрудников: 9
[2026-08-18T06:45:01.671Z] [syncTenant:default] Сотрудников: 9
[2026-08-18T06:45:02.178Z] [syncTenant:default] Терминалов: 3
[2026-08-18T06:45:09.140Z] Successfully inserted 106 documents (duplicates skipped)
[2026-08-18T06:45:09.141Z] [syncTenant:default] Документы (20251229-316B-40A1-80F7-C59E5B8E6831): 106 шт, last_close_date=2026-08-18T06:38:14.000+0000
[2026-08-18T06:45:14.883Z] Successfully inserted 99 documents (duplicates skipped)
[2026-08-18T06:45:14.884Z] [syncTenant:default] Документы (20260103-425F-4044-8093-F2008B89A33B): 99 шт, last_close_date=2026-08-18T06:39:00.000+0000
[2026-08-18T06:45:16.885Z] [syncTenant:default] Цикл завершён
[2026-08-18T06:45:16.887Z] [cron] syncEngine — завершено (16887ms)
[2026-08-18T06:50:00.002Z] [cron] syncEngine — запуск...
[2026-08-18T06:50:00.006Z] [syncEngine] Тенантов активных: 1
[2026-08-18T06:50:00.006Z] Таблица 'index_documents' успешно создана или уже существует
[2026-08-18T06:50:00.007Z] Таблица 'products' успешно создана или уже существует.
[2026-08-18T06:50:00.007Z] Таблица 'shopProduct' успешно создана или уже существует.
[2026-08-18T06:50:00.007Z] Таблица 'shops' успешно создана или уже существует.
[2026-08-18T06:50:00.007Z] Таблица 'employees' успешно создана или уже существует.
[2026-08-18T06:50:02.787Z] Обработано 1364 записей в таблице products
[2026-08-18T06:50:03.154Z] Обработано 1364 записей в таблице shopProduct
[2026-08-18T06:50:03.155Z] [syncTenant:default] Товары синхронизированы по 1 магазинам
[2026-08-18T06:50:06.111Z] Обработано 1202 записей в таблице products
[2026-08-18T06:50:06.637Z] Обработано 1202 записей в таблице shopProduct
[2026-08-18T06:50:06.638Z] [syncTenant:default] Товары синхронизированы по 1 магазинам
[2026-08-18T06:50:09.536Z] Обработано 1197 записей в таблице products
[2026-08-18T06:50:09.955Z] Обработано 1197 записей в таблице shopProduct
[2026-08-18T06:50:09.957Z] [syncTenant:default] Товары синхронизированы по 1 магазинам
[2026-08-18T06:50:10.498Z] [syncTenant:default] Остатки синхронизированы
[2026-08-18T06:50:12.965Z] Successfully inserted 107 documents (duplicates skipped)
[2026-08-18T06:50:12.967Z] [syncTenant:default] Документы (20251229-316B-40A1-80F7-C59E5B8E6831): 107 шт, last_close_date=2026-08-18T06:45:53.000+0000
[2026-08-18T06:50:15.234Z] Successfully inserted 100 documents (duplicates skipped)
[2026-08-18T06:50:15.236Z] [syncTenant:default] Документы (20260103-425F-4044-8093-F2008B89A33B): 100 шт, last_close_date=2026-08-18T06:48:04.000+0000
[2026-08-18T06:50:17.504Z] Successfully inserted 52 documents (duplicates skipped)
[2026-08-18T06:50:17.507Z] [syncTenant:default] Документы (20260103-7090-403D-8015-DE08E5B1138E): 52 шт, last_close_date=2026-08-18T05:56:05.000+0000
[2026-08-18T06:50:19.510Z] [syncTenant:default] Цикл завершён
[2026-08-18T06:50:19.515Z] [cron] syncEngine — завершено (19513ms)
[2026-08-18T06:54:31.785Z] employeeRole: SUPERADMIN
[2026-08-18T06:54:31.834Z] Таблица 'shop_schedules' создана или уже существует.
[2026-08-18T06:54:31.839Z] Таблица 'shop_schedules' создана или уже существует.
[2026-08-18T06:54:32.801Z] employeeRole: SUPERADMIN
[2026-08-18T06:54:32.811Z] employeeRole: SUPERADMIN
[2026-08-18T06:54:32.822Z] employeeRole: SUPERADMIN
[2026-08-18T06:54:32.839Z] employeeRole: SUPERADMIN
[2026-08-18T06:54:32.841Z] employeeRole: SUPERADMIN
[2026-08-18T06:54:32.848Z] employeeRole: SUPERADMIN
[2026-08-18T06:54:32.867Z] employeeRole: SUPERADMIN
[2026-08-18T06:54:32.882Z] employeeRole: SUPERADMIN
[2026-08-18T06:54:32.885Z] Таблица 'shop_schedules' создана или уже существует.
[2026-08-18T06:54:32.900Z] Таблица 'shop_schedules' создана или уже существует.
[2026-08-18T06:54:32.910Z] Таблица 'shop_schedules' создана или уже существует.
[2026-08-18T06:54:32.926Z] Таблица 'shop_schedules' создана или уже существует.
[2026-08-18T06:54:32.932Z] Таблица 'shop_schedules' создана или уже существует.
[2026-08-18T06:54:32.943Z] Таблица 'shop_schedules' создана или уже существует.
[2026-08-18T06:54:32.958Z] Таблица 'shop_schedules' создана или уже существует.
[2026-08-18T06:54:32.970Z] Таблица 'shop_schedules' создана или уже существует.
[2026-08-18T06:54:32.984Z] Таблица 'shop_schedules' создана или уже существует.
[2026-08-18T06:54:32.994Z] Таблица 'shop_schedules' создана или уже существует.
[2026-08-18T06:54:33.003Z] Таблица 'shop_schedules' создана или уже существует.
[2026-08-18T06:54:33.013Z] Таблица 'shop_schedules' создана или уже существует.
[2026-08-18T06:54:33.019Z] Таблица 'shop_schedules' создана или уже существует.
[2026-08-18T06:54:33.024Z] Таблица 'shop_schedules' создана или уже существует.
[2026-08-18T06:55:00.002Z] [cron] syncEngine — запуск...
[2026-08-18T06:55:00.007Z] [syncEngine] Тенантов активных: 1
[2026-08-18T06:55:00.007Z] Таблица 'index_documents' успешно создана или уже существует
[2026-08-18T06:55:00.008Z] Таблица 'products' успешно создана или уже существует.
[2026-08-18T06:55:00.008Z] Таблица 'shopProduct' успешно создана или уже существует.
[2026-08-18T06:55:00.008Z] Таблица 'shops' успешно создана или уже существует.
[2026-08-18T06:55:00.008Z] Таблица 'employees' успешно создана или уже существует.
[2026-08-18T06:55:02.120Z] [syncTenant:default] Остатки синхронизированы
[2026-08-18T06:55:04.385Z] [syncTenant:default] Остатки синхронизированы
[2026-08-18T06:55:14.392Z] [syncTenant:default] Цикл завершён
[2026-08-18T06:55:14.396Z] [cron] syncEngine — завершено (14394ms)
[2026-08-18T06:55:48.891Z] employeeRole: SUPERADMIN
[2026-08-18T06:55:49.267Z] [getAveragePlan] shop=20251229-316B-40A1-80F7-C59E5B8E6831 date=18-08-2026: 4 таких же дней недели, средние продажи = 5615, план (+5%) = 5896
[2026-08-18T06:55:49.299Z] [getAveragePlan] shop=20260103-425F-4044-8093-F2008B89A33B date=18-08-2026: 4 таких же дней недели, средние продажи = 8888, план (+5%) = 9332
[2026-08-18T06:55:49.323Z] [getAveragePlan] shop=20260103-7090-403D-8015-DE08E5B1138E date=18-08-2026: 4 таких же дней недели, средние продажи = 3585, план (+5%) = 5200
[2026-08-18T06:55:49.714Z] Таблица 'shop_schedules' создана или уже существует.
[2026-08-18T06:55:50.851Z] [plan-for-today] План не найден, считаем из D1 продаж
[2026-08-18T06:55:50.866Z] [getAveragePlan] shop=20251229-316B-40A1-80F7-C59E5B8E6831 date=11-08-2026: 4 таких же дней недели, средние продажи = 7155, план (+5%) = 7513
[2026-08-18T06:55:50.878Z] [getAveragePlan] shop=20260103-425F-4044-8093-F2008B89A33B date=11-08-2026: 4 таких же дней недели, средние продажи = 10000, план (+5%) = 10500
[2026-08-18T06:55:50.887Z] [getAveragePlan] shop=20260103-7090-403D-8015-DE08E5B1138E date=11-08-2026: 4 таких же дней недели, средние продажи = 4598, план (+5%) = 5200
[2026-08-18T06:56:45.665Z] employeeRole: SUPERADMIN
[2026-08-18T06:56:46.046Z] Таблица 'shop_schedules' создана или уже существует.
[2026-08-18T06:57:35.284Z] employeeRole: SUPERADMIN
[2026-08-18T06:57:35.650Z] Таблица 'shop_schedules' создана или уже существует.
[2026-08-25T10:36:54.001Z] Таблица 'shop_schedules' создана или уже существует.
[2026-08-25T10:36:54.002Z] Таблица 'shop_schedules' создана или уже существует.
[2026-08-25T10:36:54.009Z] Таблица 'shop_schedules' создана или уже существует.
[2026-08-25T10:36:54.009Z] Таблица 'shop_schedules' создана или уже существует.
[2026-08-25T10:36:54.015Z] Таблица 'shop_schedules' создана или уже существует.
[2026-08-25T10:36:54.020Z] Таблица 'shop_schedules' создана или уже существует.
[2026-08-25T10:36:59.996Z] Таблица 'shop_schedules' создана или уже существует.
[2026-08-25T10:37:00.001Z] Таблица 'shop_schedules' создана или уже существует.
[2026-08-25T10:37:00.003Z] Таблица 'shop_schedules' создана или уже существует.
[2026-08-25T10:37:00.009Z] Таблица 'shop_schedules' создана или уже существует.
[2026-08-25T10:37:00.011Z] Таблица 'shop_schedules' создана или уже существует.
[2026-08-25T10:37:00.015Z] Таблица 'shop_schedules' создана или уже существует.
[2026-08-25T10:37:33.018Z] Таблица 'shop_schedules' создана или уже существует.
[2026-08-25T10:37:33.019Z] Таблица 'shop_schedules' создана или уже существует.
[2026-08-25T10:37:33.026Z] Таблица 'shop_schedules' создана или уже существует.
[2026-08-25T10:37:33.027Z] Таблица 'shop_schedules' создана или уже существует.
[2026-08-25T10:37:33.032Z] Таблица 'shop_schedules' создана или уже существует.
[2026-08-25T10:37:33.037Z] Таблица 'shop_schedules' создана или уже существует.
[2026-08-25T10:38:08.010Z] Таблица 'shop_schedules' создана или уже существует.
[2026-08-25T10:38:08.015Z] Таблица 'shop_schedules' создана или уже существует.
[2026-08-25T10:38:08.020Z] Таблица 'shop_schedules' создана или уже существует.
[2026-08-25T10:38:08.024Z] Таблица 'shop_schedules' создана или уже существует.
[2026-08-25T10:38:08.028Z] Таблица 'shop_schedules' создана или уже существует.
[2026-08-25T10:38:08.035Z] Таблица 'shop_schedules' создана или уже существует.
[2026-08-25T10:38:31.004Z] Таблица 'shop_schedules' создана или уже существует.
[2026-08-25T10:38:31.005Z] Таблица 'shop_schedules' создана или уже существует.
[2026-08-25T10:38:31.014Z] Таблица 'shop_schedules' создана или уже существует.
[2026-08-25T10:38:31.015Z] Таблица 'shop_schedules' создана или уже существует.
[2026-08-25T10:38:31.022Z] Таблица 'shop_schedules' создана или уже существует.
[2026-08-25T10:38:31.028Z] Таблица 'shop_schedules' создана или уже существует.
[2026-08-25T10:38:44.007Z] Таблица 'shop_schedules' создана или уже существует.
[2026-08-25T10:38:44.009Z] Таблица 'shop_schedules' создана или уже существует.
[2026-08-25T10:38:44.016Z] Таблица 'shop_schedules' создана или уже существует.
[2026-08-25T10:38:44.018Z] Таблица 'shop_schedules' создана или уже существует.
[2026-08-25T10:38:44.023Z] Таблица 'shop_schedules' создана или уже существует.
[2026-08-25T10:38:44.029Z] Таблица 'shop_schedules' создана или уже существует.
[2026-08-25T10:38:57.042Z] Таблица 'shop_schedules' создана или уже существует.
[2026-08-25T10:38:57.046Z] Таблица 'shop_schedules' создана или уже существует.
[2026-08-25T10:38:57.057Z] Таблица 'shop_schedules' создана или уже существует.
[2026-08-25T10:38:57.059Z] Таблица 'shop_schedules' создана или уже существует.
[2026-08-25T10:38:57.067Z] Таблица 'shop_schedules' создана или уже существует.
[2026-08-25T10:38:57.073Z] Таблица 'shop_schedules' создана или уже существует.
[2026-08-25T10:38:57.074Z] Таблица 'shop_schedules' создана или уже существует.
[2026-08-25T10:38:57.081Z] Таблица 'shop_schedules' создана или уже существует.
[2026-08-25T10:38:57.088Z] Таблица 'shop_schedules' создана или уже существует.
[2026-08-25T10:38:57.095Z] Таблица 'shop_schedules' создана или уже существует.
[2026-08-25T10:38:57.100Z] Таблица 'shop_schedules' создана или уже существует.
[2026-08-25T10:38:57.106Z] Таблица 'shop_schedules' создана или уже существует.
[2026-08-25T10:39:03.999Z] Таблица 'shop_schedules' создана или уже существует.
[2026-08-25T10:39:04.003Z] Таблица 'shop_schedules' создана или уже существует.
[2026-08-25T10:39:04.006Z] Таблица 'shop_schedules' создана или уже существует.
[2026-08-25T10:39:04.009Z] Таблица 'shop_schedules' создана или уже существует.
[2026-08-25T10:39:04.012Z] Таблица 'shop_schedules' создана или уже существует.
[2026-08-25T10:39:04.017Z] Таблица 'shop_schedules' создана или уже существует.
[2026-08-25T10:39:07.735Z] [getAveragePlan] shop=20251229-316B-40A1-80F7-C59E5B8E6831 date=25-08-2026: 4 таких же дней недели, средние продажи = 4663, план (+5%) = 5200
[2026-08-25T10:39:07.772Z] [getAveragePlan] shop=20260103-425F-4044-8093-F2008B89A33B date=25-08-2026: 4 таких же дней недели, средние продажи = 8463, план (+5%) = 8886
[2026-08-25T10:39:07.797Z] [getAveragePlan] shop=20260103-7090-403D-8015-DE08E5B1138E date=25-08-2026: 4 таких же дней недели, средние продажи = 4660, план (+5%) = 5200
[2026-08-25T10:39:08.199Z] Таблица 'shop_schedules' создана или уже существует.
[2026-08-25T10:39:22.004Z] Таблица 'shop_schedules' создана или уже существует.
[2026-08-25T10:39:22.007Z] Таблица 'shop_schedules' создана или уже существует.
[2026-08-25T10:39:22.012Z] Таблица 'shop_schedules' создана или уже существует.
[2026-08-25T10:39:22.015Z] Таблица 'shop_schedules' создана или уже существует.
[2026-08-25T10:39:22.025Z] Таблица 'shop_schedules' создана или уже существует.
[2026-08-25T10:39:22.030Z] Таблица 'shop_schedules' создана или уже существует.
[2026-08-25T10:39:36.008Z] Таблица 'shop_schedules' создана или уже существует.
[2026-08-25T10:39:36.010Z] Таблица 'shop_schedules' создана или уже существует.
[2026-08-25T10:39:36.017Z] Таблица 'shop_schedules' создана или уже существует.
[2026-08-25T10:39:36.018Z] Таблица 'shop_schedules' создана или уже существует.
[2026-08-25T10:39:36.023Z] Таблица 'shop_schedules' создана или уже существует.
[2026-08-25T10:39:36.029Z] Таблица 'shop_schedules' создана или уже существует.
[2026-08-25T10:39:42.007Z] Таблица 'shop_schedules' создана или уже существует.
[2026-08-25T10:39:42.009Z] Таблица 'shop_schedules' создана или уже существует.
[2026-08-25T10:39:42.016Z] Таблица 'shop_schedules' создана или уже существует.
[2026-08-25T10:39:42.018Z] Таблица 'shop_schedules' создана или уже существует.
[2026-08-25T10:39:42.025Z] Таблица 'shop_schedules' создана или уже существует.
[2026-08-25T10:39:42.031Z] Таблица 'shop_schedules' создана или уже существует.
[2026-08-25T10:39:47.014Z] Таблица 'shop_schedules' создана или уже существует.
[2026-08-25T10:39:47.016Z] Таблица 'shop_schedules' создана или уже существует.
[2026-08-25T10:39:47.023Z] Таблица 'shop_schedules' создана или уже существует.
[2026-08-25T10:39:47.024Z] Таблица 'shop_schedules' создана или уже существует.
[2026-08-25T10:39:47.030Z] Таблица 'shop_schedules' создана или уже существует.
[2026-08-25T10:39:47.035Z] Таблица 'shop_schedules' создана или уже существует.
[2026-08-25T10:40:00.002Z] [cron] syncEngine — запуск...
[2026-08-25T10:40:00.006Z] [syncEngine] Тенантов активных: 1
[2026-08-25T10:40:00.006Z] Таблица 'index_documents' успешно создана или уже существует
[2026-08-25T10:40:00.007Z] Таблица 'products' успешно создана или уже существует.
[2026-08-25T10:40:00.007Z] Таблица 'shopProduct' успешно создана или уже существует.
[2026-08-25T10:40:00.007Z] Таблица 'shops' успешно создана или уже существует.
[2026-08-25T10:40:00.007Z] Таблица 'employees' успешно создана или уже существует.
[2026-08-25T10:40:01.006Z] Таблица 'shop_schedules' создана или уже существует.
[2026-08-25T10:40:01.010Z] Таблица 'shop_schedules' создана или уже существует.
[2026-08-25T10:40:01.015Z] Таблица 'shop_schedules' создана или уже существует.
[2026-08-25T10:40:01.018Z] Таблица 'shop_schedules' создана или уже существует.
[2026-08-25T10:40:01.024Z] Таблица 'shop_schedules' создана или уже существует.
[2026-08-25T10:40:01.031Z] Таблица 'shop_schedules' создана или уже существует.
[2026-08-25T10:40:02.813Z] [syncTenant:default] Остатки синхронизированы
[2026-08-25T10:40:05.248Z] [syncTenant:default] Остатки синхронизированы
[2026-08-25T10:40:07.604Z] [syncTenant:default] Остатки синхронизированы
[2026-08-25T10:40:10.233Z] Successfully inserted 153 documents (duplicates skipped)
[2026-08-25T10:40:10.234Z] [syncTenant:default] Документы (20251229-316B-40A1-80F7-C59E5B8E6831): 153 шт, last_close_date=2026-08-25T10:38:19.000+0000
[2026-08-25T10:40:12.817Z] Successfully inserted 120 documents (duplicates skipped)
[2026-08-25T10:40:12.818Z] [syncTenant:default] Документы (20260103-425F-4044-8093-F2008B89A33B): 120 шт, last_close_date=2026-08-25T10:26:53.000+0000
[2026-08-25T10:40:15.548Z] Successfully inserted 65 documents (duplicates skipped)
[2026-08-25T10:40:15.549Z] [syncTenant:default] Документы (20260103-7090-403D-8015-DE08E5B1138E): 65 шт, last_close_date=2026-08-25T10:26:20.000+0000
[2026-08-25T10:40:17.551Z] [syncTenant:default] Цикл завершён
[2026-08-25T10:40:17.554Z] [cron] syncEngine — завершено (17552ms)
[2026-08-25T10:43:08.017Z] Таблица 'shop_schedules' создана или уже существует.
[2026-08-25T10:43:08.019Z] Таблица 'shop_schedules' создана или уже существует.
[2026-08-25T10:43:08.027Z] Таблица 'shop_schedules' создана или уже существует.
[2026-08-25T10:43:08.029Z] Таблица 'shop_schedules' создана или уже существует.
[2026-08-25T10:43:08.036Z] Таблица 'shop_schedules' создана или уже существует.
[2026-08-25T10:43:08.045Z] Таблица 'shop_schedules' создана или уже существует.
[2026-08-25T10:43:13.010Z] Таблица 'shop_schedules' создана или уже существует.
[2026-08-25T10:43:13.014Z] Таблица 'shop_schedules' создана или уже существует.
[2026-08-25T10:43:13.019Z] Таблица 'shop_schedules' создана или уже существует.
[2026-08-25T10:43:13.022Z] Таблица 'shop_schedules' создана или уже существует.
[2026-08-25T10:43:13.025Z] Таблица 'shop_schedules' создана или уже существует.
[2026-08-25T10:43:13.031Z] Таблица 'shop_schedules' создана или уже существует.
